route_id,school_id,school_name,bus_id,driver_id,date,year,month,day,day_of_week,is_weekend,season,hour,minute,is_peak_hour,num_stops,total_distance_km,total_students,students_per_stop,avg_distance_per_stop,route_zone,route_complexity_score,road_type,road_quality_score,traffic_conditions,weather,temperature_celsius,driver_experience_years,driver_age,bus_age_years,bus_capacity,bus_maintenance_score,occupancy_rate,school_lat,school_lon,avg_stop_lat,avg_stop_lon,total_time_minutes,avg_speed_kmh,time_per_stop_minutes,time_per_km_minutes
ROUTE_00001,SCH_003,Private School C,BUS_027,DRV_037,2024-04-12,2024,4,12,4,0,spring,7,14,1,15,224.583,50,3.33,14.972,Zone_B,100.0,highway,3.13,light,cloudy,30.4,17,41,0,50,4.93,1.0,3.2,101.65,3.1741,101.6899,335.29,40.19,22.35,1.49
ROUTE_00002,SCH_001,International School A,BUS_027,DRV_022,2024-08-05,2024,8,5,0,0,summer,7,31,1,11,141.817,50,4.55,12.892,Zone_C,100.0,residential,4.24,moderate,clear,34.2,23,26,9,50,4.63,1.0,3.15,101.68,3.1822,101.6754,802.47,10.6,72.95,5.66
ROUTE_00003,SCH_001,International School A,BUS_014,DRV_039,2024-10-25,2024,10,25,4,0,monsoon,7,38,1,17,239.75,50,2.94,14.103,Zone_D,100.0,local_road,3.88,light,fog,31.0,13,63,14,50,2.17,1.0,3.15,101.68,3.1374,101.7054,1497.7,9.6,88.1,6.25
ROUTE_00004,SCH_003,Private School C,BUS_023,DRV_011,2024-03-16,2024,3,16,5,1,spring,6,57,1,16,175.625,50,3.12,10.977,Zone_E,100.0,highway,4.05,moderate,clear,29.2,19,47,14,50,3.2,1.0,3.2,101.65,3.1898,101.7064,331.67,31.77,20.73,1.89
ROUTE_00005,SCH_002,National School B,BUS_006,DRV_042,2024-12-25,2024,12,25,2,0,winter,6,24,1,7,101.358,42,6.0,14.48,Zone_A,100.0,local_road,4.34,moderate,cloudy,26.5,9,61,3,50,3.94,0.84,3.12,101.7,3.2055,101.6812,516.86,11.77,73.84,5.1
ROUTE_00006,SCH_001,International School A,BUS_008,DRV_020,2024-05-29,2024,5,29,2,0,spring,6,5,1,11,194.937,50,4.55,17.722,Zone_B,100.0,highway,4.0,moderate,cloudy,29.4,11,34,5,50,2.68,1.0,3.15,101.68,3.1816,101.7287,389.72,30.01,35.43,2.0
ROUTE_00007,SCH_001,International School A,BUS_008,DRV_017,2024-08-05,2024,8,5,0,0,summer,6,17,1,13,168.775,50,3.85,12.983,Zone_C,100.0,local_road,4.96,moderate,clear,32.8,14,33,1,50,3.9,1.0,3.15,101.68,3.1549,101.6908,741.21,13.66,57.02,4.39
ROUTE_00008,SCH_001,International School A,BUS_029,DRV_048,2024-01-29,2024,1,29,0,0,winter,5,22,0,9,135.409,50,5.56,15.045,Zone_D,100.0,local_road,4.79,free_flow,cloudy,24.4,8,47,1,50,4.24,1.0,3.15,101.68,3.1651,101.7083,399.76,20.32,44.42,2.95
ROUTE_00009,SCH_003,Private School C,BUS_027,DRV_025,2024-04-12,2024,4,12,4,0,spring,5,30,0,12,164.363,50,4.17,13.697,Zone_E,100.0,local_road,4.63,moderate,cloudy,31.5,21,60,5,50,2.57,1.0,3.2,101.65,3.1509,101.719,642.34,15.35,53.53,3.91
ROUTE_00010,SCH_001,International School A,BUS_004,DRV_024,2024-12-28,2024,12,28,5,1,winter,6,38,1,19,249.157,50,2.63,13.114,Zone_A,100.0,main_road,4.6,light,fog,25.3,20,61,11,50,3.11,1.0,3.15,101.68,3.1333,101.7089,819.05,18.25,43.11,3.29
ROUTE_00011,SCH_003,Private School C,BUS_001,DRV_019,2024-02-19,2024,2,19,0,0,winter,7,31,1,13,170.271,50,3.85,13.098,Zone_B,100.0,main_road,4.17,heavy,cloudy,28.4,13,35,7,50,2.89,1.0,3.2,101.65,3.2005,101.7039,798.62,12.79,61.43,4.69
ROUTE_00012,SCH_003,Private School C,BUS_023,DRV_001,2024-11-11,2024,11,11,0,0,monsoon,6,32,1,5,67.448,41,8.2,13.49,Zone_C,100.0,local_road,2.96,congested,cloudy,24.8,12,37,5,50,4.46,0.82,3.2,101.65,3.138,101.7358,624.92,6.48,124.98,9.27
ROUTE_00013,SCH_003,Private School C,BUS_029,DRV_025,2024-09-27,2024,9,27,4,0,monsoon,6,57,1,13,159.805,50,3.85,12.293,Zone_D,100.0,main_road,4.24,moderate,storm,29.8,2,49,5,50,2.94,1.0,3.2,101.65,3.1857,101.6864,1145.16,8.37,88.09,7.17
ROUTE_00014,SCH_001,International School A,BUS_019,DRV_019,2024-01-25,2024,1,25,3,0,winter,6,33,1,12,166.28,50,4.17,13.857,Zone_E,100.0,local_road,3.47,moderate,storm,29.8,7,52,10,50,3.24,1.0,3.15,101.68,3.1694,101.6821,1562.14,6.39,130.18,9.39
ROUTE_00015,SCH_003,Private School C,BUS_005,DRV_006,2024-12-17,2024,12,17,1,0,winter,5,9,0,10,158.796,50,5.0,15.88,Zone_A,100.0,local_road,4.4,light,cloudy,28.7,24,43,9,50,3.1,1.0,3.2,101.65,3.1669,101.6969,504.51,18.89,50.45,3.18
ROUTE_00016,SCH_002,National School B,BUS_018,DRV_012,2024-10-19,2024,10,19,5,1,monsoon,6,53,1,12,137.97,50,4.17,11.498,Zone_B,100.0,local_road,2.98,moderate,cloudy,32.5,9,57,4,50,2.68,1.0,3.12,101.7,3.1435,101.6917,720.54,11.49,60.05,5.22
ROUTE_00017,SCH_001,International School A,BUS_010,DRV_019,2024-10-15,2024,10,15,1,0,monsoon,6,33,1,16,199.108,50,3.12,12.444,Zone_C,100.0,highway,4.35,congested,clear,31.7,14,27,2,50,4.41,1.0,3.15,101.68,3.1723,101.699,746.44,16.0,46.65,3.75
ROUTE_00018,SCH_001,International School A,BUS_024,DRV_035,2024-05-03,2024,5,3,4,0,spring,7,59,1,7,100.239,50,7.14,14.32,Zone_D,100.0,main_road,4.93,moderate,clear,25.8,16,44,0,50,3.55,1.0,3.15,101.68,3.1422,101.6788,283.91,21.18,40.56,2.83
ROUTE_00019,SCH_001,International School A,BUS_010,DRV_023,2024-07-08,2024,7,8,0,0,summer,7,19,1,16,226.772,50,3.12,14.173,Zone_E,100.0,residential,3.69,moderate,clear,30.5,19,27,1,50,2.78,1.0,3.15,101.68,3.1559,101.7178,1103.65,12.33,68.98,4.87
ROUTE_00020,SCH_001,International School A,BUS_013,DRV_038,2024-05-18,2024,5,18,5,1,spring,6,50,1,5,42.953,42,8.4,8.591,Zone_A,100.0,residential,3.6,heavy,light_rain,24.6,3,29,14,50,3.88,0.84,3.15,101.68,3.1639,101.7387,397.15,6.49,79.43,9.25
ROUTE_00021,SCH_001,International School A,BUS_030,DRV_024,2024-01-22,2024,1,22,0,0,winter,6,42,1,7,104.126,50,7.14,14.875,Zone_B,100.0,local_road,2.68,heavy,clear,27.7,15,46,14,50,2.36,1.0,3.15,101.68,3.1492,101.708,777.25,8.04,111.04,7.46
ROUTE_00022,SCH_003,Private School C,BUS_018,DRV_041,2024-12-19,2024,12,19,3,0,winter,7,40,1,16,202.3,50,3.12,12.644,Zone_C,100.0,highway,4.22,heavy,heavy_rain,26.0,11,57,5,50,3.59,1.0,3.2,101.65,3.1836,101.7158,1033.05,11.75,64.57,5.11
ROUTE_00023,SCH_003,Private School C,BUS_025,DRV_011,2024-02-15,2024,2,15,3,0,winter,5,37,0,18,240.167,50,2.78,13.343,Zone_D,100.0,local_road,4.27,free_flow,cloudy,26.7,10,46,0,50,3.8,1.0,3.2,101.65,3.1886,101.7271,718.02,20.07,39.89,2.99
ROUTE_00024,SCH_001,International School A,BUS_022,DRV_033,2024-08-28,2024,8,28,2,0,summer,6,24,1,7,88.249,50,7.14,12.607,Zone_E,100.0,local_road,3.34,heavy,clear,28.7,18,43,4,50,2.22,1.0,3.15,101.68,3.2259,101.7116,533.57,9.92,76.22,6.05
ROUTE_00025,SCH_003,Private School C,BUS_016,DRV_003,2024-03-24,2024,3,24,6,1,spring,6,14,1,11,144.155,50,4.55,13.105,Zone_A,100.0,main_road,3.18,light,clear,28.1,1,35,1,50,3.12,1.0,3.2,101.65,3.1455,101.6918,322.36,26.83,29.31,2.24
ROUTE_00026,SCH_001,International School A,BUS_012,DRV_042,2024-11-14,2024,11,14,3,0,monsoon,6,45,1,7,75.42,50,7.14,10.774,Zone_B,100.0,main_road,3.88,moderate,clear,31.7,23,41,6,50,3.39,1.0,3.15,101.68,3.1921,101.7174,245.24,18.45,35.03,3.25
ROUTE_00027,SCH_003,Private School C,BUS_030,DRV_011,2024-05-20,2024,5,20,0,0,spring,7,51,1,19,213.404,50,2.63,11.232,Zone_C,100.0,main_road,3.93,moderate,clear,32.7,21,35,14,50,2.24,1.0,3.2,101.65,3.1711,101.709,754.15,16.98,39.69,3.53
ROUTE_00028,SCH_003,Private School C,BUS_009,DRV_042,2024-12-21,2024,12,21,5,1,winter,5,14,0,15,204.5,50,3.33,13.633,Zone_D,100.0,main_road,4.69,light,storm,25.2,21,58,5,50,4.18,1.0,3.2,101.65,3.1696,101.7262,763.69,16.07,50.91,3.73
ROUTE_00029,SCH_003,Private School C,BUS_007,DRV_002,2024-04-15,2024,4,15,0,0,spring,6,54,1,11,130.733,50,4.55,11.885,Zone_E,100.0,highway,3.21,moderate,clear,27.0,8,43,11,50,3.79,1.0,3.2,101.65,3.1853,101.7259,274.44,28.58,24.95,2.1
ROUTE_00030,SCH_003,Private School C,BUS_023,DRV_010,2024-04-28,2024,4,28,6,1,spring,6,51,1,8,110.298,50,6.25,13.787,Zone_A,100.0,highway,4.68,moderate,cloudy,27.7,20,32,10,50,4.4,1.0,3.2,101.65,3.1769,101.7,190.69,34.7,23.84,1.73
ROUTE_00031,SCH_002,National School B,BUS_013,DRV_043,2024-02-06,2024,2,6,1,0,winter,5,44,0,10,139.185,50,5.0,13.919,Zone_B,100.0,main_road,4.7,light,clear,26.0,9,63,1,50,4.66,1.0,3.12,101.7,3.1421,101.703,304.99,27.38,30.5,2.19
ROUTE_00032,SCH_001,International School A,BUS_022,DRV_011,2024-10-12,2024,10,12,5,1,monsoon,7,17,1,6,83.852,41,6.83,13.975,Zone_C,100.0,highway,4.15,heavy,clear,26.1,21,45,12,50,2.91,0.82,3.15,101.68,3.2017,101.7121,269.03,18.7,44.84,3.21
ROUTE_00033,SCH_002,National School B,BUS_002,DRV_031,2024-11-27,2024,11,27,2,0,monsoon,5,17,0,10,126.465,50,5.0,12.647,Zone_D,100.0,main_road,3.38,moderate,light_rain,29.7,21,56,10,50,3.23,1.0,3.12,101.7,3.1805,101.6738,478.7,15.85,47.87,3.79
ROUTE_00034,SCH_003,Private School C,BUS_015,DRV_039,2024-01-16,2024,1,16,1,0,winter,6,52,1,19,296.484,50,2.63,15.604,Zone_E,100.0,main_road,3.96,moderate,clear,22.5,19,36,14,50,2.2,1.0,3.2,101.65,3.1911,101.6981,1015.66,17.51,53.46,3.43
ROUTE_00035,SCH_002,National School B,BUS_018,DRV_001,2024-01-11,2024,1,11,3,0,winter,5,42,0,7,67.507,47,6.71,9.644,Zone_A,100.0,main_road,2.91,light,clear,22.5,7,54,8,50,2.3,0.94,3.12,101.7,3.1984,101.7043,163.34,24.8,23.33,2.42
ROUTE_00036,SCH_001,International School A,BUS_014,DRV_021,2024-10-09,2024,10,9,2,0,monsoon,6,56,1,6,67.224,40,6.67,11.204,Zone_B,100.0,highway,3.05,congested,cloudy,28.0,23,40,6,50,3.82,0.8,3.15,101.68,3.1944,101.6777,260.8,15.47,43.47,3.88
ROUTE_00037,SCH_001,International School A,BUS_019,DRV_047,2024-09-21,2024,9,21,5,1,monsoon,5,21,0,9,102.826,50,5.56,11.425,Zone_C,100.0,local_road,4.19,light,cloudy,32.3,13,35,2,50,2.97,1.0,3.15,101.68,3.1515,101.6756,326.44,18.9,36.27,3.17
ROUTE_00038,SCH_003,Private School C,BUS_015,DRV_018,2024-07-11,2024,7,11,3,0,summer,6,54,1,10,143.796,50,5.0,14.38,Zone_D,100.0,local_road,2.7,free_flow,clear,33.2,24,33,3,50,3.95,1.0,3.2,101.65,3.1902,101.6984,443.73,19.44,44.37,3.09
ROUTE_00039,SCH_002,National School B,BUS_029,DRV_034,2024-07-27,2024,7,27,5,1,summer,5,34,0,13,177.865,50,3.85,13.682,Zone_E,100.0,local_road,4.94,free_flow,clear,31.4,18,31,6,50,3.52,1.0,3.12,101.7,3.2086,101.6972,380.68,28.03,29.28,2.14
ROUTE_00040,SCH_002,National School B,BUS_014,DRV_022,2024-03-29,2024,3,29,4,0,spring,6,28,1,8,99.089,37,4.62,12.386,Zone_A,100.0,main_road,4.97,moderate,storm,30.8,1,28,0,50,4.57,0.74,3.12,101.7,3.1752,101.722,517.86,11.48,64.73,5.23
ROUTE_00041,SCH_002,National School B,BUS_005,DRV_033,2024-01-09,2024,1,9,1,0,winter,5,11,0,14,180.809,50,3.57,12.915,Zone_B,100.0,local_road,3.1,free_flow,clear,23.2,17,48,8,50,2.02,1.0,3.12,101.7,3.1375,101.6907,535.48,20.26,38.25,2.96
ROUTE_00042,SCH_001,International School A,BUS_010,DRV_011,2024-07-21,2024,7,21,6,1,summer,6,17,1,11,154.629,50,4.55,14.057,Zone_C,100.0,highway,2.85,moderate,cloudy,35.5,6,32,7,50,4.22,1.0,3.15,101.68,3.1541,101.6845,338.15,27.44,30.74,2.19
ROUTE_00043,SCH_001,International School A,BUS_025,DRV_032,2024-10-20,2024,10,20,6,1,monsoon,6,45,1,6,69.966,43,7.17,11.661,Zone_D,100.0,local_road,3.1,light,light_rain,30.9,10,50,10,50,4.38,0.86,3.15,101.68,3.1458,101.7154,338.12,12.42,56.35,4.83
ROUTE_00044,SCH_002,National School B,BUS_005,DRV_004,2024-10-15,2024,10,15,1,0,monsoon,7,17,1,19,218.814,50,2.63,11.517,Zone_E,100.0,main_road,4.45,moderate,clear,25.5,2,26,6,50,4.96,1.0,3.12,101.7,3.1753,101.6984,769.28,17.07,40.49,3.52
ROUTE_00045,SCH_001,International School A,BUS_014,DRV_004,2024-01-10,2024,1,10,2,0,winter,7,59,1,7,97.365,50,7.14,13.909,Zone_A,100.0,highway,2.82,free_flow,light_rain,22.5,19,48,4,50,3.55,1.0,3.15,101.68,3.162,101.6819,165.29,35.34,23.61,1.7
ROUTE_00046,SCH_001,International School A,BUS_030,DRV_018,2024-04-08,2024,4,8,0,0,spring,5,0,0,19,233.434,50,2.63,12.286,Zone_B,100.0,main_road,4.41,free_flow,light_rain,26.3,6,61,2,50,2.88,1.0,3.15,101.68,3.1483,101.7045,510.52,27.43,26.87,2.19
ROUTE_00047,SCH_002,National School B,BUS_025,DRV_031,2024-10-26,2024,10,26,5,1,monsoon,7,32,1,10,128.855,50,5.0,12.886,Zone_C,100.0,residential,3.49,light,light_rain,25.0,14,57,8,50,2.85,1.0,3.12,101.7,3.1848,101.7053,778.29,9.93,77.83,6.04
ROUTE_00048,SCH_001,International School A,BUS_026,DRV_033,2024-08-02,2024,8,2,4,0,summer,6,41,1,11,139.763,50,4.55,12.706,Zone_D,100.0,main_road,3.35,light,clear,32.7,3,63,14,50,4.66,1.0,3.15,101.68,3.1686,101.7002,456.16,18.38,41.47,3.26
ROUTE_00049,SCH_002,National School B,BUS_022,DRV_006,2024-08-16,2024,8,16,4,0,summer,7,3,1,16,207.221,50,3.12,12.951,Zone_E,100.0,local_road,4.3,heavy,clear,30.2,14,46,5,50,3.46,1.0,3.12,101.7,3.1563,101.7027,1204.53,10.32,75.28,5.81
ROUTE_00050,SCH_002,National School B,BUS_029,DRV_021,2024-04-13,2024,4,13,5,1,spring,5,12,0,9,132.543,50,5.56,14.727,Zone_A,100.0,highway,2.54,light,heavy_rain,30.0,5,45,3,50,3.5,1.0,3.12,101.7,3.1775,101.7001,248.38,32.02,27.6,1.87
ROUTE_00051,SCH_003,Private School C,BUS_011,DRV_012,2024-01-25,2024,1,25,3,0,winter,6,31,1,14,206.017,50,3.57,14.716,Zone_B,100.0,residential,4.51,heavy,cloudy,24.4,15,55,4,50,2.6,1.0,3.2,101.65,3.1777,101.6941,1690.86,7.31,120.78,8.21
ROUTE_00052,SCH_002,National School B,BUS_012,DRV_033,2024-08-01,2024,8,1,3,0,summer,7,22,1,15,186.615,50,3.33,12.441,Zone_C,100.0,highway,3.87,moderate,cloudy,30.6,15,30,14,50,4.48,1.0,3.12,101.7,3.1728,101.6791,437.52,25.59,29.17,2.34
ROUTE_00053,SCH_001,International School A,BUS_018,DRV_031,2024-09-13,2024,9,13,4,0,monsoon,7,32,1,18,242.917,50,2.78,13.495,Zone_D,100.0,highway,3.99,moderate,storm,28.4,22,58,6,50,2.28,1.0,3.15,101.68,3.1892,101.7035,1051.2,13.87,58.4,4.33
ROUTE_00054,SCH_003,Private School C,BUS_026,DRV_001,2024-07-30,2024,7,30,1,0,summer,6,43,1,16,173.835,50,3.12,10.865,Zone_E,100.0,main_road,3.26,moderate,cloudy,35.8,14,60,11,50,2.21,1.0,3.2,101.65,3.2094,101.6943,607.85,17.16,37.99,3.5
ROUTE_00055,SCH_002,National School B,BUS_004,DRV_020,2024-02-08,2024,2,8,3,0,winter,6,35,1,8,102.973,50,6.25,12.872,Zone_A,100.0,highway,3.07,moderate,light_rain,28.4,21,43,11,50,4.71,1.0,3.12,101.7,3.182,101.6945,258.63,23.89,32.33,2.51
ROUTE_00056,SCH_003,Private School C,BUS_016,DRV_012,2024-06-15,2024,6,15,5,1,summer,6,18,1,18,240.079,50,2.78,13.338,Zone_B,100.0,highway,3.84,heavy,clear,37.4,13,41,2,50,3.53,1.0,3.2,101.65,3.1663,101.7239,551.48,26.12,30.64,2.3
ROUTE_00057,SCH_001,International School A,BUS_014,DRV_012,2024-09-30,2024,9,30,0,0,monsoon,7,13,1,6,54.691,42,7.0,9.115,Zone_C,100.0,residential,4.48,light,fog,24.8,20,40,10,50,4.03,0.84,3.15,101.68,3.1551,101.7351,375.13,8.75,62.52,6.86
ROUTE_00058,SCH_002,National School B,BUS_027,DRV_008,2024-04-03,2024,4,3,2,0,spring,6,14,1,11,134.29,50,4.55,12.208,Zone_D,100.0,main_road,3.59,heavy,clear,27.0,2,26,9,50,2.55,1.0,3.12,101.7,3.1467,101.7114,688.41,11.7,62.58,5.13
ROUTE_00059,SCH_001,International School A,BUS_022,DRV_013,2024-12-27,2024,12,27,4,0,winter,7,3,1,19,250.823,50,2.63,13.201,Zone_E,100.0,local_road,3.61,moderate,clear,27.4,22,55,4,50,2.57,1.0,3.15,101.68,3.1693,101.6889,1189.1,12.66,62.58,4.74
ROUTE_00060,SCH_003,Private School C,BUS_011,DRV_021,2024-09-13,2024,9,13,4,0,monsoon,7,32,1,10,116.119,50,5.0,11.612,Zone_A,100.0,main_road,4.14,moderate,clear,30.6,9,37,12,50,2.32,1.0,3.2,101.65,3.2005,101.7294,402.92,17.29,40.29,3.47
ROUTE_00061,SCH_002,National School B,BUS_018,DRV_003,2024-03-12,2024,3,12,1,0,spring,5,41,0,17,234.307,50,2.94,13.783,Zone_B,100.0,main_road,3.76,light,cloudy,27.2,2,57,7,50,4.54,1.0,3.12,101.7,3.1589,101.6901,579.35,24.27,34.08,2.47
ROUTE_00062,SCH_003,Private School C,BUS_011,DRV_002,2024-07-21,2024,7,21,6,1,summer,6,20,1,11,140.851,50,4.55,12.805,Zone_C,100.0,main_road,4.39,heavy,clear,32.8,24,46,12,50,4.44,1.0,3.2,101.65,3.2004,101.7058,590.97,14.3,53.72,4.2
ROUTE_00063,SCH_003,Private School C,BUS_011,DRV_035,2024-09-16,2024,9,16,0,0,monsoon,5,30,0,17,216.616,50,2.94,12.742,Zone_D,100.0,local_road,4.88,light,light_rain,29.0,12,59,12,50,3.31,1.0,3.2,101.65,3.1913,101.7026,948.09,13.71,55.77,4.38
ROUTE_00064,SCH_002,National School B,BUS_028,DRV_026,2024-06-14,2024,6,14,4,0,summer,6,46,1,5,64.004,31,6.2,12.801,Zone_E,100.0,main_road,3.06,moderate,clear,35.5,17,48,2,50,2.31,0.62,3.12,101.7,3.1917,101.7048,187.56,20.47,37.51,2.93
ROUTE_00065,SCH_003,Private School C,BUS_006,DRV_005,2024-04-10,2024,4,10,2,0,spring,6,47,1,5,56.935,25,5.0,11.387,Zone_A,100.0,residential,4.66,heavy,clear,31.4,23,39,0,50,2.37,0.5,3.2,101.65,3.2043,101.7166,363.36,9.4,72.67,6.38
ROUTE_00066,SCH_001,International School A,BUS_017,DRV_007,2024-05-30,2024,5,30,3,0,spring,6,53,1,13,154.309,50,3.85,11.87,Zone_B,100.0,main_road,3.49,congested,clear,24.1,17,40,3,50,3.71,1.0,3.15,101.68,3.1956,101.7227,758.69,12.2,58.36,4.92
ROUTE_00067,SCH_003,Private School C,BUS_018,DRV_017,2024-03-06,2024,3,6,2,0,spring,6,22,1,13,136.885,50,3.85,10.53,Zone_C,100.0,main_road,4.84,moderate,clear,31.9,18,61,13,50,2.69,1.0,3.2,101.65,3.1673,101.7132,504.33,16.29,38.79,3.68
ROUTE_00068,SCH_001,International School A,BUS_024,DRV_050,2024-03-20,2024,3,20,2,0,spring,5,5,0,15,185.234,50,3.33,12.349,Zone_D,100.0,main_road,4.36,light,light_rain,27.9,4,32,10,50,3.01,1.0,3.15,101.68,3.1447,101.6889,540.52,20.56,36.03,2.92
ROUTE_00069,SCH_001,International School A,BUS_004,DRV_008,2024-09-03,2024,9,3,1,0,monsoon,5,32,0,19,232.032,50,2.63,12.212,Zone_E,100.0,main_road,4.48,light,clear,28.4,9,51,4,50,4.04,1.0,3.15,101.68,3.1966,101.695,495.46,28.1,26.08,2.14
ROUTE_00070,SCH_003,Private School C,BUS_023,DRV_038,2024-02-12,2024,2,12,0,0,winter,7,56,1,14,181.828,50,3.57,12.988,Zone_A,100.0,main_road,2.59,moderate,cloudy,26.5,15,47,1,50,4.43,1.0,3.2,101.65,3.191,101.7033,565.84,19.28,40.42,3.11
ROUTE_00071,SCH_001,International School A,BUS_026,DRV_006,2024-11-06,2024,11,6,2,0,monsoon,6,6,1,11,137.063,50,4.55,12.46,Zone_B,100.0,main_road,3.14,moderate,light_rain,27.7,21,40,4,50,2.69,1.0,3.15,101.68,3.1495,101.6775,532.89,15.43,48.44,3.89
ROUTE_00072,SCH_002,National School B,BUS_008,DRV_050,2024-04-25,2024,4,25,3,0,spring,6,44,1,17,209.38,50,2.94,12.316,Zone_C,100.0,residential,3.48,light,clear,30.0,20,64,12,50,4.06,1.0,3.12,101.7,3.163,101.7025,1060.82,11.84,62.4,5.07
ROUTE_00073,SCH_001,International School A,BUS_003,DRV_048,2024-07-06,2024,7,6,5,1,summer,5,45,0,10,142.011,50,5.0,14.201,Zone_D,100.0,local_road,4.96,free_flow,clear,32.2,12,33,5,50,3.19,1.0,3.15,101.68,3.1817,101.7012,324.95,26.22,32.49,2.29
ROUTE_00074,SCH_001,International School A,BUS_009,DRV_026,2024-12-28,2024,12,28,5,1,winter,5,13,0,12,114.421,50,4.17,9.535,Zone_E,100.0,local_road,3.91,free_flow,clear,25.3,17,58,13,50,4.98,1.0,3.15,101.68,3.1947,101.7026,325.92,21.06,27.16,2.85
ROUTE_00075,SCH_001,International School A,BUS_005,DRV_019,2024-03-29,2024,3,29,4,0,spring,7,3,1,8,113.085,50,6.25,14.136,Zone_A,100.0,local_road,3.59,moderate,clear,30.9,11,29,9,50,2.87,1.0,3.15,101.68,3.1784,101.7018,479.64,14.15,59.96,4.24
ROUTE_00076,SCH_002,National School B,BUS_026,DRV_044,2024-12-22,2024,12,22,6,1,winter,7,3,1,8,89.648,50,6.25,11.206,Zone_B,100.0,main_road,4.56,moderate,cloudy,26.1,22,32,0,50,2.57,1.0,3.12,101.7,3.2344,101.7355,262.65,20.48,32.83,2.93
ROUTE_00077,SCH_002,National School B,BUS_024,DRV_040,2024-10-20,2024,10,20,6,1,monsoon,7,23,1,16,231.009,50,3.12,14.438,Zone_C,100.0,local_road,2.77,free_flow,clear,27.9,4,44,14,50,3.05,1.0,3.12,101.7,3.1759,101.7048,965.15,14.36,60.32,4.18
ROUTE_00078,SCH_002,National School B,BUS_002,DRV_040,2024-12-23,2024,12,23,0,0,winter,6,38,1,10,110.194,50,5.0,11.019,Zone_D,100.0,residential,4.51,light,clear,24.8,13,34,7,50,2.67,1.0,3.12,101.7,3.1695,101.6909,529.88,12.48,52.99,4.81
ROUTE_00079,SCH_003,Private School C,BUS_010,DRV_044,2024-10-12,2024,10,12,5,1,monsoon,6,9,1,12,165.379,50,4.17,13.782,Zone_E,100.0,main_road,2.54,heavy,clear,29.7,14,53,1,50,4.34,1.0,3.2,101.65,3.1664,101.7067,649.78,15.27,54.15,3.93
ROUTE_00080,SCH_002,National School B,BUS_008,DRV_037,2024-09-18,2024,9,18,2,0,monsoon,5,35,0,16,196.891,50,3.12,12.306,Zone_A,100.0,main_road,3.9,light,storm,30.6,14,61,6,50,4.73,1.0,3.12,101.7,3.1899,101.714,745.77,15.84,46.61,3.79
ROUTE_00081,SCH_001,International School A,BUS_020,DRV_047,2024-01-18,2024,1,18,3,0,winter,7,37,1,10,129.901,50,5.0,12.99,Zone_B,100.0,main_road,3.33,moderate,cloudy,25.5,19,50,9,50,2.5,1.0,3.15,101.68,3.1671,101.7047,477.55,16.32,47.75,3.68
ROUTE_00082,SCH_002,National School B,BUS_010,DRV_009,2024-07-29,2024,7,29,0,0,summer,6,48,1,15,187.576,50,3.33,12.505,Zone_C,100.0,local_road,3.07,light,clear,31.7,14,57,14,50,4.16,1.0,3.12,101.7,3.1663,101.7102,817.63,13.76,54.51,4.36
ROUTE_00083,SCH_002,National School B,BUS_029,DRV_039,2024-01-23,2024,1,23,1,0,winter,6,12,1,11,147.964,50,4.55,13.451,Zone_D,100.0,main_road,3.3,light,clear,28.3,15,48,4,50,3.52,1.0,3.12,101.7,3.1413,101.6688,399.38,22.23,36.31,2.7
ROUTE_00084,SCH_001,International School A,BUS_015,DRV_022,2024-06-05,2024,6,5,2,0,summer,6,36,1,8,99.276,50,6.25,12.409,Zone_E,100.0,local_road,3.71,congested,light_rain,31.6,6,31,10,50,4.46,1.0,3.15,101.68,3.1696,101.7033,931.78,6.39,116.47,9.39
ROUTE_00085,SCH_003,Private School C,BUS_009,DRV_010,2024-11-12,2024,11,12,1,0,monsoon,7,17,1,7,142.06,50,7.14,20.294,Zone_A,100.0,main_road,3.78,heavy,heavy_rain,31.1,16,46,10,50,4.68,1.0,3.2,101.65,3.1828,101.6969,910.28,9.36,130.04,6.41
ROUTE_00086,SCH_002,National School B,BUS_023,DRV_045,2024-06-20,2024,6,20,3,0,summer,7,4,1,11,128.91,50,4.55,11.719,Zone_B,100.0,main_road,2.84,heavy,clear,33.3,22,64,10,50,4.37,1.0,3.12,101.7,3.1665,101.6895,583.87,13.25,53.08,4.53
ROUTE_00087,SCH_003,Private School C,BUS_015,DRV_024,2024-02-29,2024,2,29,3,0,winter,7,20,1,13,199.444,50,3.85,15.342,Zone_C,100.0,residential,4.83,moderate,clear,22.9,16,44,6,50,3.96,1.0,3.2,101.65,3.1767,101.7221,1201.74,9.96,92.44,6.03
ROUTE_00088,SCH_003,Private School C,BUS_009,DRV_047,2024-04-10,2024,4,10,2,0,spring,6,1,1,8,111.572,50,6.25,13.947,Zone_D,100.0,local_road,4.07,moderate,cloudy,25.0,7,51,5,50,2.41,1.0,3.2,101.65,3.2099,101.7395,585.41,11.44,73.18,5.25
ROUTE_00089,SCH_003,Private School C,BUS_019,DRV_045,2024-08-26,2024,8,26,0,0,summer,6,17,1,18,323.847,50,2.78,17.992,Zone_E,100.0,local_road,4.39,heavy,clear,35.3,2,54,5,50,3.44,1.0,3.2,101.65,3.1796,101.6852,2161.84,8.99,120.1,6.68
ROUTE_00090,SCH_001,International School A,BUS_015,DRV_002,2024-11-08,2024,11,8,4,0,monsoon,7,14,1,13,173.774,50,3.85,13.367,Zone_A,100.0,residential,2.63,heavy,clear,30.4,4,25,8,50,2.28,1.0,3.15,101.68,3.1651,101.6922,1586.97,6.57,122.07,9.13
ROUTE_00091,SCH_003,Private School C,BUS_029,DRV_031,2024-10-21,2024,10,21,0,0,monsoon,5,25,0,16,208.52,50,3.12,13.032,Zone_B,100.0,local_road,3.03,free_flow,light_rain,29.3,11,40,8,50,2.09,1.0,3.2,101.65,3.1603,101.69,723.6,17.29,45.22,3.47
ROUTE_00092,SCH_003,Private School C,BUS_004,DRV_008,2024-05-31,2024,5,31,4,0,spring,7,46,1,18,235.453,50,2.78,13.081,Zone_C,100.0,local_road,2.55,light,cloudy,32.7,23,42,14,50,2.58,1.0,3.2,101.65,3.196,101.6791,1046.99,13.49,58.17,4.45
ROUTE_00093,SCH_001,International School A,BUS_016,DRV_023,2024-06-09,2024,6,9,6,1,summer,6,0,1,9,112.739,50,5.56,12.527,Zone_D,100.0,local_road,3.3,moderate,clear,37.3,13,34,5,50,4.57,1.0,3.15,101.68,3.131,101.6902,471.61,14.34,52.4,4.18
ROUTE_00094,SCH_003,Private School C,BUS_006,DRV_042,2024-09-04,2024,9,4,2,0,monsoon,6,6,1,16,183.444,50,3.12,11.465,Zone_E,100.0,local_road,3.71,moderate,cloudy,32.4,16,35,0,50,2.07,1.0,3.2,101.65,3.1791,101.7016,868.16,12.68,54.26,4.73
ROUTE_00095,SCH_003,Private School C,BUS_017,DRV_048,2024-02-14,2024,2,14,2,0,winter,7,0,1,12,160.74,50,4.17,13.395,Zone_A,100.0,residential,4.54,light,clear,22.3,7,56,3,50,2.11,1.0,3.2,101.65,3.1532,101.7393,758.28,12.72,63.19,4.72
ROUTE_00096,SCH_001,International School A,BUS_013,DRV_041,2024-12-01,2024,12,1,6,1,winter,7,46,1,10,135.172,50,5.0,13.517,Zone_B,100.0,main_road,2.89,heavy,clear,23.1,12,28,3,50,2.0,1.0,3.15,101.68,3.2142,101.6934,551.42,14.71,55.14,4.08
ROUTE_00097,SCH_001,International School A,BUS_006,DRV_029,2024-11-16,2024,11,16,5,1,monsoon,6,33,1,15,215.324,50,3.33,14.355,Zone_C,100.0,local_road,2.94,free_flow,cloudy,29.2,12,35,2,50,4.0,1.0,3.15,101.68,3.16,101.7329,709.99,18.2,47.33,3.3
ROUTE_00098,SCH_002,National School B,BUS_013,DRV_050,2024-06-07,2024,6,7,4,0,summer,7,23,1,5,68.984,29,5.8,13.797,Zone_D,100.0,main_road,3.11,moderate,heavy_rain,35.2,8,33,7,50,2.1,0.58,3.12,101.7,3.1651,101.6903,347.18,11.92,69.44,5.03
ROUTE_00099,SCH_002,National School B,BUS_017,DRV_025,2024-04-28,2024,4,28,6,1,spring,6,23,1,6,82.118,44,7.33,13.686,Zone_E,100.0,local_road,3.63,heavy,clear,28.1,17,32,8,50,2.75,0.88,3.12,101.7,3.1487,101.7227,460.72,10.69,76.79,5.61
ROUTE_00100,SCH_002,National School B,BUS_021,DRV_001,2024-07-12,2024,7,12,4,0,summer,5,17,0,10,119.13,50,5.0,11.913,Zone_A,100.0,highway,2.76,free_flow,fog,34.7,1,63,12,50,2.02,1.0,3.12,101.7,3.1766,101.7022,230.27,31.04,23.03,1.93
ROUTE_00101,SCH_003,Private School C,BUS_024,DRV_008,2024-06-30,2024,6,30,6,1,summer,6,22,1,11,164.176,50,4.55,14.925,Zone_B,100.0,main_road,4.44,moderate,cloudy,28.5,15,58,0,50,3.07,1.0,3.2,101.65,3.1718,101.7136,455.88,21.61,41.44,2.78
ROUTE_00102,SCH_003,Private School C,BUS_005,DRV_026,2024-12-01,2024,12,1,6,1,winter,7,25,1,18,240.339,50,2.78,13.352,Zone_C,100.0,local_road,3.54,moderate,clear,29.9,22,35,8,50,4.36,1.0,3.2,101.65,3.1776,101.6804,1145.21,12.59,63.62,4.76
ROUTE_00103,SCH_003,Private School C,BUS_021,DRV_029,2024-03-27,2024,3,27,2,0,spring,6,2,1,7,109.616,50,7.14,15.659,Zone_D,100.0,highway,3.84,heavy,clear,30.5,24,63,8,50,3.7,1.0,3.2,101.65,3.1796,101.6731,324.6,20.26,46.37,2.96
ROUTE_00104,SCH_001,International School A,BUS_027,DRV_037,2024-11-15,2024,11,15,4,0,monsoon,7,31,1,16,179.631,50,3.12,11.227,Zone_E,100.0,local_road,3.59,moderate,clear,30.3,24,47,7,50,4.69,1.0,3.15,101.68,3.1647,101.6875,843.04,12.78,52.69,4.69
ROUTE_00105,SCH_003,Private School C,BUS_021,DRV_003,2024-02-14,2024,2,14,2,0,winter,6,30,1,8,119.255,50,6.25,14.907,Zone_A,100.0,main_road,4.95,moderate,clear,26.0,15,34,4,50,2.59,1.0,3.2,101.65,3.1437,101.69,361.13,19.81,45.14,3.03
ROUTE_00106,SCH_002,National School B,BUS_004,DRV_015,2024-11-07,2024,11,7,3,0,monsoon,7,25,1,12,164.832,50,4.17,13.736,Zone_B,100.0,local_road,4.95,congested,clear,25.6,21,27,13,50,2.54,1.0,3.12,101.7,3.2022,101.7094,1424.46,6.94,118.7,8.64
ROUTE_00107,SCH_001,International School A,BUS_001,DRV_049,2024-10-01,2024,10,1,1,0,monsoon,7,21,1,19,245.798,50,2.63,12.937,Zone_C,100.0,main_road,4.92,light,light_rain,27.2,20,62,6,50,3.51,1.0,3.15,101.68,3.1672,101.7025,862.94,17.09,45.42,3.51
ROUTE_00108,SCH_001,International School A,BUS_004,DRV_032,2024-01-14,2024,1,14,6,1,winter,7,25,1,15,212.267,50,3.33,14.151,Zone_D,100.0,main_road,4.2,moderate,clear,26.3,17,40,1,50,4.0,1.0,3.15,101.68,3.1787,101.7007,612.89,20.78,40.86,2.89
ROUTE_00109,SCH_001,International School A,BUS_014,DRV_019,2024-11-03,2024,11,3,6,1,monsoon,5,14,0,13,197.266,50,3.85,15.174,Zone_E,100.0,residential,3.93,free_flow,heavy_rain,24.3,18,30,2,50,4.34,1.0,3.15,101.68,3.1769,101.7198,807.29,14.66,62.1,4.09
ROUTE_00110,SCH_002,National School B,BUS_021,DRV_010,2024-11-24,2024,11,24,6,1,monsoon,7,36,1,6,88.683,50,8.33,14.781,Zone_A,100.0,local_road,3.5,light,heavy_rain,24.8,20,49,13,50,3.8,1.0,3.12,101.7,3.1676,101.6727,467.53,11.38,77.92,5.27
ROUTE_00111,SCH_002,National School B,BUS_011,DRV_048,2024-09-19,2024,9,19,3,0,monsoon,6,19,1,10,165.625,50,5.0,16.563,Zone_B,100.0,local_road,3.98,congested,cloudy,27.5,23,51,6,50,2.75,1.0,3.12,101.7,3.1892,101.6674,1458.29,6.81,145.83,8.8
ROUTE_00112,SCH_002,National School B,BUS_019,DRV_031,2024-11-24,2024,11,24,6,1,monsoon,7,7,1,9,114.279,50,5.56,12.698,Zone_C,100.0,highway,3.19,light,clear,25.7,18,25,9,50,3.39,1.0,3.12,101.7,3.1559,101.7331,201.26,34.07,22.36,1.76
ROUTE_00113,SCH_001,International School A,BUS_019,DRV_034,2024-05-24,2024,5,24,4,0,spring,6,41,1,10,136.034,50,5.0,13.603,Zone_D,100.0,main_road,4.0,light,clear,26.5,4,51,10,50,4.26,1.0,3.15,101.68,3.1664,101.6848,397.01,20.56,39.7,2.92
ROUTE_00114,SCH_001,International School A,BUS_029,DRV_045,2024-09-17,2024,9,17,1,0,monsoon,5,58,0,16,167.695,50,3.12,10.481,Zone_E,100.0,highway,4.88,light,heavy_rain,32.8,15,25,5,50,3.01,1.0,3.15,101.68,3.1598,101.6796,356.45,28.23,22.28,2.13
ROUTE_00115,SCH_003,Private School C,BUS_015,DRV_009,2024-03-11,2024,3,11,0,0,spring,7,25,1,18,168.525,50,2.78,9.363,Zone_A,100.0,highway,2.82,heavy,heavy_rain,31.0,12,50,12,50,3.56,1.0,3.2,101.65,3.1647,101.686,713.45,14.17,39.64,4.23
ROUTE_00116,SCH_003,Private School C,BUS_002,DRV_022,2024-10-12,2024,10,12,5,1,monsoon,6,38,1,11,150.717,50,4.55,13.702,Zone_B,100.0,main_road,3.83,heavy,heavy_rain,24.4,18,40,14,50,3.49,1.0,3.2,101.65,3.172,101.6805,972.32,9.3,88.39,6.45
ROUTE_00117,SCH_002,National School B,BUS_006,DRV_049,2024-07-20,2024,7,20,5,1,summer,7,30,1,16,227.128,50,3.12,14.195,Zone_C,100.0,residential,4.56,congested,clear,29.4,21,25,10,50,4.91,1.0,3.12,101.7,3.1964,101.7211,1999.06,6.82,124.94,8.8
ROUTE_00118,SCH_001,International School A,BUS_011,DRV_042,2024-11-14,2024,11,14,3,0,monsoon,7,33,1,13,218.278,50,3.85,16.791,Zone_D,100.0,main_road,3.55,heavy,cloudy,32.8,6,28,12,50,4.79,1.0,3.15,101.68,3.1817,101.6817,1154.81,11.34,88.83,5.29
ROUTE_00119,SCH_003,Private School C,BUS_016,DRV_029,2024-11-16,2024,11,16,5,1,monsoon,6,29,1,12,122.0,50,4.17,10.167,Zone_E,100.0,highway,4.83,heavy,clear,27.1,16,58,8,50,4.75,1.0,3.2,101.65,3.1803,101.7199,336.25,21.77,28.02,2.76
ROUTE_00120,SCH_002,National School B,BUS_024,DRV_036,2024-04-03,2024,4,3,2,0,spring,6,33,1,9,134.916,50,5.56,14.991,Zone_A,100.0,local_road,3.34,free_flow,clear,26.5,20,50,7,50,4.08,1.0,3.12,101.7,3.174,101.6995,389.27,20.8,43.25,2.89
ROUTE_00121,SCH_002,National School B,BUS_022,DRV_030,2024-06-25,2024,6,25,1,0,summer,6,52,1,11,121.341,50,4.55,11.031,Zone_B,100.0,highway,3.12,moderate,clear,30.5,16,35,12,50,3.51,1.0,3.12,101.7,3.1995,101.7059,265.08,27.47,24.1,2.18
ROUTE_00122,SCH_003,Private School C,BUS_024,DRV_047,2024-12-21,2024,12,21,5,1,winter,7,18,1,16,181.689,50,3.12,11.356,Zone_C,100.0,residential,3.03,moderate,clear,25.6,8,42,6,50,3.92,1.0,3.2,101.65,3.1956,101.7107,1091.9,9.98,68.24,6.01
ROUTE_00123,SCH_002,National School B,BUS_013,DRV_035,2024-05-12,2024,5,12,6,1,spring,6,21,1,15,208.092,50,3.33,13.873,Zone_D,100.0,highway,4.52,congested,clear,25.4,6,47,0,50,3.83,1.0,3.12,101.7,3.1656,101.6891,646.31,19.32,43.09,3.11
ROUTE_00124,SCH_001,International School A,BUS_010,DRV_002,2024-10-08,2024,10,8,1,0,monsoon,6,46,1,9,88.933,50,5.56,9.881,Zone_E,100.0,local_road,4.58,moderate,light_rain,26.0,15,25,5,50,4.01,1.0,3.15,101.68,3.1589,101.6889,482.8,11.05,53.64,5.43
ROUTE_00125,SCH_002,National School B,BUS_021,DRV_007,2024-12-17,2024,12,17,1,0,winter,7,37,1,5,45.15,39,7.8,9.03,Zone_A,100.0,main_road,4.64,light,cloudy,24.8,1,34,14,50,2.92,0.78,3.12,101.7,3.1682,101.7329,145.89,18.57,29.18,3.23
ROUTE_00126,SCH_001,International School A,BUS_014,DRV_008,2024-02-11,2024,2,11,6,1,winter,6,17,1,10,172.198,50,5.0,17.22,Zone_B,100.0,highway,3.44,moderate,cloudy,22.1,3,42,2,50,4.37,1.0,3.15,101.68,3.1889,101.7045,374.82,27.57,37.48,2.18
ROUTE_00127,SCH_001,International School A,BUS_001,DRV_018,2024-10-01,2024,10,1,1,0,monsoon,7,5,1,19,219.89,50,2.63,11.573,Zone_C,100.0,local_road,4.24,free_flow,fog,28.1,3,48,5,50,2.13,1.0,3.15,101.68,3.1941,101.7025,1285.59,10.26,67.66,5.85
ROUTE_00128,SCH_003,Private School C,BUS_018,DRV_014,2024-08-03,2024,8,3,5,1,summer,7,16,1,6,92.002,44,7.33,15.334,Zone_D,100.0,residential,3.37,light,clear,33.6,16,53,1,50,2.76,0.88,3.2,101.65,3.2004,101.7015,356.13,15.5,59.35,3.87
ROUTE_00129,SCH_003,Private School C,BUS_013,DRV_028,2024-05-16,2024,5,16,3,0,spring,6,55,1,14,184.576,50,3.57,13.184,Zone_E,100.0,residential,3.65,free_flow,clear,29.3,3,30,6,50,3.73,1.0,3.2,101.65,3.1988,101.7101,739.65,14.97,52.83,4.01
ROUTE_00130,SCH_003,Private School C,BUS_001,DRV_001,2024-03-03,2024,3,3,6,1,spring,6,44,1,13,174.364,50,3.85,13.413,Zone_A,100.0,local_road,4.41,heavy,cloudy,29.6,8,25,2,50,2.07,1.0,3.2,101.65,3.1452,101.6896,968.56,10.8,74.5,5.55
ROUTE_00131,SCH_002,National School B,BUS_028,DRV_046,2024-02-01,2024,2,1,3,0,winter,5,41,0,14,169.379,50,3.57,12.098,Zone_B,100.0,residential,4.99,free_flow,heavy_rain,24.3,9,45,8,50,2.73,1.0,3.12,101.7,3.1474,101.7125,878.27,11.57,62.73,5.19
ROUTE_00132,SCH_003,Private School C,BUS_009,DRV_046,2024-02-21,2024,2,21,2,0,winter,6,40,1,11,128.761,50,4.55,11.706,Zone_C,100.0,main_road,4.96,moderate,cloudy,25.6,21,46,1,50,2.88,1.0,3.2,101.65,3.1918,101.7315,459.51,16.81,41.77,3.57
ROUTE_00133,SCH_003,Private School C,BUS_001,DRV_036,2024-03-08,2024,3,8,4,0,spring,6,15,1,9,117.184,50,5.56,13.02,Zone_D,100.0,local_road,4.87,moderate,clear,24.7,9,27,10,50,3.61,1.0,3.2,101.65,3.1637,101.6963,565.95,12.42,62.88,4.83
ROUTE_00134,SCH_002,National School B,BUS_007,DRV_039,2024-09-21,2024,9,21,5,1,monsoon,6,12,1,12,142.904,50,4.17,11.909,Zone_E,100.0,local_road,4.62,moderate,cloudy,28.7,10,61,4,50,4.18,1.0,3.12,101.7,3.1671,101.6997,679.82,12.61,56.65,4.76
ROUTE_00135,SCH_003,Private School C,BUS_015,DRV_016,2024-07-19,2024,7,19,4,0,summer,5,59,0,10,155.669,50,5.0,15.567,Zone_A,100.0,local_road,3.99,moderate,clear,29.8,17,55,12,50,3.5,1.0,3.2,101.65,3.1467,101.6988,567.11,16.47,56.71,3.64
ROUTE_00136,SCH_002,National School B,BUS_010,DRV_044,2024-02-12,2024,2,12,0,0,winter,6,34,1,19,238.047,50,2.63,12.529,Zone_B,100.0,local_road,4.18,free_flow,light_rain,29.3,16,29,11,50,3.13,1.0,3.12,101.7,3.1825,101.7047,974.45,14.66,51.29,4.09
ROUTE_00137,SCH_002,National School B,BUS_017,DRV_027,2024-01-16,2024,1,16,1,0,winter,5,7,0,18,239.86,50,2.78,13.326,Zone_C,100.0,local_road,4.18,free_flow,cloudy,29.0,22,46,12,50,3.41,1.0,3.12,101.7,3.1941,101.7175,809.01,17.79,44.94,3.37
ROUTE_00138,SCH_001,International School A,BUS_018,DRV_020,2024-01-05,2024,1,5,4,0,winter,6,9,1,12,153.166,50,4.17,12.764,Zone_D,100.0,local_road,4.04,heavy,clear,26.4,10,43,13,50,3.88,1.0,3.15,101.68,3.1814,101.6773,1168.67,7.86,97.39,7.63
ROUTE_00139,SCH_001,International School A,BUS_008,DRV_027,2024-06-11,2024,6,11,1,0,summer,7,6,1,11,127.509,50,4.55,11.592,Zone_E,100.0,main_road,3.48,heavy,clear,33.0,20,31,7,50,3.64,1.0,3.15,101.68,3.1611,101.6791,509.63,15.01,46.33,4.0
ROUTE_00140,SCH_003,Private School C,BUS_012,DRV_032,2024-11-03,2024,11,3,6,1,monsoon,6,30,1,9,102.048,50,5.56,11.339,Zone_A,100.0,local_road,3.38,heavy,light_rain,28.3,17,43,8,50,3.75,1.0,3.2,101.65,3.1892,101.6838,705.8,8.68,78.42,6.92
ROUTE_00141,SCH_002,National School B,BUS_011,DRV_033,2024-11-11,2024,11,11,0,0,monsoon,5,47,0,10,106.721,50,5.0,10.672,Zone_B,100.0,highway,2.51,free_flow,cloudy,31.3,18,47,2,50,4.8,1.0,3.12,101.7,3.1664,101.6822,147.76,43.33,14.78,1.38
ROUTE_00142,SCH_001,International School A,BUS_003,DRV_018,2024-11-29,2024,11,29,4,0,monsoon,6,14,1,16,173.789,50,3.12,10.862,Zone_C,100.0,main_road,3.93,congested,clear,27.6,10,59,7,50,2.29,1.0,3.15,101.68,3.1419,101.7266,1241.91,8.4,77.62,7.15
ROUTE_00143,SCH_001,International School A,BUS_014,DRV_042,2024-06-29,2024,6,29,5,1,summer,6,56,1,15,219.842,50,3.33,14.656,Zone_D,100.0,main_road,4.03,moderate,cloudy,37.7,2,30,1,50,4.87,1.0,3.15,101.68,3.174,101.7011,681.94,19.34,45.46,3.1
ROUTE_00144,SCH_001,International School A,BUS_026,DRV_047,2024-03-02,2024,3,2,5,1,spring,7,31,1,5,63.234,33,6.6,12.647,Zone_E,100.0,residential,3.88,heavy,clear,28.9,23,56,2,50,4.99,0.66,3.15,101.68,3.1268,101.7103,399.32,9.5,79.86,6.31
ROUTE_00145,SCH_001,International School A,BUS_024,DRV_041,2024-06-28,2024,6,28,4,0,summer,7,28,1,17,186.338,50,2.94,10.961,Zone_A,100.0,local_road,4.83,moderate,fog,31.6,10,38,13,50,3.89,1.0,3.15,101.68,3.1524,101.7125,1128.07,9.91,66.36,6.05
ROUTE_00146,SCH_003,Private School C,BUS_013,DRV_020,2024-10-07,2024,10,7,0,0,monsoon,6,1,1,15,190.852,50,3.33,12.723,Zone_B,100.0,local_road,4.53,heavy,light_rain,28.0,13,60,3,50,3.77,1.0,3.2,101.65,3.2224,101.7129,1525.66,7.51,101.71,7.99
ROUTE_00147,SCH_001,International School A,BUS_005,DRV_012,2024-02-05,2024,2,5,0,0,winter,6,21,1,16,201.138,50,3.12,12.571,Zone_C,100.0,main_road,4.84,heavy,clear,30.0,6,59,13,50,4.34,1.0,3.15,101.68,3.1509,101.7147,1139.03,10.6,71.19,5.66
ROUTE_00148,SCH_003,Private School C,BUS_005,DRV_038,2024-08-13,2024,8,13,1,0,summer,5,56,0,13,140.073,50,3.85,10.775,Zone_D,100.0,highway,3.32,light,clear,32.5,6,28,6,50,2.19,1.0,3.2,101.65,3.1888,101.7296,220.39,38.14,16.95,1.57
ROUTE_00149,SCH_002,National School B,BUS_024,DRV_047,2024-07-18,2024,7,18,3,0,summer,6,10,1,6,66.28,50,8.33,11.047,Zone_E,100.0,main_road,3.65,congested,clear,37.0,21,57,2,50,4.02,1.0,3.12,101.7,3.1567,101.6873,335.26,11.86,55.88,5.06
ROUTE_00150,SCH_003,Private School C,BUS_030,DRV_035,2024-11-27,2024,11,27,2,0,monsoon,7,58,1,12,176.159,50,4.17,14.68,Zone_A,100.0,local_road,4.61,light,light_rain,30.6,15,45,2,50,4.52,1.0,3.2,101.65,3.1591,101.712,696.67,15.17,58.06,3.95
ROUTE_00151,SCH_001,International School A,BUS_018,DRV_008,2024-06-15,2024,6,15,5,1,summer,5,29,0,14,175.205,50,3.57,12.515,Zone_B,100.0,local_road,4.44,light,fog,29.1,18,42,12,50,4.62,1.0,3.15,101.68,3.202,101.6988,624.36,16.84,44.6,3.56
ROUTE_00152,SCH_002,National School B,BUS_015,DRV_009,2024-10-29,2024,10,29,1,0,monsoon,5,54,0,14,157.085,50,3.57,11.22,Zone_C,100.0,main_road,2.72,free_flow,fog,29.2,14,62,12,50,3.06,1.0,3.12,101.7,3.1753,101.6905,504.51,18.68,36.04,3.21
ROUTE_00153,SCH_002,National School B,BUS_015,DRV_044,2024-06-26,2024,6,26,2,0,summer,5,40,0,17,275.743,50,2.94,16.22,Zone_D,100.0,residential,4.18,free_flow,clear,37.2,22,55,6,50,3.52,1.0,3.12,101.7,3.1858,101.7147,860.48,19.23,50.62,3.12
ROUTE_00154,SCH_003,Private School C,BUS_009,DRV_009,2024-03-20,2024,3,20,2,0,spring,6,14,1,19,271.084,50,2.63,14.268,Zone_E,100.0,main_road,2.87,moderate,light_rain,24.3,3,54,3,50,3.66,1.0,3.2,101.65,3.192,101.6894,1075.35,15.13,56.6,3.97
ROUTE_00155,SCH_002,National School B,BUS_017,DRV_031,2024-03-11,2024,3,11,0,0,spring,7,19,1,5,52.553,46,9.2,10.511,Zone_A,100.0,main_road,2.57,light,heavy_rain,24.1,9,37,7,50,2.83,0.92,3.12,101.7,3.1851,101.6846,192.45,16.38,38.49,3.66
ROUTE_00156,SCH_003,Private School C,BUS_006,DRV_043,2024-12-24,2024,12,24,1,0,winter,7,16,1,12,147.961,50,4.17,12.33,Zone_B,100.0,local_road,3.47,light,clear,28.4,2,33,6,50,4.02,1.0,3.2,101.65,3.1477,101.7028,646.47,13.73,53.87,4.37
ROUTE_00157,SCH_002,National School B,BUS_028,DRV_026,2024-03-27,2024,3,27,2,0,spring,5,52,0,17,232.16,50,2.94,13.656,Zone_C,100.0,main_road,4.52,free_flow,clear,25.7,16,55,6,50,3.91,1.0,3.12,101.7,3.1658,101.6925,421.06,33.08,24.77,1.81
ROUTE_00158,SCH_003,Private School C,BUS_009,DRV_017,2024-04-16,2024,4,16,1,0,spring,6,57,1,18,231.253,50,2.78,12.847,Zone_D,100.0,local_road,2.97,light,clear,30.7,11,54,4,50,4.31,1.0,3.2,101.65,3.195,101.6867,834.74,16.62,46.37,3.61
ROUTE_00159,SCH_001,International School A,BUS_004,DRV_011,2024-04-09,2024,4,9,1,0,spring,7,23,1,12,180.745,50,4.17,15.062,Zone_E,100.0,main_road,2.71,moderate,clear,28.6,2,28,3,50,3.88,1.0,3.15,101.68,3.1678,101.7195,584.1,18.57,48.67,3.23
ROUTE_00160,SCH_003,Private School C,BUS_010,DRV_028,2024-03-20,2024,3,20,2,0,spring,7,26,1,9,110.093,50,5.56,12.233,Zone_A,100.0,main_road,3.3,moderate,cloudy,28.8,9,32,8,50,2.7,1.0,3.2,101.65,3.1842,101.697,350.63,18.84,38.96,3.18
ROUTE_00161,SCH_003,Private School C,BUS_019,DRV_040,2024-05-31,2024,5,31,4,0,spring,6,40,1,13,212.796,50,3.85,16.369,Zone_B,100.0,main_road,3.65,heavy,clear,26.7,6,54,12,50,4.35,1.0,3.2,101.65,3.1621,101.7091,944.21,13.52,72.63,4.44
ROUTE_00162,SCH_001,International School A,BUS_006,DRV_031,2024-02-26,2024,2,26,0,0,winter,6,30,1,14,188.078,50,3.57,13.434,Zone_C,100.0,main_road,4.87,moderate,clear,28.3,1,35,6,50,3.25,1.0,3.15,101.68,3.1688,101.6812,765.25,14.75,54.66,4.07
ROUTE_00163,SCH_003,Private School C,BUS_015,DRV_029,2024-01-19,2024,1,19,4,0,winter,5,58,0,8,99.527,50,6.25,12.441,Zone_D,100.0,main_road,2.79,light,light_rain,27.0,5,41,7,50,4.35,1.0,3.2,101.65,3.1987,101.7091,310.88,19.21,38.86,3.12
ROUTE_00164,SCH_003,Private School C,BUS_029,DRV_030,2024-02-11,2024,2,11,6,1,winter,6,21,1,13,134.802,50,3.85,10.369,Zone_E,100.0,local_road,4.55,light,fog,29.9,4,38,10,50,3.75,1.0,3.2,101.65,3.2034,101.6961,720.44,11.23,55.42,5.34
ROUTE_00165,SCH_002,National School B,BUS_027,DRV_009,2024-06-10,2024,6,10,0,0,summer,5,10,0,5,52.634,31,6.2,10.527,Zone_A,100.0,main_road,3.65,heavy,clear,34.9,15,56,7,50,2.47,0.62,3.12,101.7,3.1986,101.6917,188.53,16.75,37.71,3.58
ROUTE_00166,SCH_003,Private School C,BUS_028,DRV_013,2024-03-23,2024,3,23,5,1,spring,6,41,1,13,170.398,50,3.85,13.108,Zone_B,100.0,highway,4.68,heavy,clear,32.9,7,34,3,50,4.81,1.0,3.2,101.65,3.1852,101.7034,401.2,25.48,30.86,2.35
ROUTE_00167,SCH_002,National School B,BUS_025,DRV_050,2024-09-18,2024,9,18,2,0,monsoon,6,12,1,19,224.42,50,2.63,11.812,Zone_C,100.0,highway,2.62,moderate,light_rain,29.3,3,26,5,50,4.51,1.0,3.12,101.7,3.1868,101.7049,722.75,18.63,38.04,3.22
ROUTE_00168,SCH_001,International School A,BUS_005,DRV_007,2024-02-04,2024,2,4,6,1,winter,6,54,1,9,99.922,50,5.56,11.102,Zone_D,100.0,highway,4.73,heavy,clear,24.9,11,40,14,50,4.04,1.0,3.15,101.68,3.2144,101.6591,291.3,20.58,32.37,2.92
ROUTE_00169,SCH_002,National School B,BUS_030,DRV_017,2024-08-07,2024,8,7,2,0,summer,6,56,1,9,141.314,50,5.56,15.702,Zone_E,100.0,main_road,4.04,light,clear,36.0,18,31,2,50,3.46,1.0,3.12,101.7,3.1836,101.7101,304.69,27.83,33.85,2.16
ROUTE_00170,SCH_002,National School B,BUS_021,DRV_043,2024-11-14,2024,11,14,3,0,monsoon,5,0,0,7,92.354,49,7.0,13.193,Zone_A,100.0,residential,4.39,light,clear,24.2,1,62,1,50,3.4,0.98,3.12,101.7,3.1678,101.6932,387.48,14.3,55.35,4.2
ROUTE_00171,SCH_001,International School A,BUS_004,DRV_030,2024-05-02,2024,5,2,3,0,spring,5,54,0,14,165.451,50,3.57,11.818,Zone_B,100.0,highway,3.83,free_flow,cloudy,29.0,21,57,13,50,4.49,1.0,3.15,101.68,3.2124,101.69,213.13,46.58,15.22,1.29
ROUTE_00172,SCH_002,National School B,BUS_029,DRV_010,2024-06-20,2024,6,20,3,0,summer,6,20,1,5,58.823,33,6.6,11.765,Zone_C,100.0,local_road,3.27,moderate,light_rain,37.8,1,44,12,50,4.85,0.66,3.12,101.7,3.1387,101.6936,403.79,8.74,80.76,6.86
ROUTE_00173,SCH_001,International School A,BUS_006,DRV_018,2024-06-20,2024,6,20,3,0,summer,7,44,1,18,222.498,50,2.78,12.361,Zone_D,100.0,residential,4.88,heavy,clear,36.7,5,64,11,50,4.45,1.0,3.15,101.68,3.1508,101.7392,2077.38,6.43,115.41,9.34
ROUTE_00174,SCH_003,Private School C,BUS_012,DRV_041,2024-09-15,2024,9,15,6,1,monsoon,7,55,1,13,148.06,50,3.85,11.389,Zone_E,100.0,local_road,3.65,heavy,light_rain,32.9,5,32,3,50,4.12,1.0,3.2,101.65,3.1933,101.6846,1157.08,7.68,89.01,7.81
ROUTE_00175,SCH_003,Private School C,BUS_026,DRV_023,2024-12-20,2024,12,20,4,0,winter,6,21,1,5,43.892,31,6.2,8.778,Zone_A,100.0,local_road,4.96,moderate,clear,22.2,24,61,3,50,2.69,0.62,3.2,101.65,3.1613,101.6549,209.51,12.57,41.9,4.77
ROUTE_00176,SCH_002,National School B,BUS_007,DRV_048,2024-11-19,2024,11,19,1,0,monsoon,7,41,1,10,146.248,50,5.0,14.625,Zone_B,100.0,main_road,4.89,moderate,clear,28.6,10,47,8,50,3.07,1.0,3.12,101.7,3.1652,101.7119,504.33,17.4,50.43,3.45
ROUTE_00177,SCH_003,Private School C,BUS_019,DRV_020,2024-12-27,2024,12,27,4,0,winter,7,59,1,11,143.422,50,4.55,13.038,Zone_C,100.0,main_road,3.67,moderate,light_rain,22.7,2,45,11,50,3.93,1.0,3.2,101.65,3.1553,101.7,729.98,11.79,66.36,5.09
ROUTE_00178,SCH_001,International School A,BUS_022,DRV_020,2024-04-28,2024,4,28,6,1,spring,7,36,1,8,106.044,50,6.25,13.256,Zone_D,100.0,main_road,4.66,moderate,cloudy,29.5,4,44,12,50,3.16,1.0,3.15,101.68,3.1809,101.6987,370.79,17.16,46.35,3.5
ROUTE_00179,SCH_003,Private School C,BUS_005,DRV_034,2024-10-12,2024,10,12,5,1,monsoon,5,55,0,12,184.473,50,4.17,15.373,Zone_E,100.0,local_road,4.7,moderate,clear,30.7,11,50,12,50,2.75,1.0,3.2,101.65,3.2222,101.7076,690.22,16.04,57.52,3.74
ROUTE_00180,SCH_001,International School A,BUS_014,DRV_005,2024-02-16,2024,2,16,4,0,winter,6,54,1,18,218.51,50,2.78,12.139,Zone_A,100.0,highway,3.01,moderate,light_rain,29.3,21,55,4,50,3.95,1.0,3.15,101.68,3.1861,101.7059,533.31,24.58,29.63,2.44
ROUTE_00181,SCH_003,Private School C,BUS_002,DRV_028,2024-11-04,2024,11,4,0,0,monsoon,6,5,1,11,100.379,50,4.55,9.125,Zone_B,100.0,local_road,3.39,moderate,heavy_rain,26.1,11,63,2,50,2.32,1.0,3.2,101.65,3.1762,101.7146,764.41,7.88,69.49,7.62
ROUTE_00182,SCH_002,National School B,BUS_008,DRV_037,2024-12-18,2024,12,18,2,0,winter,6,19,1,18,231.458,50,2.78,12.859,Zone_C,100.0,main_road,3.3,light,clear,27.4,6,54,14,50,3.15,1.0,3.12,101.7,3.2158,101.7171,758.66,18.31,42.15,3.28
ROUTE_00183,SCH_003,Private School C,BUS_017,DRV_025,2024-11-08,2024,11,8,4,0,monsoon,7,15,1,11,192.472,50,4.55,17.497,Zone_D,100.0,local_road,2.58,moderate,light_rain,24.2,1,41,0,50,2.3,1.0,3.2,101.65,3.1815,101.6899,1300.76,8.88,118.25,6.76
ROUTE_00184,SCH_003,Private School C,BUS_008,DRV_010,2024-01-16,2024,1,16,1,0,winter,5,13,0,10,120.438,50,5.0,12.044,Zone_E,100.0,local_road,3.78,free_flow,light_rain,23.5,12,46,4,50,3.26,1.0,3.2,101.65,3.1397,101.6719,390.1,18.52,39.01,3.24
ROUTE_00185,SCH_003,Private School C,BUS_003,DRV_048,2024-11-11,2024,11,11,0,0,monsoon,6,1,1,19,221.923,50,2.63,11.68,Zone_A,100.0,local_road,3.64,moderate,light_rain,26.3,15,47,3,50,2.29,1.0,3.2,101.65,3.1624,101.6972,1223.07,10.89,64.37,5.51
ROUTE_00186,SCH_001,International School A,BUS_011,DRV_046,2024-10-23,2024,10,23,2,0,monsoon,6,50,1,11,121.42,50,4.55,11.038,Zone_B,100.0,highway,2.5,light,light_rain,31.4,19,35,11,50,3.76,1.0,3.15,101.68,3.1598,101.7005,262.77,27.72,23.89,2.16
ROUTE_00187,SCH_001,International School A,BUS_006,DRV_049,2024-09-01,2024,9,1,6,1,monsoon,7,16,1,17,279.067,50,2.94,16.416,Zone_C,100.0,local_road,2.8,moderate,cloudy,28.6,10,51,9,50,3.18,1.0,3.15,101.68,3.1902,101.7064,1566.26,10.69,92.13,5.61
ROUTE_00188,SCH_002,National School B,BUS_022,DRV_050,2024-02-09,2024,2,9,4,0,winter,7,9,1,14,188.358,50,3.57,13.454,Zone_D,100.0,main_road,4.1,moderate,cloudy,28.4,22,32,8,50,4.85,1.0,3.12,101.7,3.1936,101.725,654.44,17.27,46.75,3.47
ROUTE_00189,SCH_001,International School A,BUS_030,DRV_015,2024-12-22,2024,12,22,6,1,winter,6,59,1,6,82.802,47,7.83,13.8,Zone_E,100.0,local_road,3.17,free_flow,clear,23.5,19,40,6,50,4.21,0.94,3.15,101.68,3.1441,101.6807,245.07,20.27,40.85,2.96
ROUTE_00190,SCH_003,Private School C,BUS_005,DRV_050,2024-06-02,2024,6,2,6,1,summer,7,21,1,18,235.562,50,2.78,13.087,Zone_A,100.0,local_road,2.91,moderate,clear,35.2,21,53,2,50,4.32,1.0,3.2,101.65,3.1745,101.7009,859.89,16.44,47.77,3.65
ROUTE_00191,SCH_003,Private School C,BUS_012,DRV_012,2024-07-18,2024,7,18,3,0,summer,6,1,1,8,89.635,50,6.25,11.204,Zone_B,100.0,local_road,4.04,heavy,clear,36.7,5,64,11,50,3.8,1.0,3.2,101.65,3.1507,101.7133,689.77,7.8,86.22,7.7
ROUTE_00192,SCH_001,International School A,BUS_022,DRV_032,2024-12-12,2024,12,12,3,0,winter,6,58,1,5,52.415,32,6.4,10.483,Zone_C,100.0,main_road,3.19,heavy,fog,24.8,21,27,2,50,3.66,0.64,3.15,101.68,3.2261,101.6623,339.35,9.27,67.87,6.47
ROUTE_00193,SCH_003,Private School C,BUS_006,DRV_003,2024-08-21,2024,8,21,2,0,summer,7,39,1,6,39.468,48,8.0,6.578,Zone_D,100.0,local_road,3.3,light,light_rain,28.9,4,54,0,50,3.18,0.96,3.2,101.65,3.191,101.7207,195.64,12.1,32.61,4.96
ROUTE_00194,SCH_002,National School B,BUS_015,DRV_022,2024-08-11,2024,8,11,6,1,summer,7,20,1,12,164.868,50,4.17,13.739,Zone_E,100.0,main_road,2.55,moderate,storm,31.5,14,47,2,50,3.28,1.0,3.12,101.7,3.1574,101.6827,791.1,12.5,65.92,4.8
ROUTE_00195,SCH_002,National School B,BUS_029,DRV_017,2024-07-10,2024,7,10,2,0,summer,6,28,1,13,182.072,50,3.85,14.006,Zone_A,100.0,main_road,2.87,moderate,cloudy,32.6,19,51,8,50,2.01,1.0,3.12,101.7,3.1409,101.713,574.35,19.02,44.18,3.15
ROUTE_00196,SCH_001,International School A,BUS_005,DRV_019,2024-12-02,2024,12,2,0,0,winter,6,31,1,7,83.172,45,6.43,11.882,Zone_B,100.0,local_road,3.94,light,clear,28.4,8,52,8,50,2.75,0.9,3.15,101.68,3.1762,101.7421,345.97,14.42,49.42,4.16
ROUTE_00197,SCH_001,International School A,BUS_018,DRV_015,2024-08-08,2024,8,8,3,0,summer,7,43,1,11,167.82,50,4.55,15.256,Zone_C,100.0,local_road,3.47,heavy,cloudy,28.8,21,45,4,50,3.34,1.0,3.15,101.68,3.1494,101.7085,1136.0,8.86,103.27,6.77
ROUTE_00198,SCH_002,National School B,BUS_027,DRV_041,2024-12-06,2024,12,6,4,0,winter,6,53,1,13,175.602,50,3.85,13.508,Zone_D,100.0,main_road,2.79,moderate,clear,24.3,18,33,9,50,4.5,1.0,3.12,101.7,3.2169,101.6992,605.12,17.41,46.55,3.45
ROUTE_00199,SCH_002,National School B,BUS_007,DRV_014,2024-04-15,2024,4,15,0,0,spring,6,6,1,6,104.835,38,6.33,17.472,Zone_E,100.0,main_road,3.78,heavy,clear,27.8,9,31,9,50,3.6,0.76,3.12,101.7,3.1653,101.6954,439.68,14.31,73.28,4.19
ROUTE_00200,SCH_001,International School A,BUS_025,DRV_006,2024-02-07,2024,2,7,2,0,winter,7,24,1,11,131.108,50,4.55,11.919,Zone_A,100.0,main_road,3.18,congested,clear,23.2,10,34,13,50,3.74,1.0,3.15,101.68,3.196,101.7385,779.93,10.09,70.9,5.95
ROUTE_00201,SCH_001,International School A,BUS_006,DRV_034,2024-01-11,2024,1,11,3,0,winter,6,15,1,5,52.821,38,7.6,10.564,Zone_B,100.0,highway,4.19,moderate,light_rain,22.1,7,43,6,50,4.91,0.76,3.15,101.68,3.1477,101.6959,137.07,23.12,27.41,2.59
ROUTE_00202,SCH_001,International School A,BUS_002,DRV_021,2024-02-07,2024,2,7,2,0,winter,6,32,1,19,256.911,50,2.63,13.522,Zone_C,100.0,local_road,3.84,moderate,clear,24.2,15,43,11,50,2.93,1.0,3.15,101.68,3.1531,101.6864,1413.88,10.9,74.41,5.5
ROUTE_00203,SCH_003,Private School C,BUS_019,DRV_035,2024-10-06,2024,10,6,6,1,monsoon,7,29,1,18,276.147,50,2.78,15.342,Zone_D,100.0,main_road,3.32,moderate,cloudy,30.9,1,60,1,50,3.91,1.0,3.2,101.65,3.1596,101.6988,1042.08,15.9,57.89,3.77
ROUTE_00204,SCH_001,International School A,BUS_025,DRV_032,2024-05-04,2024,5,4,5,1,spring,6,53,1,14,171.621,50,3.57,12.259,Zone_E,100.0,residential,3.95,heavy,clear,29.3,17,42,3,50,4.81,1.0,3.15,101.68,3.1764,101.6802,1026.61,10.03,73.33,5.98
ROUTE_00205,SCH_001,International School A,BUS_001,DRV_038,2024-09-10,2024,9,10,1,0,monsoon,5,4,0,15,183.828,50,3.33,12.255,Zone_A,100.0,local_road,4.8,light,cloudy,26.1,21,62,13,50,3.19,1.0,3.15,101.68,3.1841,101.697,644.72,17.11,42.98,3.51
ROUTE_00206,SCH_003,Private School C,BUS_021,DRV_013,2024-11-08,2024,11,8,4,0,monsoon,6,28,1,19,228.223,50,2.63,12.012,Zone_B,100.0,main_road,3.75,congested,light_rain,32.7,22,64,10,50,4.06,1.0,3.2,101.65,3.1554,101.7096,1673.71,8.18,88.09,7.33
ROUTE_00207,SCH_002,National School B,BUS_018,DRV_031,2024-02-20,2024,2,20,1,0,winter,7,45,1,15,185.668,50,3.33,12.378,Zone_C,100.0,main_road,3.9,heavy,cloudy,29.7,7,58,7,50,2.07,1.0,3.12,101.7,3.1979,101.6743,1110.82,10.03,74.05,5.98
ROUTE_00208,SCH_001,International School A,BUS_015,DRV_017,2024-07-04,2024,7,4,3,0,summer,6,9,1,11,156.458,50,4.55,14.223,Zone_D,100.0,main_road,3.35,moderate,clear,31.4,11,47,3,50,3.76,1.0,3.15,101.68,3.158,101.7253,471.99,19.89,42.91,3.02
ROUTE_00209,SCH_003,Private School C,BUS_014,DRV_027,2024-01-13,2024,1,13,5,1,winter,5,33,0,14,206.081,50,3.57,14.72,Zone_E,100.0,main_road,2.55,free_flow,light_rain,27.8,8,64,14,50,4.43,1.0,3.2,101.65,3.2032,101.7104,489.94,25.24,35.0,2.38
ROUTE_00210,SCH_001,International School A,BUS_021,DRV_012,2024-08-08,2024,8,8,3,0,summer,6,26,1,17,208.68,50,2.94,12.275,Zone_A,100.0,main_road,2.67,light,clear,36.7,15,47,14,50,4.09,1.0,3.15,101.68,3.1863,101.7133,515.74,24.28,30.34,2.47
ROUTE_00211,SCH_001,International School A,BUS_011,DRV_050,2024-10-16,2024,10,16,2,0,monsoon,6,54,1,14,166.8,50,3.57,11.914,Zone_B,100.0,local_road,2.56,free_flow,light_rain,28.8,15,32,0,50,3.91,1.0,3.15,101.68,3.2083,101.6925,628.72,15.92,44.91,3.77
ROUTE_00212,SCH_003,Private School C,BUS_018,DRV_042,2024-02-14,2024,2,14,2,0,winter,7,25,1,11,164.349,50,4.55,14.941,Zone_C,100.0,highway,3.98,moderate,cloudy,23.1,2,26,0,50,2.39,1.0,3.2,101.65,3.1613,101.6914,440.12,22.41,40.01,2.68
ROUTE_00213,SCH_002,National School B,BUS_017,DRV_026,2024-11-21,2024,11,21,3,0,monsoon,5,45,0,13,170.76,50,3.85,13.135,Zone_D,100.0,main_road,3.78,light,light_rain,32.6,8,53,1,50,4.85,1.0,3.12,101.7,3.1827,101.7195,451.39,22.7,34.72,2.64
ROUTE_00214,SCH_003,Private School C,BUS_020,DRV_048,2024-05-10,2024,5,10,4,0,spring,7,34,1,13,172.097,50,3.85,13.238,Zone_E,100.0,local_road,3.57,moderate,cloudy,24.4,4,49,1,50,3.42,1.0,3.2,101.65,3.172,101.6849,861.51,11.99,66.27,5.01
ROUTE_00215,SCH_001,International School A,BUS_008,DRV_039,2024-02-09,2024,2,9,4,0,winter,6,23,1,10,110.544,50,5.0,11.054,Zone_A,100.0,main_road,4.72,heavy,clear,26.0,13,58,13,50,4.86,1.0,3.15,101.68,3.1591,101.7027,508.62,13.04,50.86,4.6
ROUTE_00216,SCH_002,National School B,BUS_002,DRV_026,2024-06-19,2024,6,19,2,0,summer,6,3,1,16,201.713,50,3.12,12.607,Zone_B,100.0,local_road,3.6,light,clear,37.5,3,55,9,50,4.23,1.0,3.12,101.7,3.1807,101.7026,830.5,14.57,51.91,4.12
ROUTE_00217,SCH_003,Private School C,BUS_017,DRV_001,2024-02-01,2024,2,1,3,0,winter,6,44,1,5,78.41,40,8.0,15.682,Zone_C,100.0,residential,4.29,moderate,clear,24.3,6,38,8,50,2.31,0.8,3.2,101.65,3.1444,101.6851,528.31,8.9,105.66,6.74
ROUTE_00218,SCH_003,Private School C,BUS_015,DRV_031,2024-11-04,2024,11,4,0,0,monsoon,6,3,1,6,66.503,35,5.83,11.084,Zone_D,100.0,local_road,2.55,moderate,heavy_rain,32.2,3,48,5,50,3.81,0.7,3.2,101.65,3.1936,101.6401,602.79,6.62,100.46,9.06
ROUTE_00219,SCH_002,National School B,BUS_026,DRV_025,2024-06-16,2024,6,16,6,1,summer,6,41,1,19,281.539,50,2.63,14.818,Zone_E,100.0,local_road,3.46,light,clear,29.6,23,46,12,50,4.82,1.0,3.12,101.7,3.1713,101.6733,906.92,18.63,47.73,3.22
ROUTE_00220,SCH_001,International School A,BUS_010,DRV_004,2024-02-24,2024,2,24,5,1,winter,7,56,1,5,66.868,40,8.0,13.374,Zone_A,100.0,local_road,3.43,free_flow,cloudy,27.2,17,30,10,50,3.0,0.8,3.15,101.68,3.1348,101.7046,209.58,19.14,41.92,3.13
ROUTE_00221,SCH_003,Private School C,BUS_005,DRV_030,2024-07-26,2024,7,26,4,0,summer,7,35,1,9,137.355,50,5.56,15.262,Zone_B,100.0,main_road,3.91,moderate,clear,33.9,18,29,7,50,4.3,1.0,3.2,101.65,3.2155,101.7184,388.03,21.24,43.11,2.83
ROUTE_00222,SCH_003,Private School C,BUS_029,DRV_010,2024-09-19,2024,9,19,3,0,monsoon,5,40,0,18,227.467,50,2.78,12.637,Zone_C,100.0,main_road,3.19,free_flow,light_rain,30.0,18,58,12,50,3.46,1.0,3.2,101.65,3.1687,101.6989,634.76,21.5,35.26,2.79
ROUTE_00223,SCH_003,Private School C,BUS_001,DRV_043,2024-07-13,2024,7,13,5,1,summer,6,9,1,10,124.023,50,5.0,12.402,Zone_D,100.0,local_road,2.95,light,clear,31.1,22,50,7,50,2.8,1.0,3.2,101.65,3.14,101.6681,436.32,17.05,43.63,3.52
ROUTE_00224,SCH_001,International School A,BUS_024,DRV_046,2024-09-25,2024,9,25,2,0,monsoon,7,1,1,9,89.042,50,5.56,9.894,Zone_E,100.0,highway,4.35,congested,clear,24.1,20,63,11,50,4.96,1.0,3.15,101.68,3.1555,101.7361,349.32,15.29,38.81,3.92
ROUTE_00225,SCH_003,Private School C,BUS_030,DRV_044,2024-06-02,2024,6,2,6,1,summer,6,22,1,6,69.482,36,6.0,11.58,Zone_A,100.0,highway,3.68,light,cloudy,32.1,15,53,11,50,4.17,0.72,3.2,101.65,3.1773,101.7187,102.68,40.6,17.11,1.48
ROUTE_00226,SCH_002,National School B,BUS_030,DRV_020,2024-05-22,2024,5,22,2,0,spring,7,21,1,17,216.6,50,2.94,12.741,Zone_B,100.0,main_road,4.03,light,clear,24.5,7,57,6,50,2.56,1.0,3.12,101.7,3.1837,101.6885,586.15,22.17,34.48,2.71
ROUTE_00227,SCH_002,National School B,BUS_005,DRV_019,2024-09-20,2024,9,20,4,0,monsoon,7,10,1,17,248.632,50,2.94,14.625,Zone_C,100.0,highway,4.18,heavy,light_rain,30.6,4,57,13,50,3.14,1.0,3.12,101.7,3.1875,101.7043,1249.41,11.94,73.49,5.03
ROUTE_00228,SCH_003,Private School C,BUS_001,DRV_012,2024-08-18,2024,8,18,6,1,summer,6,32,1,15,196.462,50,3.33,13.097,Zone_D,100.0,residential,3.04,moderate,fog,36.3,8,48,0,50,4.56,1.0,3.2,101.65,3.1774,101.6911,1311.15,8.99,87.41,6.67
ROUTE_00229,SCH_003,Private School C,BUS_029,DRV_005,2024-11-21,2024,11,21,3,0,monsoon,6,53,1,8,119.188,50,6.25,14.899,Zone_E,100.0,main_road,4.64,moderate,heavy_rain,31.3,2,29,2,50,2.44,1.0,3.2,101.65,3.1408,101.6965,630.24,11.35,78.78,5.29
ROUTE_00230,SCH_002,National School B,BUS_029,DRV_046,2024-05-07,2024,5,7,1,0,spring,6,47,1,9,119.181,50,5.56,13.242,Zone_A,100.0,main_road,3.43,free_flow,cloudy,25.1,22,37,3,50,4.48,1.0,3.12,101.7,3.1837,101.6794,228.71,31.27,25.41,1.92
ROUTE_00231,SCH_002,National School B,BUS_006,DRV_041,2024-12-10,2024,12,10,1,0,winter,6,38,1,19,233.327,50,2.63,12.28,Zone_B,100.0,local_road,4.7,moderate,cloudy,22.5,16,56,3,50,4.75,1.0,3.12,101.7,3.1571,101.6971,1159.88,12.07,61.05,4.97
ROUTE_00232,SCH_003,Private School C,BUS_016,DRV_008,2024-11-27,2024,11,27,2,0,monsoon,6,31,1,12,91.678,50,4.17,7.64,Zone_C,100.0,local_road,4.05,congested,cloudy,32.6,19,54,2,50,4.45,1.0,3.2,101.65,3.157,101.7316,846.24,6.5,70.52,9.23
ROUTE_00233,SCH_002,National School B,BUS_024,DRV_049,2024-08-01,2024,8,1,3,0,summer,7,11,1,6,68.408,50,8.33,11.401,Zone_D,100.0,main_road,4.09,free_flow,cloudy,28.6,13,50,1,50,4.26,1.0,3.12,101.7,3.1752,101.6557,144.09,28.49,24.01,2.11
ROUTE_00234,SCH_001,International School A,BUS_013,DRV_038,2024-06-07,2024,6,7,4,0,summer,6,23,1,13,102.113,50,3.85,7.855,Zone_E,100.0,highway,3.65,light,clear,28.5,7,63,0,50,3.9,1.0,3.15,101.68,3.1726,101.7078,168.03,36.46,12.93,1.65
ROUTE_00235,SCH_001,International School A,BUS_011,DRV_005,2024-07-29,2024,7,29,0,0,summer,5,12,0,17,158.723,50,2.94,9.337,Zone_A,100.0,local_road,4.37,light,cloudy,29.9,10,55,5,50,3.55,1.0,3.15,101.68,3.163,101.7056,477.75,19.93,28.1,3.01
ROUTE_00236,SCH_001,International School A,BUS_021,DRV_026,2024-03-20,2024,3,20,2,0,spring,5,2,0,9,109.741,50,5.56,12.193,Zone_B,100.0,local_road,3.3,free_flow,clear,27.8,8,40,6,50,3.66,1.0,3.15,101.68,3.1494,101.7319,286.75,22.96,31.86,2.61
ROUTE_00237,SCH_001,International School A,BUS_001,DRV_047,2024-03-17,2024,3,17,6,1,spring,5,49,0,14,167.713,50,3.57,11.979,Zone_C,100.0,residential,3.61,light,storm,28.5,20,56,3,50,4.44,1.0,3.15,101.68,3.1596,101.7074,1056.08,9.53,75.43,6.3
ROUTE_00238,SCH_002,National School B,BUS_016,DRV_027,2024-01-18,2024,1,18,3,0,winter,5,51,0,19,203.451,50,2.63,10.708,Zone_D,100.0,highway,4.6,light,fog,25.5,4,63,3,50,2.33,1.0,3.12,101.7,3.1777,101.7189,492.48,24.79,25.92,2.42
ROUTE_00239,SCH_001,International School A,BUS_027,DRV_043,2024-02-11,2024,2,11,6,1,winter,6,5,1,8,114.489,50,6.25,14.311,Zone_E,100.0,main_road,3.42,moderate,clear,23.8,16,42,5,50,3.22,1.0,3.15,101.68,3.1909,101.7111,327.27,20.99,40.91,2.86
ROUTE_00240,SCH_003,Private School C,BUS_017,DRV_047,2024-11-28,2024,11,28,3,0,monsoon,7,35,1,17,220.095,50,2.94,12.947,Zone_A,100.0,local_road,4.19,moderate,light_rain,27.3,1,45,2,50,2.53,1.0,3.2,101.65,3.1824,101.7066,1349.92,9.78,79.41,6.13
ROUTE_00241,SCH_003,Private School C,BUS_029,DRV_010,2024-07-08,2024,7,8,0,0,summer,7,56,1,18,272.788,50,2.78,15.155,Zone_B,100.0,local_road,4.74,heavy,heavy_rain,32.3,1,48,10,50,2.12,1.0,3.2,101.65,3.1732,101.6836,2986.6,5.48,165.92,10.95
ROUTE_00242,SCH_001,International School A,BUS_030,DRV_045,2024-07-24,2024,7,24,2,0,summer,5,55,0,18,249.657,50,2.78,13.87,Zone_C,100.0,local_road,3.34,moderate,cloudy,35.6,20,47,5,50,3.63,1.0,3.15,101.68,3.1544,101.6871,1047.29,14.3,58.18,4.19
ROUTE_00243,SCH_003,Private School C,BUS_021,DRV_045,2024-01-10,2024,1,10,2,0,winter,7,51,1,13,148.413,50,3.85,11.416,Zone_D,100.0,local_road,3.61,moderate,clear,29.7,20,41,6,50,4.33,1.0,3.2,101.65,3.1719,101.736,737.89,12.07,56.76,4.97
ROUTE_00244,SCH_001,International School A,BUS_018,DRV_017,2024-04-22,2024,4,22,0,0,spring,6,34,1,13,150.304,50,3.85,11.562,Zone_E,100.0,residential,4.7,light,clear,26.7,22,52,5,50,2.65,1.0,3.15,101.68,3.1579,101.6975,615.71,14.65,47.36,4.1
ROUTE_00245,SCH_001,International School A,BUS_025,DRV_011,2024-08-25,2024,8,25,6,1,summer,5,56,0,13,175.644,50,3.85,13.511,Zone_A,100.0,main_road,3.73,free_flow,cloudy,31.7,22,45,2,50,4.12,1.0,3.15,101.68,3.1661,101.6852,252.91,41.67,19.45,1.44
ROUTE_00246,SCH_001,International School A,BUS_007,DRV_041,2024-06-21,2024,6,21,4,0,summer,7,2,1,8,149.482,50,6.25,18.685,Zone_B,100.0,main_road,4.02,moderate,clear,30.4,16,38,11,50,2.66,1.0,3.15,101.68,3.1727,101.7113,454.98,19.71,56.87,3.04
ROUTE_00247,SCH_003,Private School C,BUS_012,DRV_006,2024-03-10,2024,3,10,6,1,spring,6,6,1,12,121.869,50,4.17,10.156,Zone_C,100.0,local_road,3.1,heavy,cloudy,32.7,1,51,12,50,2.37,1.0,3.2,101.65,3.1976,101.709,986.87,7.41,82.24,8.1
ROUTE_00248,SCH_003,Private School C,BUS_022,DRV_017,2024-01-10,2024,1,10,2,0,winter,6,43,1,16,232.987,50,3.12,14.562,Zone_D,100.0,highway,2.54,heavy,cloudy,23.9,6,39,8,50,3.99,1.0,3.2,101.65,3.2008,101.6838,808.38,17.29,50.52,3.47
ROUTE_00249,SCH_001,International School A,BUS_010,DRV_043,2024-09-22,2024,9,22,6,1,monsoon,7,46,1,14,162.348,50,3.57,11.596,Zone_E,100.0,highway,2.69,light,cloudy,27.0,23,37,14,50,2.13,1.0,3.15,101.68,3.171,101.7159,286.53,34.0,20.47,1.76
ROUTE_00250,SCH_001,International School A,BUS_024,DRV_019,2024-05-15,2024,5,15,2,0,spring,7,27,1,7,86.3,49,7.0,12.329,Zone_A,100.0,local_road,4.71,free_flow,clear,30.2,11,37,0,50,4.27,0.98,3.15,101.68,3.1875,101.668,233.24,22.2,33.32,2.7
ROUTE_00251,SCH_001,International School A,BUS_010,DRV_032,2024-08-29,2024,8,29,3,0,summer,7,49,1,7,110.294,39,5.57,15.756,Zone_B,100.0,main_road,2.84,moderate,light_rain,32.7,10,49,12,50,4.23,0.78,3.15,101.68,3.1852,101.7127,446.95,14.81,63.85,4.05
ROUTE_00252,SCH_001,International School A,BUS_004,DRV_027,2024-12-05,2024,12,5,3,0,winter,7,39,1,16,194.943,50,3.12,12.184,Zone_C,100.0,local_road,4.26,moderate,light_rain,22.9,10,57,9,50,2.4,1.0,3.15,101.68,3.1568,101.6823,1428.92,8.19,89.31,7.33
ROUTE_00253,SCH_002,National School B,BUS_023,DRV_049,2024-05-15,2024,5,15,2,0,spring,6,36,1,8,116.744,50,6.25,14.593,Zone_D,100.0,main_road,3.07,heavy,clear,31.6,8,58,14,50,2.95,1.0,3.12,101.7,3.2004,101.6833,604.78,11.58,75.6,5.18
ROUTE_00254,SCH_001,International School A,BUS_007,DRV_027,2024-05-29,2024,5,29,2,0,spring,6,20,1,10,84.983,50,5.0,8.498,Zone_E,100.0,main_road,3.18,moderate,clear,24.9,11,38,13,50,2.94,1.0,3.15,101.68,3.1531,101.749,278.82,18.29,27.88,3.28
ROUTE_00255,SCH_003,Private School C,BUS_001,DRV_033,2024-10-20,2024,10,20,6,1,monsoon,7,53,1,13,145.891,50,3.85,11.222,Zone_A,100.0,highway,3.87,heavy,storm,30.3,10,25,3,50,2.65,1.0,3.2,101.65,3.1927,101.7108,693.51,12.62,53.35,4.75
ROUTE_00256,SCH_001,International School A,BUS_016,DRV_015,2024-06-12,2024,6,12,2,0,summer,6,47,1,17,201.628,50,2.94,11.86,Zone_B,100.0,highway,2.64,light,clear,37.9,20,56,11,50,2.27,1.0,3.15,101.68,3.1774,101.7059,364.0,33.24,21.41,1.81
ROUTE_00257,SCH_002,National School B,BUS_029,DRV_024,2024-01-06,2024,1,6,5,1,winter,7,37,1,14,177.115,50,3.57,12.651,Zone_C,100.0,local_road,3.69,free_flow,fog,23.3,13,28,6,50,2.09,1.0,3.12,101.7,3.1497,101.6946,803.2,13.23,57.37,4.53
ROUTE_00258,SCH_003,Private School C,BUS_020,DRV_029,2024-09-14,2024,9,14,5,1,monsoon,7,4,1,16,214.078,50,3.12,13.38,Zone_D,100.0,local_road,3.18,moderate,storm,29.7,5,43,0,50,2.86,1.0,3.2,101.65,3.17,101.6819,1947.81,6.59,121.74,9.1
ROUTE_00259,SCH_002,National School B,BUS_004,DRV_012,2024-03-16,2024,3,16,5,1,spring,6,25,1,18,200.245,50,2.78,11.125,Zone_E,100.0,local_road,3.33,moderate,cloudy,32.4,13,50,14,50,3.44,1.0,3.12,101.7,3.1767,101.6838,896.91,13.4,49.83,4.48
ROUTE_00260,SCH_001,International School A,BUS_023,DRV_006,2024-05-09,2024,5,9,3,0,spring,5,5,0,19,284.261,50,2.63,14.961,Zone_A,100.0,residential,3.1,free_flow,clear,28.7,13,64,4,50,4.16,1.0,3.15,101.68,3.1627,101.6961,847.32,20.13,44.6,2.98
ROUTE_00261,SCH_003,Private School C,BUS_018,DRV_028,2024-05-28,2024,5,28,1,0,spring,6,10,1,9,90.5,50,5.56,10.056,Zone_B,100.0,residential,2.65,congested,clear,32.5,13,48,2,50,4.76,1.0,3.2,101.65,3.1788,101.6686,790.28,6.87,87.81,8.73
ROUTE_00262,SCH_001,International School A,BUS_030,DRV_045,2024-11-25,2024,11,25,0,0,monsoon,6,28,1,11,157.133,50,4.55,14.285,Zone_C,100.0,local_road,4.72,moderate,clear,27.3,20,26,4,50,2.92,1.0,3.15,101.68,3.1863,101.678,795.88,11.85,72.35,5.07
ROUTE_00263,SCH_003,Private School C,BUS_005,DRV_019,2024-12-16,2024,12,16,0,0,winter,6,48,1,7,88.673,40,5.71,12.668,Zone_D,100.0,main_road,4.79,congested,cloudy,28.8,10,44,14,50,3.24,0.8,3.2,101.65,3.1854,101.7265,601.88,8.84,85.98,6.79
ROUTE_00264,SCH_003,Private School C,BUS_004,DRV_046,2024-06-09,2024,6,9,6,1,summer,5,35,0,17,226.811,50,2.94,13.342,Zone_E,100.0,local_road,3.05,free_flow,cloudy,35.3,19,55,14,50,4.6,1.0,3.2,101.65,3.1677,101.6889,584.6,23.28,34.39,2.58
ROUTE_00265,SCH_003,Private School C,BUS_027,DRV_050,2024-08-12,2024,8,12,0,0,summer,6,39,1,6,66.358,45,7.5,11.06,Zone_A,100.0,residential,3.66,light,clear,37.9,20,42,4,50,3.22,0.9,3.2,101.65,3.1583,101.7074,255.91,15.56,42.65,3.86
ROUTE_00266,SCH_002,National School B,BUS_017,DRV_008,2024-01-16,2024,1,16,1,0,winter,6,38,1,11,119.267,50,4.55,10.842,Zone_B,100.0,residential,3.05,heavy,clear,28.9,10,30,5,50,2.54,1.0,3.12,101.7,3.1091,101.6868,1005.37,7.12,91.4,8.43
ROUTE_00267,SCH_001,International School A,BUS_009,DRV_018,2024-04-30,2024,4,30,1,0,spring,5,25,0,8,113.712,43,5.38,14.214,Zone_C,100.0,main_road,3.37,moderate,clear,30.4,6,62,9,50,2.86,0.86,3.15,101.68,3.1737,101.7207,368.97,18.49,46.12,3.24
ROUTE_00268,SCH_002,National School B,BUS_004,DRV_003,2024-07-01,2024,7,1,0,0,summer,5,57,0,18,261.363,50,2.78,14.52,Zone_D,100.0,local_road,4.67,free_flow,heavy_rain,28.6,8,41,4,50,4.7,1.0,3.12,101.7,3.1953,101.698,1006.77,15.58,55.93,3.85
ROUTE_00269,SCH_002,National School B,BUS_006,DRV_043,2024-12-09,2024,12,9,0,0,winter,5,14,0,17,204.168,50,2.94,12.01,Zone_E,100.0,local_road,4.18,light,clear,23.5,1,38,12,50,2.21,1.0,3.12,101.7,3.1989,101.7125,776.48,15.78,45.68,3.8
ROUTE_00270,SCH_001,International School A,BUS_005,DRV_022,2024-07-17,2024,7,17,2,0,summer,6,39,1,12,104.789,50,4.17,8.732,Zone_A,100.0,local_road,3.49,moderate,clear,37.7,19,28,4,50,2.49,1.0,3.15,101.68,3.1847,101.6663,436.17,14.41,36.35,4.16
ROUTE_00271,SCH_001,International School A,BUS_015,DRV_020,2024-02-16,2024,2,16,4,0,winter,6,18,1,11,142.048,50,4.55,12.913,Zone_B,100.0,local_road,4.87,moderate,clear,27.2,5,51,9,50,4.03,1.0,3.15,101.68,3.1738,101.6871,795.04,10.72,72.28,5.6
ROUTE_00272,SCH_001,International School A,BUS_015,DRV_046,2024-12-29,2024,12,29,6,1,winter,6,15,1,7,94.039,46,6.57,13.434,Zone_C,100.0,residential,4.56,congested,clear,27.3,20,28,14,50,2.44,0.92,3.15,101.68,3.1697,101.7282,993.87,5.68,141.98,10.57
ROUTE_00273,SCH_003,Private School C,BUS_001,DRV_050,2024-02-04,2024,2,4,6,1,winter,5,17,0,8,112.39,50,6.25,14.049,Zone_D,100.0,residential,4.56,moderate,heavy_rain,25.9,4,63,0,50,3.01,1.0,3.2,101.65,3.1466,101.6935,879.91,7.66,109.99,7.83
ROUTE_00274,SCH_002,National School B,BUS_002,DRV_026,2024-02-05,2024,2,5,0,0,winter,6,58,1,14,190.604,50,3.57,13.615,Zone_E,100.0,main_road,3.07,moderate,clear,27.8,1,27,8,50,2.94,1.0,3.12,101.7,3.1681,101.6979,730.48,15.66,52.18,3.83
ROUTE_00275,SCH_002,National School B,BUS_002,DRV_020,2024-03-17,2024,3,17,6,1,spring,7,12,1,14,171.878,50,3.57,12.277,Zone_A,100.0,local_road,4.12,moderate,cloudy,28.5,3,47,9,50,2.52,1.0,3.12,101.7,3.192,101.6978,826.77,12.47,59.06,4.81
ROUTE_00276,SCH_002,National School B,BUS_027,DRV_023,2024-04-13,2024,4,13,5,1,spring,5,59,0,11,172.17,50,4.55,15.652,Zone_B,100.0,highway,4.22,heavy,heavy_rain,30.1,23,54,7,50,2.29,1.0,3.12,101.7,3.1727,101.6974,532.63,19.39,48.42,3.09
ROUTE_00277,SCH_002,National School B,BUS_010,DRV_034,2024-03-18,2024,3,18,0,0,spring,7,11,1,12,113.05,50,4.17,9.421,Zone_C,100.0,local_road,3.87,heavy,clear,30.4,18,64,3,50,4.29,1.0,3.12,101.7,3.155,101.7146,764.65,8.87,63.72,6.76
ROUTE_00278,SCH_002,National School B,BUS_010,DRV_015,2024-01-22,2024,1,22,0,0,winter,6,38,1,17,189.401,50,2.94,11.141,Zone_D,100.0,main_road,2.55,light,clear,28.5,16,57,14,50,4.17,1.0,3.12,101.7,3.1362,101.676,591.29,19.22,34.78,3.12
ROUTE_00279,SCH_003,Private School C,BUS_007,DRV_023,2024-08-24,2024,8,24,5,1,summer,6,20,1,11,114.229,50,4.55,10.384,Zone_E,100.0,highway,3.49,congested,heavy_rain,32.7,7,35,12,50,2.25,1.0,3.2,101.65,3.1832,101.688,586.25,11.69,53.3,5.13
ROUTE_00280,SCH_001,International School A,BUS_008,DRV_025,2024-06-17,2024,6,17,0,0,summer,6,50,1,19,228.587,50,2.63,12.031,Zone_A,100.0,main_road,2.89,heavy,cloudy,33.6,19,63,14,50,2.03,1.0,3.15,101.68,3.1707,101.6974,1105.81,12.4,58.2,4.84
ROUTE_00281,SCH_003,Private School C,BUS_030,DRV_030,2024-01-04,2024,1,4,3,0,winter,7,1,1,6,54.037,43,7.17,9.006,Zone_B,100.0,local_road,4.74,heavy,cloudy,28.5,17,58,4,50,2.17,0.86,3.2,101.65,3.1283,101.7148,398.21,8.14,66.37,7.37
ROUTE_00282,SCH_003,Private School C,BUS_013,DRV_003,2024-05-16,2024,5,16,3,0,spring,7,8,1,19,280.678,50,2.63,14.773,Zone_C,100.0,highway,4.15,moderate,cloudy,28.6,6,49,8,50,3.92,1.0,3.2,101.65,3.1605,101.7003,668.14,25.21,35.17,2.38
ROUTE_00283,SCH_003,Private School C,BUS_009,DRV_036,2024-08-20,2024,8,20,1,0,summer,6,56,1,9,110.575,50,5.56,12.286,Zone_D,100.0,local_road,4.59,moderate,clear,30.7,17,40,10,50,2.93,1.0,3.2,101.65,3.1857,101.6538,517.48,12.82,57.5,4.68
ROUTE_00284,SCH_001,International School A,BUS_011,DRV_015,2024-07-30,2024,7,30,1,0,summer,7,29,1,10,157.254,50,5.0,15.725,Zone_E,100.0,local_road,4.97,moderate,clear,33.5,3,32,2,50,2.94,1.0,3.15,101.68,3.1874,101.6896,723.73,13.04,72.37,4.6
ROUTE_00285,SCH_001,International School A,BUS_015,DRV_037,2024-12-08,2024,12,8,6,1,winter,6,43,1,5,48.103,25,5.0,9.621,Zone_A,100.0,main_road,3.59,free_flow,cloudy,26.4,10,58,10,50,4.98,0.5,3.15,101.68,3.1623,101.6929,112.08,25.75,22.42,2.33
ROUTE_00286,SCH_002,National School B,BUS_019,DRV_034,2024-03-16,2024,3,16,5,1,spring,6,25,1,17,274.783,50,2.94,16.164,Zone_B,100.0,highway,3.04,moderate,clear,31.4,10,27,1,50,3.79,1.0,3.12,101.7,3.1685,101.7249,483.23,34.12,28.43,1.76
ROUTE_00287,SCH_003,Private School C,BUS_011,DRV_030,2024-07-13,2024,7,13,5,1,summer,7,46,1,11,98.056,50,4.55,8.914,Zone_C,100.0,local_road,4.62,moderate,clear,37.6,21,42,13,50,3.12,1.0,3.2,101.65,3.116,101.7392,452.83,12.99,41.17,4.62
ROUTE_00288,SCH_002,National School B,BUS_026,DRV_038,2024-12-22,2024,12,22,6,1,winter,6,14,1,14,173.986,50,3.57,12.428,Zone_D,100.0,residential,4.98,heavy,cloudy,22.8,21,48,8,50,3.18,1.0,3.12,101.7,3.1617,101.6861,1399.62,7.46,99.97,8.04
ROUTE_00289,SCH_001,International School A,BUS_024,DRV_031,2024-03-07,2024,3,7,3,0,spring,7,27,1,7,78.833,50,7.14,11.262,Zone_E,100.0,main_road,4.86,moderate,clear,24.1,19,27,13,50,2.23,1.0,3.15,101.68,3.1618,101.6774,242.85,19.48,34.69,3.08
ROUTE_00290,SCH_001,International School A,BUS_007,DRV_039,2024-07-02,2024,7,2,1,0,summer,6,13,1,6,54.141,45,7.5,9.023,Zone_A,100.0,highway,3.04,moderate,clear,32.4,20,38,3,50,2.46,0.9,3.15,101.68,3.1893,101.7,117.22,27.71,19.54,2.17
ROUTE_00291,SCH_001,International School A,BUS_001,DRV_049,2024-05-24,2024,5,24,4,0,spring,7,36,1,7,81.985,44,6.29,11.712,Zone_B,100.0,local_road,4.04,heavy,cloudy,29.9,23,43,0,50,4.62,0.88,3.15,101.68,3.1164,101.6978,470.41,10.46,67.2,5.74
ROUTE_00292,SCH_001,International School A,BUS_028,DRV_004,2024-01-28,2024,1,28,6,1,winter,5,46,0,11,100.908,50,4.55,9.173,Zone_C,100.0,main_road,4.43,moderate,clear,22.2,23,53,10,50,2.61,1.0,3.15,101.68,3.1736,101.6832,292.43,20.7,26.58,2.9
ROUTE_00293,SCH_003,Private School C,BUS_027,DRV_031,2024-11-23,2024,11,23,5,1,monsoon,6,30,1,15,208.364,50,3.33,13.891,Zone_D,100.0,main_road,4.36,heavy,clear,25.1,17,26,4,50,2.34,1.0,3.2,101.65,3.1607,101.7121,870.27,14.37,58.02,4.18
ROUTE_00294,SCH_002,National School B,BUS_005,DRV_045,2024-09-30,2024,9,30,0,0,monsoon,6,0,1,8,74.607,50,6.25,9.326,Zone_E,100.0,local_road,4.26,heavy,heavy_rain,26.4,4,60,2,50,4.81,1.0,3.12,101.7,3.1563,101.7181,834.99,5.36,104.37,11.19
ROUTE_00295,SCH_001,International School A,BUS_014,DRV_038,2024-05-08,2024,5,8,2,0,spring,5,46,0,13,205.936,50,3.85,15.841,Zone_A,100.0,residential,2.85,light,clear,24.7,1,50,13,50,3.03,1.0,3.15,101.68,3.1949,101.6868,855.79,14.44,65.83,4.16
ROUTE_00296,SCH_002,National School B,BUS_025,DRV_019,2024-08-27,2024,8,27,1,0,summer,6,25,1,16,215.439,50,3.12,13.465,Zone_B,100.0,main_road,4.19,heavy,clear,33.2,24,50,12,50,4.43,1.0,3.12,101.7,3.1348,101.7037,907.94,14.24,56.75,4.21
ROUTE_00297,SCH_001,International School A,BUS_029,DRV_030,2024-01-12,2024,1,12,4,0,winter,7,16,1,7,64.685,39,5.57,9.241,Zone_C,100.0,main_road,4.09,heavy,light_rain,26.3,24,27,9,50,4.17,0.78,3.15,101.68,3.1208,101.7072,388.71,9.98,55.53,6.01
ROUTE_00298,SCH_002,National School B,BUS_023,DRV_024,2024-06-20,2024,6,20,3,0,summer,6,36,1,11,111.195,50,4.55,10.109,Zone_D,100.0,local_road,3.15,free_flow,clear,32.3,20,31,11,50,4.76,1.0,3.12,101.7,3.191,101.7229,361.96,18.43,32.91,3.26
ROUTE_00299,SCH_002,National School B,BUS_012,DRV_028,2024-04-19,2024,4,19,4,0,spring,7,27,1,5,53.75,37,7.4,10.75,Zone_E,100.0,local_road,4.24,congested,cloudy,27.2,21,64,3,50,2.01,0.74,3.12,101.7,3.1149,101.6495,435.82,7.4,87.16,8.11
ROUTE_00300,SCH_001,International School A,BUS_004,DRV_034,2024-09-14,2024,9,14,5,1,monsoon,5,38,0,18,206.298,50,2.78,11.461,Zone_A,100.0,residential,4.57,light,storm,29.5,3,56,7,50,4.97,1.0,3.15,101.68,3.1955,101.7248,1448.26,8.55,80.46,7.02
ROUTE_00301,SCH_001,International School A,BUS_001,DRV_021,2024-01-03,2024,1,3,2,0,winter,6,7,1,9,164.037,50,5.56,18.226,Zone_B,100.0,residential,4.75,free_flow,cloudy,28.3,5,58,12,50,2.89,1.0,3.15,101.68,3.1781,101.7079,869.73,11.32,96.64,5.3
ROUTE_00302,SCH_002,National School B,BUS_017,DRV_024,2024-03-14,2024,3,14,3,0,spring,6,32,1,14,175.978,50,3.57,12.57,Zone_C,100.0,local_road,4.66,heavy,clear,24.8,10,62,7,50,4.64,1.0,3.12,101.7,3.2038,101.6965,1260.31,8.38,90.02,7.16
ROUTE_00303,SCH_003,Private School C,BUS_025,DRV_023,2024-12-12,2024,12,12,3,0,winter,7,25,1,16,197.061,50,3.12,12.316,Zone_D,100.0,highway,3.57,moderate,light_rain,25.3,17,25,14,50,2.27,1.0,3.2,101.65,3.1495,101.6927,579.75,20.39,36.23,2.94
ROUTE_00304,SCH_001,International School A,BUS_022,DRV_049,2024-11-18,2024,11,18,0,0,monsoon,6,52,1,14,152.777,50,3.57,10.913,Zone_E,100.0,local_road,4.35,moderate,cloudy,32.2,20,58,12,50,4.5,1.0,3.15,101.68,3.186,101.7077,820.56,11.17,58.61,5.37
ROUTE_00305,SCH_001,International School A,BUS_002,DRV_017,2024-09-02,2024,9,2,0,0,monsoon,7,43,1,9,99.155,50,5.56,11.017,Zone_A,100.0,local_road,3.62,moderate,clear,25.4,24,33,3,50,2.31,1.0,3.15,101.68,3.1969,101.6751,447.78,13.29,49.75,4.52
ROUTE_00306,SCH_003,Private School C,BUS_020,DRV_035,2024-07-20,2024,7,20,5,1,summer,7,29,1,11,127.614,50,4.55,11.601,Zone_B,100.0,main_road,4.98,heavy,cloudy,30.1,24,43,9,50,4.8,1.0,3.2,101.65,3.1544,101.7155,492.12,15.56,44.74,3.86
ROUTE_00307,SCH_003,Private School C,BUS_006,DRV_042,2024-07-27,2024,7,27,5,1,summer,5,45,0,7,64.832,50,7.14,9.262,Zone_C,100.0,residential,4.11,light,cloudy,34.0,21,45,5,50,3.63,1.0,3.2,101.65,3.1765,101.6547,228.53,17.02,32.65,3.52
ROUTE_00308,SCH_001,International School A,BUS_025,DRV_015,2024-10-05,2024,10,5,5,1,monsoon,6,25,1,18,214.441,50,2.78,11.913,Zone_D,100.0,main_road,4.33,heavy,heavy_rain,32.8,14,35,12,50,4.92,1.0,3.15,101.68,3.1654,101.687,1382.87,9.3,76.83,6.45
ROUTE_00309,SCH_001,International School A,BUS_011,DRV_043,2024-09-11,2024,9,11,2,0,monsoon,6,7,1,6,82.115,35,5.83,13.686,Zone_E,100.0,residential,3.01,light,light_rain,28.7,19,39,2,50,4.34,0.7,3.15,101.68,3.1672,101.6993,415.45,11.86,69.24,5.06
ROUTE_00310,SCH_001,International School A,BUS_024,DRV_037,2024-11-24,2024,11,24,6,1,monsoon,7,57,1,8,87.124,50,6.25,10.89,Zone_A,100.0,main_road,3.57,light,storm,26.0,2,35,7,50,4.8,1.0,3.15,101.68,3.1807,101.7097,395.93,13.2,49.49,4.54
ROUTE_00311,SCH_001,International School A,BUS_014,DRV_004,2024-09-27,2024,9,27,4,0,monsoon,6,11,1,8,92.236,50,6.25,11.53,Zone_B,100.0,local_road,4.6,moderate,heavy_rain,27.7,18,59,11,50,3.53,1.0,3.15,101.68,3.2062,101.6892,725.07,7.63,90.63,7.86
ROUTE_00312,SCH_002,National School B,BUS_016,DRV_014,2024-11-19,2024,11,19,1,0,monsoon,7,14,1,5,67.871,44,8.8,13.574,Zone_C,100.0,main_road,3.68,heavy,heavy_rain,28.4,9,44,9,50,3.24,0.88,3.12,101.7,3.1697,101.722,538.52,7.56,107.7,7.93
ROUTE_00313,SCH_002,National School B,BUS_028,DRV_042,2024-05-26,2024,5,26,6,1,spring,5,32,0,18,250.745,50,2.78,13.93,Zone_D,100.0,main_road,2.75,light,cloudy,32.4,5,44,4,50,4.66,1.0,3.12,101.7,3.1634,101.6888,547.06,27.5,30.39,2.18
ROUTE_00314,SCH_002,National School B,BUS_028,DRV_015,2024-05-13,2024,5,13,0,0,spring,7,52,1,13,182.202,50,3.85,14.016,Zone_E,100.0,main_road,2.58,free_flow,cloudy,24.5,6,26,12,50,2.87,1.0,3.12,101.7,3.1464,101.7293,445.88,24.52,34.3,2.45
ROUTE_00315,SCH_001,International School A,BUS_026,DRV_045,2024-02-01,2024,2,1,3,0,winter,6,2,1,18,239.878,50,2.78,13.327,Zone_A,100.0,local_road,4.85,moderate,cloudy,24.7,10,25,9,50,4.46,1.0,3.15,101.68,3.1541,101.7121,1176.34,12.24,65.35,4.9
ROUTE_00316,SCH_002,National School B,BUS_024,DRV_042,2024-09-22,2024,9,22,6,1,monsoon,7,5,1,19,164.177,50,2.63,8.641,Zone_B,100.0,local_road,4.01,moderate,cloudy,31.7,4,43,14,50,4.25,1.0,3.12,101.7,3.1882,101.7047,926.3,10.63,48.75,5.64
ROUTE_00317,SCH_001,International School A,BUS_021,DRV_036,2024-06-06,2024,6,6,3,0,summer,7,46,1,6,95.27,37,6.17,15.878,Zone_C,100.0,highway,2.81,moderate,cloudy,37.6,11,63,4,50,4.5,0.74,3.15,101.68,3.187,101.706,220.84,25.88,36.81,2.32
ROUTE_00318,SCH_001,International School A,BUS_022,DRV_016,2024-02-09,2024,2,9,4,0,winter,5,13,0,6,69.378,50,8.33,11.563,Zone_D,100.0,main_road,3.39,light,cloudy,25.7,23,42,13,50,4.8,1.0,3.15,101.68,3.1579,101.7227,177.08,23.51,29.51,2.55
ROUTE_00319,SCH_002,National School B,BUS_023,DRV_035,2024-09-20,2024,9,20,4,0,monsoon,6,35,1,17,279.174,50,2.94,16.422,Zone_E,100.0,main_road,3.0,moderate,light_rain,31.7,23,53,11,50,4.96,1.0,3.12,101.7,3.1842,101.6902,1101.12,15.21,64.77,3.94
ROUTE_00320,SCH_001,International School A,BUS_006,DRV_040,2024-02-19,2024,2,19,0,0,winter,6,42,1,7,84.325,47,6.71,12.046,Zone_A,100.0,highway,3.1,heavy,clear,29.8,4,25,6,50,3.74,0.94,3.15,101.68,3.2538,101.6767,271.52,18.63,38.79,3.22
ROUTE_00321,SCH_002,National School B,BUS_023,DRV_049,2024-08-21,2024,8,21,2,0,summer,7,32,1,7,61.775,46,6.57,8.825,Zone_B,100.0,main_road,2.55,moderate,heavy_rain,35.8,9,47,12,50,3.24,0.92,3.12,101.7,3.1143,101.7218,326.05,11.37,46.58,5.28
ROUTE_00322,SCH_002,National School B,BUS_001,DRV_015,2024-04-02,2024,4,2,1,0,spring,7,58,1,10,153.692,50,5.0,15.369,Zone_C,100.0,local_road,2.8,moderate,clear,26.8,4,27,6,50,4.43,1.0,3.12,101.7,3.1549,101.6863,842.75,10.94,84.28,5.48
ROUTE_00323,SCH_002,National School B,BUS_010,DRV_050,2024-01-23,2024,1,23,1,0,winter,6,55,1,7,94.345,50,7.14,13.478,Zone_D,100.0,local_road,4.0,congested,fog,22.4,22,57,5,50,4.13,1.0,3.12,101.7,3.2483,101.7194,1135.82,4.98,162.26,12.04
ROUTE_00324,SCH_002,National School B,BUS_015,DRV_038,2024-09-24,2024,9,24,1,0,monsoon,6,1,1,7,83.816,48,6.86,11.974,Zone_E,100.0,local_road,3.17,moderate,light_rain,24.7,4,40,9,50,3.28,0.96,3.12,101.7,3.1849,101.7257,566.41,8.88,80.92,6.76
ROUTE_00325,SCH_002,National School B,BUS_003,DRV_025,2024-07-18,2024,7,18,3,0,summer,5,16,0,6,84.233,43,7.17,14.039,Zone_A,100.0,local_road,3.27,moderate,cloudy,33.9,19,31,5,50,3.35,0.86,3.12,101.7,3.1527,101.7342,303.47,16.65,50.58,3.6
ROUTE_00326,SCH_003,Private School C,BUS_011,DRV_047,2024-09-06,2024,9,6,4,0,monsoon,6,44,1,11,103.998,50,4.55,9.454,Zone_B,100.0,local_road,3.32,moderate,clear,30.7,18,61,10,50,4.26,1.0,3.2,101.65,3.2157,101.6822,563.73,11.07,51.25,5.42
ROUTE_00327,SCH_003,Private School C,BUS_018,DRV_033,2024-06-21,2024,6,21,4,0,summer,6,5,1,15,193.763,50,3.33,12.918,Zone_C,100.0,main_road,3.7,moderate,cloudy,30.3,1,40,10,50,2.8,1.0,3.2,101.65,3.1875,101.6848,790.63,14.7,52.71,4.08
ROUTE_00328,SCH_003,Private School C,BUS_030,DRV_038,2024-02-08,2024,2,8,3,0,winter,6,54,1,5,78.947,33,6.6,15.789,Zone_D,100.0,highway,2.88,free_flow,clear,23.8,10,62,8,50,4.17,0.66,3.2,101.65,3.1312,101.6653,136.65,34.66,27.33,1.73
ROUTE_00329,SCH_003,Private School C,BUS_028,DRV_029,2024-07-25,2024,7,25,3,0,summer,6,29,1,12,171.466,50,4.17,14.289,Zone_E,100.0,local_road,4.31,moderate,clear,30.1,4,25,1,50,2.06,1.0,3.2,101.65,3.1669,101.697,807.45,12.74,67.29,4.71
ROUTE_00330,SCH_003,Private School C,BUS_005,DRV_029,2024-03-26,2024,3,26,1,0,spring,5,26,0,12,145.85,50,4.17,12.154,Zone_A,100.0,highway,3.25,light,clear,25.9,16,61,6,50,2.56,1.0,3.2,101.65,3.1906,101.721,190.13,46.03,15.84,1.3
ROUTE_00331,SCH_002,National School B,BUS_001,DRV_007,2024-10-25,2024,10,25,4,0,monsoon,6,26,1,17,257.673,50,2.94,15.157,Zone_B,100.0,local_road,3.03,moderate,clear,29.6,20,39,2,50,4.91,1.0,3.12,101.7,3.1749,101.7078,1158.6,13.34,68.15,4.5
ROUTE_00332,SCH_001,International School A,BUS_021,DRV_031,2024-05-13,2024,5,13,0,0,spring,6,37,1,13,195.989,50,3.85,15.076,Zone_C,100.0,local_road,3.27,moderate,cloudy,32.1,21,27,11,50,4.29,1.0,3.15,101.68,3.2061,101.719,1011.3,11.63,77.79,5.16
ROUTE_00333,SCH_001,International School A,BUS_018,DRV_028,2024-11-24,2024,11,24,6,1,monsoon,7,19,1,10,143.191,50,5.0,14.319,Zone_D,100.0,residential,3.44,moderate,clear,32.0,13,25,5,50,3.31,1.0,3.15,101.68,3.1581,101.677,779.21,11.03,77.92,5.44
ROUTE_00334,SCH_002,National School B,BUS_027,DRV_009,2024-01-15,2024,1,15,0,0,winter,6,45,1,10,126.57,50,5.0,12.657,Zone_E,100.0,main_road,4.2,heavy,cloudy,28.7,13,35,7,50,2.63,1.0,3.12,101.7,3.2132,101.7001,601.69,12.62,60.17,4.75
ROUTE_00335,SCH_001,International School A,BUS_010,DRV_039,2024-04-04,2024,4,4,3,0,spring,6,19,1,19,273.634,50,2.63,14.402,Zone_A,100.0,local_road,4.31,light,cloudy,26.5,24,56,12,50,3.36,1.0,3.15,101.68,3.1461,101.6781,1049.73,15.64,55.25,3.84
ROUTE_00336,SCH_001,International School A,BUS_022,DRV_021,2024-09-21,2024,9,21,5,1,monsoon,7,23,1,7,84.65,50,7.14,12.093,Zone_B,100.0,local_road,4.86,light,storm,32.5,4,25,6,50,4.99,1.0,3.15,101.68,3.1467,101.6795,575.2,8.83,82.17,6.8
ROUTE_00337,SCH_003,Private School C,BUS_020,DRV_044,2024-03-21,2024,3,21,3,0,spring,6,19,1,16,157.861,50,3.12,9.866,Zone_C,100.0,highway,4.6,moderate,clear,32.5,10,43,9,50,3.96,1.0,3.2,101.65,3.1614,101.7018,361.12,26.23,22.57,2.29
ROUTE_00338,SCH_003,Private School C,BUS_003,DRV_048,2024-08-02,2024,8,2,4,0,summer,7,58,1,8,114.57,50,6.25,14.321,Zone_D,100.0,residential,2.89,heavy,clear,34.6,11,34,9,50,4.57,1.0,3.2,101.65,3.152,101.6658,872.85,7.88,109.11,7.62
ROUTE_00339,SCH_003,Private School C,BUS_030,DRV_039,2024-11-25,2024,11,25,0,0,monsoon,7,15,1,14,189.971,50,3.57,13.569,Zone_E,100.0,main_road,4.8,free_flow,light_rain,28.5,2,56,8,50,2.4,1.0,3.2,101.65,3.1739,101.7109,621.07,18.35,44.36,3.27
ROUTE_00340,SCH_001,International School A,BUS_027,DRV_005,2024-08-14,2024,8,14,2,0,summer,6,24,1,9,124.685,50,5.56,13.854,Zone_A,100.0,residential,2.7,heavy,cloudy,28.9,2,28,6,50,3.5,1.0,3.15,101.68,3.1834,101.6842,1040.57,7.19,115.62,8.35
ROUTE_00341,SCH_003,Private School C,BUS_013,DRV_007,2024-11-16,2024,11,16,5,1,monsoon,7,52,1,14,246.749,50,3.57,17.625,Zone_B,100.0,residential,3.5,light,heavy_rain,31.2,3,54,13,50,3.79,1.0,3.2,101.65,3.178,101.6949,1887.37,7.84,134.81,7.65
ROUTE_00342,SCH_002,National School B,BUS_028,DRV_022,2024-01-01,2024,1,1,0,0,winter,7,30,1,9,101.51,50,5.56,11.279,Zone_C,100.0,highway,4.19,light,heavy_rain,27.3,7,34,6,50,3.74,1.0,3.12,101.7,3.1663,101.7017,292.63,20.81,32.51,2.88
ROUTE_00343,SCH_001,International School A,BUS_021,DRV_049,2024-04-26,2024,4,26,4,0,spring,6,35,1,12,126.75,50,4.17,10.563,Zone_D,100.0,local_road,4.77,congested,clear,31.9,5,41,13,50,2.45,1.0,3.15,101.68,3.1575,101.7014,1229.25,6.19,102.44,9.7
ROUTE_00344,SCH_001,International School A,BUS_023,DRV_043,2024-12-30,2024,12,30,0,0,winter,7,22,1,7,63.941,49,7.0,9.134,Zone_E,100.0,local_road,4.76,moderate,clear,26.2,21,51,10,50,2.15,0.98,3.15,101.68,3.1589,101.7058,320.62,11.97,45.8,5.01
ROUTE_00345,SCH_003,Private School C,BUS_029,DRV_004,2024-01-11,2024,1,11,3,0,winter,7,49,1,5,61.968,43,8.6,12.394,Zone_A,100.0,local_road,4.67,moderate,heavy_rain,24.7,10,58,8,50,2.38,0.86,3.2,101.65,3.2569,101.701,491.51,7.56,98.3,7.93
ROUTE_00346,SCH_002,National School B,BUS_022,DRV_025,2024-05-28,2024,5,28,1,0,spring,5,10,0,14,191.001,50,3.57,13.643,Zone_B,100.0,main_road,2.89,free_flow,clear,29.1,21,55,8,50,3.24,1.0,3.12,101.7,3.1614,101.683,337.28,33.98,24.09,1.77
ROUTE_00347,SCH_003,Private School C,BUS_010,DRV_036,2024-10-12,2024,10,12,5,1,monsoon,7,25,1,10,82.464,50,5.0,8.246,Zone_C,100.0,local_road,3.93,congested,fog,29.1,11,44,12,50,4.09,1.0,3.2,101.65,3.1279,101.6794,962.7,5.14,96.27,11.67
ROUTE_00348,SCH_003,Private School C,BUS_003,DRV_008,2024-08-30,2024,8,30,4,0,summer,6,36,1,10,95.509,50,5.0,9.551,Zone_D,100.0,residential,4.13,heavy,light_rain,29.2,2,40,2,50,4.3,1.0,3.2,101.65,3.1891,101.6736,937.26,6.11,93.73,9.81
ROUTE_00349,SCH_001,International School A,BUS_025,DRV_032,2024-04-19,2024,4,19,4,0,spring,7,12,1,9,109.292,50,5.56,12.144,Zone_E,100.0,main_road,4.02,heavy,heavy_rain,29.0,21,26,12,50,3.04,1.0,3.15,101.68,3.1056,101.7085,691.31,9.49,76.81,6.33
ROUTE_00350,SCH_001,International School A,BUS_016,DRV_009,2024-10-05,2024,10,5,5,1,monsoon,6,28,1,7,77.489,50,7.14,11.07,Zone_A,100.0,main_road,4.49,heavy,heavy_rain,30.0,1,50,8,50,2.54,1.0,3.15,101.68,3.1891,101.7103,537.32,8.65,76.76,6.93
ROUTE_00351,SCH_003,Private School C,BUS_013,DRV_043,2024-05-03,2024,5,3,4,0,spring,5,39,0,10,118.852,50,5.0,11.885,Zone_B,100.0,local_road,4.65,light,cloudy,27.8,16,50,4,50,4.16,1.0,3.2,101.65,3.1845,101.7017,347.61,20.51,34.76,2.92
ROUTE_00352,SCH_001,International School A,BUS_021,DRV_041,2024-03-15,2024,3,15,4,0,spring,5,13,0,14,169.693,50,3.57,12.121,Zone_C,100.0,main_road,3.77,free_flow,clear,27.7,6,37,11,50,3.71,1.0,3.15,101.68,3.1729,101.6943,343.86,29.61,24.56,2.03
ROUTE_00353,SCH_001,International School A,BUS_009,DRV_031,2024-11-16,2024,11,16,5,1,monsoon,7,21,1,15,226.536,50,3.33,15.102,Zone_D,100.0,highway,4.75,light,cloudy,31.1,18,26,6,50,2.3,1.0,3.15,101.68,3.1506,101.7051,375.55,36.19,25.04,1.66
ROUTE_00354,SCH_001,International School A,BUS_014,DRV_013,2024-11-18,2024,11,18,0,0,monsoon,6,22,1,19,216.789,50,2.63,11.41,Zone_E,100.0,main_road,3.81,free_flow,cloudy,25.2,14,64,6,50,4.64,1.0,3.15,101.68,3.141,101.7003,520.42,24.99,27.39,2.4
ROUTE_00355,SCH_003,Private School C,BUS_010,DRV_001,2024-03-30,2024,3,30,5,1,spring,5,23,0,12,157.623,50,4.17,13.135,Zone_A,100.0,local_road,4.1,free_flow,storm,25.4,15,43,8,50,3.09,1.0,3.2,101.65,3.18,101.7213,617.51,15.32,51.46,3.92
ROUTE_00356,SCH_001,International School A,BUS_024,DRV_004,2024-06-24,2024,6,24,0,0,summer,5,22,0,6,84.549,48,8.0,14.092,Zone_B,100.0,local_road,4.02,light,clear,34.1,24,64,1,50,3.46,0.96,3.15,101.68,3.1842,101.7191,247.14,20.53,41.19,2.92
ROUTE_00357,SCH_003,Private School C,BUS_001,DRV_027,2024-02-17,2024,2,17,5,1,winter,6,31,1,18,219.972,50,2.78,12.221,Zone_C,100.0,residential,4.37,moderate,cloudy,29.5,18,60,11,50,4.61,1.0,3.2,101.65,3.1956,101.6878,1421.25,9.29,78.96,6.46
ROUTE_00358,SCH_001,International School A,BUS_013,DRV_050,2024-08-23,2024,8,23,4,0,summer,6,31,1,16,222.207,50,3.12,13.888,Zone_D,100.0,main_road,3.37,moderate,cloudy,28.4,17,54,3,50,3.56,1.0,3.15,101.68,3.1583,101.6858,707.75,18.84,44.23,3.19
ROUTE_00359,SCH_002,National School B,BUS_017,DRV_027,2024-05-19,2024,5,19,6,1,spring,5,0,0,12,183.12,50,4.17,15.26,Zone_E,100.0,highway,4.01,free_flow,clear,27.1,24,31,12,50,3.87,1.0,3.12,101.7,3.1812,101.6832,193.54,56.77,16.13,1.06
ROUTE_00360,SCH_001,International School A,BUS_012,DRV_010,2024-11-03,2024,11,3,6,1,monsoon,6,10,1,12,98.675,50,4.17,8.223,Zone_A,100.0,highway,4.87,moderate,heavy_rain,26.3,17,32,9,50,4.05,1.0,3.15,101.68,3.1534,101.7039,282.5,20.96,23.54,2.86
ROUTE_00361,SCH_003,Private School C,BUS_023,DRV_002,2024-05-23,2024,5,23,3,0,spring,6,29,1,16,217.083,50,3.12,13.568,Zone_B,100.0,main_road,4.78,moderate,clear,31.2,5,53,4,50,2.1,1.0,3.2,101.65,3.1876,101.6919,736.3,17.69,46.02,3.39
ROUTE_00362,SCH_001,International School A,BUS_027,DRV_008,2024-02-25,2024,2,25,6,1,winter,6,15,1,16,253.243,50,3.12,15.828,Zone_C,100.0,local_road,3.61,free_flow,clear,25.8,20,35,10,50,3.37,1.0,3.15,101.68,3.162,101.7149,858.08,17.71,53.63,3.39
ROUTE_00363,SCH_003,Private School C,BUS_022,DRV_041,2024-12-27,2024,12,27,4,0,winter,7,57,1,6,45.786,46,7.67,7.631,Zone_D,100.0,main_road,4.17,heavy,clear,24.5,21,61,2,50,3.15,0.92,3.2,101.65,3.2224,101.6515,225.89,12.16,37.65,4.93
ROUTE_00364,SCH_003,Private School C,BUS_012,DRV_021,2024-05-04,2024,5,4,5,1,spring,7,19,1,15,165.436,50,3.33,11.029,Zone_E,100.0,main_road,4.86,free_flow,clear,31.1,11,44,7,50,4.98,1.0,3.2,101.65,3.1715,101.6889,286.7,34.62,19.11,1.73
ROUTE_00365,SCH_001,International School A,BUS_024,DRV_041,2024-09-29,2024,9,29,6,1,monsoon,7,24,1,12,109.266,50,4.17,9.105,Zone_A,100.0,local_road,3.79,heavy,light_rain,27.2,14,39,4,50,4.5,1.0,3.15,101.68,3.2215,101.7169,721.93,9.08,60.16,6.61
ROUTE_00366,SCH_003,Private School C,BUS_008,DRV_019,2024-11-06,2024,11,6,2,0,monsoon,6,17,1,13,156.754,50,3.85,12.058,Zone_B,100.0,local_road,3.59,moderate,light_rain,30.3,9,59,5,50,3.81,1.0,3.2,101.65,3.1748,101.7035,997.09,9.43,76.7,6.36
ROUTE_00367,SCH_001,International School A,BUS_006,DRV_045,2024-12-27,2024,12,27,4,0,winter,7,43,1,16,211.594,50,3.12,13.225,Zone_C,100.0,main_road,2.71,congested,cloudy,22.2,9,55,12,50,4.38,1.0,3.15,101.68,3.1758,101.7063,1535.87,8.27,95.99,7.26
ROUTE_00368,SCH_002,National School B,BUS_022,DRV_040,2024-03-04,2024,3,4,0,0,spring,6,11,1,19,222.435,50,2.63,11.707,Zone_D,100.0,residential,2.98,heavy,clear,26.5,13,40,0,50,2.92,1.0,3.12,101.7,3.158,101.6802,1607.97,8.3,84.63,7.23
ROUTE_00369,SCH_003,Private School C,BUS_025,DRV_045,2024-06-10,2024,6,10,0,0,summer,5,38,0,10,138.27,50,5.0,13.827,Zone_E,100.0,local_road,2.59,light,clear,31.8,13,37,8,50,4.55,1.0,3.2,101.65,3.1528,101.718,395.21,20.99,39.52,2.86
ROUTE_00370,SCH_003,Private School C,BUS_026,DRV_022,2024-09-20,2024,9,20,4,0,monsoon,6,20,1,5,45.536,28,5.6,9.107,Zone_A,100.0,residential,3.13,heavy,clear,25.3,13,40,2,50,2.62,0.56,3.2,101.65,3.2314,101.7256,349.89,7.81,69.98,7.68
ROUTE_00371,SCH_003,Private School C,BUS_018,DRV_009,2024-01-16,2024,1,16,1,0,winter,7,5,1,12,199.093,50,4.17,16.591,Zone_B,100.0,residential,4.36,moderate,clear,28.8,15,48,5,50,2.97,1.0,3.2,101.65,3.1492,101.7071,1130.0,10.57,94.17,5.68
ROUTE_00372,SCH_003,Private School C,BUS_026,DRV_044,2024-06-01,2024,6,1,5,1,summer,6,20,1,12,155.659,50,4.17,12.972,Zone_C,100.0,local_road,4.3,heavy,cloudy,33.7,8,38,13,50,4.62,1.0,3.2,101.65,3.1651,101.6885,1059.3,8.82,88.28,6.81
ROUTE_00373,SCH_002,National School B,BUS_018,DRV_020,2024-12-15,2024,12,15,6,1,winter,6,22,1,5,41.833,28,5.6,8.367,Zone_D,100.0,local_road,3.89,moderate,heavy_rain,26.1,3,49,5,50,3.62,0.56,3.12,101.7,3.1846,101.6763,334.54,7.5,66.91,8.0
ROUTE_00374,SCH_002,National School B,BUS_003,DRV_013,2024-10-22,2024,10,22,1,0,monsoon,5,48,0,8,81.247,50,6.25,10.156,Zone_E,100.0,main_road,3.26,free_flow,cloudy,24.2,19,48,13,50,3.08,1.0,3.12,101.7,3.167,101.7137,172.48,28.26,21.56,2.12
ROUTE_00375,SCH_001,International School A,BUS_026,DRV_036,2024-10-16,2024,10,16,2,0,monsoon,7,2,1,8,103.471,50,6.25,12.934,Zone_A,100.0,local_road,4.11,free_flow,clear,29.9,23,34,7,50,2.73,1.0,3.15,101.68,3.1943,101.6891,324.75,19.12,40.59,3.14
ROUTE_00376,SCH_003,Private School C,BUS_018,DRV_027,2024-01-25,2024,1,25,3,0,winter,5,56,0,14,138.719,50,3.57,9.909,Zone_B,100.0,main_road,3.14,free_flow,light_rain,23.1,11,28,2,50,4.76,1.0,3.2,101.65,3.1807,101.684,294.94,28.22,21.07,2.13
ROUTE_00377,SCH_003,Private School C,BUS_006,DRV_039,2024-10-02,2024,10,2,2,0,monsoon,7,10,1,15,193.417,50,3.33,12.894,Zone_C,100.0,main_road,2.84,free_flow,cloudy,29.8,4,54,2,50,3.14,1.0,3.2,101.65,3.1504,101.6978,575.44,20.17,38.36,2.98
ROUTE_00378,SCH_002,National School B,BUS_008,DRV_047,2024-06-04,2024,6,4,1,0,summer,6,17,1,6,100.048,38,6.33,16.675,Zone_D,100.0,local_road,4.77,moderate,heavy_rain,28.2,5,37,7,50,2.45,0.76,3.12,101.7,3.1519,101.7059,790.9,7.59,131.82,7.91
ROUTE_00379,SCH_001,International School A,BUS_030,DRV_019,2024-09-06,2024,9,6,4,0,monsoon,7,55,1,11,124.968,50,4.55,11.361,Zone_E,100.0,local_road,4.72,light,heavy_rain,24.5,23,52,12,50,4.77,1.0,3.15,101.68,3.1879,101.687,714.01,10.5,64.91,5.71
ROUTE_00380,SCH_002,National School B,BUS_019,DRV_004,2024-04-03,2024,4,3,2,0,spring,6,39,1,12,133.023,50,4.17,11.085,Zone_A,100.0,main_road,2.76,moderate,clear,25.2,7,40,6,50,4.39,1.0,3.12,101.7,3.2067,101.6964,390.9,20.42,32.57,2.94
ROUTE_00381,SCH_002,National School B,BUS_015,DRV_036,2024-12-18,2024,12,18,2,0,winter,5,47,0,10,115.187,50,5.0,11.519,Zone_B,100.0,highway,3.72,moderate,clear,28.0,19,54,8,50,2.41,1.0,3.12,101.7,3.171,101.6885,216.98,31.85,21.7,1.88
ROUTE_00382,SCH_001,International School A,BUS_023,DRV_009,2024-05-19,2024,5,19,6,1,spring,5,52,0,14,149.217,50,3.57,10.658,Zone_C,100.0,local_road,3.01,light,light_rain,29.4,10,27,4,50,2.6,1.0,3.15,101.68,3.152,101.7075,551.91,16.22,39.42,3.7
ROUTE_00383,SCH_003,Private School C,BUS_002,DRV_032,2024-05-15,2024,5,15,2,0,spring,6,37,1,8,80.789,50,6.25,10.099,Zone_D,100.0,local_road,3.98,moderate,clear,29.3,18,58,13,50,4.71,1.0,3.2,101.65,3.1796,101.6841,408.21,11.87,51.03,5.05
ROUTE_00384,SCH_003,Private School C,BUS_010,DRV_038,2024-04-07,2024,4,7,6,1,spring,7,41,1,16,234.107,50,3.12,14.632,Zone_E,100.0,local_road,3.9,heavy,clear,31.0,12,45,1,50,2.62,1.0,3.2,101.65,3.1698,101.6959,1193.51,11.77,74.59,5.1
ROUTE_00385,SCH_002,National School B,BUS_009,DRV_031,2024-09-13,2024,9,13,4,0,monsoon,7,22,1,7,130.058,45,6.43,18.58,Zone_A,100.0,highway,3.01,heavy,clear,25.0,22,47,7,50,2.64,0.9,3.12,101.7,3.188,101.6953,386.13,20.21,55.16,2.97
ROUTE_00386,SCH_002,National School B,BUS_012,DRV_046,2024-01-17,2024,1,17,2,0,winter,5,26,0,5,84.167,25,5.0,16.833,Zone_B,100.0,main_road,4.21,free_flow,clear,28.4,13,52,11,50,2.14,0.5,3.12,101.7,3.1664,101.7108,177.01,28.53,35.4,2.1
ROUTE_00387,SCH_002,National School B,BUS_008,DRV_043,2024-04-14,2024,4,14,6,1,spring,7,29,1,5,67.189,28,5.6,13.438,Zone_C,100.0,local_road,3.93,congested,cloudy,31.7,8,25,2,50,2.63,0.56,3.12,101.7,3.2218,101.6949,534.25,7.55,106.85,7.95
ROUTE_00388,SCH_001,International School A,BUS_025,DRV_026,2024-03-16,2024,3,16,5,1,spring,7,12,1,6,84.195,36,6.0,14.032,Zone_D,100.0,main_road,3.04,moderate,clear,32.8,4,36,4,50,2.2,0.72,3.15,101.68,3.1563,101.7433,273.61,18.46,45.6,3.25
ROUTE_00389,SCH_001,International School A,BUS_016,DRV_035,2024-10-23,2024,10,23,2,0,monsoon,5,52,0,11,112.823,50,4.55,10.257,Zone_E,100.0,local_road,4.18,free_flow,clear,28.9,8,40,5,50,3.94,1.0,3.15,101.68,3.1724,101.7361,315.81,21.44,28.71,2.8
ROUTE_00390,SCH_002,National School B,BUS_007,DRV_034,2024-05-15,2024,5,15,2,0,spring,6,31,1,9,103.951,50,5.56,11.55,Zone_A,100.0,main_road,4.34,moderate,clear,27.1,23,42,10,50,5.0,1.0,3.12,101.7,3.1582,101.7071,288.09,21.65,32.01,2.77
ROUTE_00391,SCH_003,Private School C,BUS_023,DRV_042,2024-12-30,2024,12,30,0,0,winter,7,34,1,9,105.557,50,5.56,11.729,Zone_B,100.0,highway,3.4,light,clear,27.6,9,58,8,50,4.69,1.0,3.2,101.65,3.1892,101.6816,200.36,31.61,22.26,1.9
ROUTE_00392,SCH_003,Private School C,BUS_008,DRV_019,2024-01-02,2024,1,2,1,0,winter,6,56,1,7,88.684,50,7.14,12.669,Zone_C,100.0,main_road,4.24,moderate,clear,29.1,18,36,9,50,2.23,1.0,3.2,101.65,3.1693,101.6607,324.11,16.42,46.3,3.65
ROUTE_00393,SCH_001,International School A,BUS_020,DRV_026,2024-12-07,2024,12,7,5,1,winter,6,44,1,18,263.619,50,2.78,14.645,Zone_D,100.0,local_road,4.07,free_flow,heavy_rain,22.1,20,51,12,50,3.59,1.0,3.15,101.68,3.1685,101.7243,1324.86,11.94,73.6,5.03
ROUTE_00394,SCH_001,International School A,BUS_015,DRV_015,2024-05-19,2024,5,19,6,1,spring,5,10,0,14,165.568,50,3.57,11.826,Zone_E,100.0,main_road,3.34,heavy,cloudy,30.3,20,46,5,50,3.88,1.0,3.15,101.68,3.1754,101.6897,525.61,18.9,37.54,3.17
ROUTE_00395,SCH_003,Private School C,BUS_029,DRV_034,2024-07-11,2024,7,11,3,0,summer,6,40,1,17,245.864,50,2.94,14.463,Zone_A,100.0,main_road,3.7,free_flow,clear,29.3,4,28,10,50,3.35,1.0,3.2,101.65,3.1721,101.714,563.04,26.2,33.12,2.29
ROUTE_00396,SCH_001,International School A,BUS_003,DRV_011,2024-01-06,2024,1,6,5,1,winter,6,44,1,19,291.062,50,2.63,15.319,Zone_B,100.0,local_road,4.76,moderate,fog,26.2,4,64,11,50,3.03,1.0,3.15,101.68,3.1826,101.6968,2164.13,8.07,113.9,7.44
ROUTE_00397,SCH_003,Private School C,BUS_026,DRV_048,2024-10-25,2024,10,25,4,0,monsoon,6,30,1,7,97.108,43,6.14,13.873,Zone_C,100.0,local_road,2.71,heavy,cloudy,27.7,13,37,11,50,2.52,0.86,3.2,101.65,3.1747,101.7189,796.32,7.32,113.76,8.2
ROUTE_00398,SCH_002,National School B,BUS_012,DRV_020,2024-03-23,2024,3,23,5,1,spring,7,13,1,5,79.545,38,7.6,15.909,Zone_D,100.0,main_road,3.12,moderate,clear,32.6,1,28,8,50,3.2,0.76,3.12,101.7,3.1458,101.6392,260.57,18.32,52.11,3.28
ROUTE_00399,SCH_001,International School A,BUS_018,DRV_024,2024-11-05,2024,11,5,1,0,monsoon,6,32,1,13,134.032,50,3.85,10.31,Zone_E,100.0,main_road,2.66,moderate,clear,31.6,23,28,11,50,3.15,1.0,3.15,101.68,3.2044,101.6936,458.16,17.55,35.24,3.42
ROUTE_00400,SCH_002,National School B,BUS_017,DRV_005,2024-12-14,2024,12,14,5,1,winter,6,16,1,7,92.605,50,7.14,13.229,Zone_A,100.0,highway,4.07,free_flow,cloudy,27.0,17,51,2,50,3.67,1.0,3.12,101.7,3.1873,101.6743,119.53,46.49,17.08,1.29
ROUTE_00401,SCH_001,International School A,BUS_011,DRV_001,2024-10-05,2024,10,5,5,1,monsoon,6,35,1,16,168.153,50,3.12,10.51,Zone_B,100.0,residential,3.15,heavy,clear,30.0,14,55,10,50,3.3,1.0,3.15,101.68,3.1828,101.6779,1287.57,7.84,80.47,7.66
ROUTE_00402,SCH_001,International School A,BUS_006,DRV_040,2024-07-16,2024,7,16,1,0,summer,7,59,1,11,200.415,50,4.55,18.22,Zone_C,100.0,highway,3.05,light,clear,31.5,10,44,10,50,3.69,1.0,3.15,101.68,3.1598,101.6999,369.49,32.54,33.59,1.84
ROUTE_00403,SCH_002,National School B,BUS_030,DRV_019,2024-12-10,2024,12,10,1,0,winter,5,34,0,13,167.556,50,3.85,12.889,Zone_D,100.0,local_road,4.72,free_flow,cloudy,22.6,2,30,12,50,2.93,1.0,3.12,101.7,3.1571,101.6773,624.0,16.11,48.0,3.72
ROUTE_00404,SCH_002,National School B,BUS_021,DRV_014,2024-11-24,2024,11,24,6,1,monsoon,6,11,1,13,140.048,50,3.85,10.773,Zone_E,100.0,main_road,4.03,moderate,clear,32.5,21,58,6,50,4.46,1.0,3.12,101.7,3.1639,101.7299,420.3,19.99,32.33,3.0
ROUTE_00405,SCH_001,International School A,BUS_018,DRV_034,2024-09-19,2024,9,19,3,0,monsoon,5,38,0,10,143.57,50,5.0,14.357,Zone_A,100.0,highway,3.33,free_flow,light_rain,31.6,3,45,7,50,3.24,1.0,3.15,101.68,3.1719,101.7185,235.84,36.53,23.58,1.64
ROUTE_00406,SCH_002,National School B,BUS_010,DRV_032,2024-03-16,2024,3,16,5,1,spring,6,40,1,7,74.115,50,7.14,10.588,Zone_B,100.0,local_road,3.46,heavy,clear,32.4,24,43,5,50,3.22,1.0,3.12,101.7,3.1858,101.6801,402.4,11.05,57.49,5.43
ROUTE_00407,SCH_003,Private School C,BUS_001,DRV_015,2024-11-22,2024,11,22,4,0,monsoon,6,52,1,6,74.235,42,7.0,12.373,Zone_C,100.0,residential,2.97,moderate,light_rain,28.3,21,42,3,50,4.46,0.84,3.2,101.65,3.1592,101.7179,543.25,8.2,90.54,7.32
ROUTE_00408,SCH_003,Private School C,BUS_014,DRV_044,2024-08-20,2024,8,20,1,0,summer,6,26,1,16,232.95,50,3.12,14.559,Zone_D,100.0,residential,4.82,heavy,clear,34.1,6,37,11,50,2.2,1.0,3.2,101.65,3.1917,101.7013,1911.63,7.31,119.48,8.21
ROUTE_00409,SCH_002,National School B,BUS_012,DRV_050,2024-05-01,2024,5,1,2,0,spring,6,11,1,10,117.497,50,5.0,11.75,Zone_E,100.0,main_road,4.7,heavy,clear,32.1,3,26,3,50,2.89,1.0,3.12,101.7,3.1995,101.7139,517.42,13.62,51.74,4.4
ROUTE_00410,SCH_003,Private School C,BUS_015,DRV_019,2024-06-20,2024,6,20,3,0,summer,7,14,1,17,197.631,50,2.94,11.625,Zone_A,100.0,local_road,3.8,light,clear,30.3,20,45,0,50,2.14,1.0,3.2,101.65,3.1355,101.7163,622.4,19.05,36.61,3.15
ROUTE_00411,SCH_003,Private School C,BUS_025,DRV_003,2024-11-30,2024,11,30,5,1,monsoon,7,29,1,16,237.783,50,3.12,14.861,Zone_B,100.0,highway,2.79,congested,storm,30.2,14,64,3,50,4.19,1.0,3.2,101.65,3.1493,101.6769,1473.55,9.68,92.1,6.2
ROUTE_00412,SCH_003,Private School C,BUS_002,DRV_031,2024-08-06,2024,8,6,1,0,summer,7,3,1,14,188.713,50,3.57,13.48,Zone_C,100.0,local_road,4.46,free_flow,clear,28.9,11,56,11,50,2.74,1.0,3.2,101.65,3.1891,101.6994,692.4,16.35,49.46,3.67
ROUTE_00413,SCH_001,International School A,BUS_021,DRV_040,2024-04-24,2024,4,24,2,0,spring,6,30,1,10,111.586,50,5.0,11.159,Zone_D,100.0,local_road,4.23,moderate,clear,27.1,19,44,3,50,2.21,1.0,3.15,101.68,3.1861,101.706,498.97,13.42,49.9,4.47
ROUTE_00414,SCH_003,Private School C,BUS_012,DRV_031,2024-06-19,2024,6,19,2,0,summer,6,32,1,7,81.248,50,7.14,11.607,Zone_E,100.0,highway,3.85,heavy,light_rain,33.7,23,43,6,50,4.5,1.0,3.2,101.65,3.1644,101.7083,249.59,19.53,35.66,3.07
ROUTE_00415,SCH_003,Private School C,BUS_005,DRV_031,2024-06-27,2024,6,27,3,0,summer,5,22,0,12,164.692,50,4.17,13.724,Zone_A,100.0,local_road,4.22,free_flow,cloudy,37.6,4,45,10,50,3.92,1.0,3.2,101.65,3.182,101.6891,478.44,20.65,39.87,2.91
ROUTE_00416,SCH_002,National School B,BUS_025,DRV_004,2024-09-16,2024,9,16,0,0,monsoon,5,38,0,11,159.551,50,4.55,14.505,Zone_B,100.0,local_road,4.61,free_flow,light_rain,30.1,16,34,4,50,3.57,1.0,3.12,101.7,3.18,101.714,501.84,19.08,45.62,3.15
ROUTE_00417,SCH_003,Private School C,BUS_030,DRV_001,2024-11-29,2024,11,29,4,0,monsoon,6,5,1,11,168.887,50,4.55,15.353,Zone_C,100.0,local_road,4.22,heavy,heavy_rain,27.6,20,26,8,50,3.0,1.0,3.2,101.65,3.1743,101.696,1845.38,5.49,167.76,10.93
ROUTE_00418,SCH_001,International School A,BUS_020,DRV_013,2024-09-12,2024,9,12,3,0,monsoon,6,44,1,11,144.701,50,4.55,13.155,Zone_D,100.0,highway,3.66,light,cloudy,27.0,3,59,10,50,4.31,1.0,3.15,101.68,3.1996,101.7265,339.67,25.56,30.88,2.35
ROUTE_00419,SCH_001,International School A,BUS_011,DRV_001,2024-05-25,2024,5,25,5,1,spring,7,7,1,18,196.172,50,2.78,10.898,Zone_E,100.0,highway,3.85,heavy,light_rain,31.5,16,39,4,50,4.08,1.0,3.15,101.68,3.1499,101.7376,542.41,21.7,30.13,2.76
ROUTE_00420,SCH_002,National School B,BUS_021,DRV_046,2024-09-01,2024,9,1,6,1,monsoon,5,17,0,8,174.993,50,6.25,21.874,Zone_A,100.0,main_road,3.85,light,light_rain,26.3,19,43,9,50,4.26,1.0,3.12,101.7,3.1668,101.7066,382.7,27.44,47.84,2.19
ROUTE_00421,SCH_001,International School A,BUS_025,DRV_040,2024-04-28,2024,4,28,6,1,spring,6,3,1,8,121.387,50,6.25,15.173,Zone_B,100.0,highway,3.97,heavy,clear,28.7,16,62,10,50,3.67,1.0,3.15,101.68,3.1334,101.7063,318.02,22.9,39.75,2.62
ROUTE_00422,SCH_001,International School A,BUS_017,DRV_014,2024-06-28,2024,6,28,4,0,summer,7,12,1,16,203.817,50,3.12,12.739,Zone_C,100.0,main_road,2.67,heavy,cloudy,36.1,4,59,7,50,2.85,1.0,3.15,101.68,3.1506,101.7189,1223.16,10.0,76.45,6.0
ROUTE_00423,SCH_003,Private School C,BUS_019,DRV_012,2024-02-10,2024,2,10,5,1,winter,6,53,1,14,189.854,50,3.57,13.561,Zone_D,100.0,main_road,4.65,light,clear,23.8,17,54,1,50,4.49,1.0,3.2,101.65,3.1691,101.6701,432.29,26.35,30.88,2.28
ROUTE_00424,SCH_003,Private School C,BUS_005,DRV_042,2024-08-03,2024,8,3,5,1,summer,7,24,1,15,190.276,50,3.33,12.685,Zone_E,100.0,local_road,4.4,heavy,fog,35.4,9,62,3,50,2.43,1.0,3.2,101.65,3.1962,101.7017,1500.62,7.61,100.04,7.89
ROUTE_00425,SCH_001,International School A,BUS_020,DRV_048,2024-07-17,2024,7,17,2,0,summer,7,54,1,5,60.33,36,7.2,12.066,Zone_A,100.0,local_road,4.64,moderate,clear,31.7,8,29,8,50,3.04,0.72,3.15,101.68,3.2117,101.6749,263.1,13.76,52.62,4.36
ROUTE_00426,SCH_002,National School B,BUS_002,DRV_050,2024-04-07,2024,4,7,6,1,spring,6,17,1,15,212.251,50,3.33,14.15,Zone_B,100.0,local_road,2.81,moderate,clear,32.6,22,45,8,50,3.0,1.0,3.12,101.7,3.1512,101.6925,868.51,14.66,57.9,4.09
ROUTE_00427,SCH_002,National School B,BUS_030,DRV_050,2024-01-25,2024,1,25,3,0,winter,5,21,0,7,82.748,50,7.14,11.821,Zone_C,100.0,main_road,4.04,free_flow,cloudy,22.5,4,32,14,50,3.67,1.0,3.12,101.7,3.192,101.6683,216.69,22.91,30.96,2.62
ROUTE_00428,SCH_003,Private School C,BUS_001,DRV_015,2024-10-25,2024,10,25,4,0,monsoon,7,16,1,5,47.909,47,9.4,9.582,Zone_D,100.0,local_road,2.94,heavy,clear,27.2,5,33,5,50,2.18,0.94,3.2,101.65,3.1194,101.6851,397.83,7.23,79.57,8.3
ROUTE_00429,SCH_001,International School A,BUS_022,DRV_010,2024-09-04,2024,9,4,2,0,monsoon,7,32,1,9,80.993,50,5.56,8.999,Zone_E,100.0,residential,3.75,heavy,clear,32.7,19,59,6,50,4.42,1.0,3.15,101.68,3.2089,101.7033,665.0,7.31,73.89,8.21
ROUTE_00430,SCH_003,Private School C,BUS_023,DRV_044,2024-07-20,2024,7,20,5,1,summer,6,33,1,7,78.784,42,6.0,11.255,Zone_A,100.0,main_road,3.7,free_flow,clear,31.2,7,46,0,50,3.11,0.84,3.2,101.65,3.1428,101.7064,138.74,34.07,19.82,1.76
ROUTE_00431,SCH_002,National School B,BUS_023,DRV_005,2024-12-18,2024,12,18,2,0,winter,6,17,1,13,176.664,50,3.85,13.59,Zone_B,100.0,main_road,4.18,moderate,clear,25.8,17,50,9,50,2.5,1.0,3.12,101.7,3.137,101.7048,597.97,17.73,46.0,3.38
ROUTE_00432,SCH_001,International School A,BUS_028,DRV_041,2024-09-13,2024,9,13,4,0,monsoon,6,37,1,17,222.2,50,2.94,13.071,Zone_C,100.0,residential,4.44,moderate,light_rain,28.9,6,44,8,50,2.32,1.0,3.15,101.68,3.15,101.7077,1795.02,7.43,105.59,8.08
ROUTE_00433,SCH_003,Private School C,BUS_011,DRV_016,2024-10-13,2024,10,13,6,1,monsoon,5,8,0,6,73.031,39,6.5,12.172,Zone_D,100.0,local_road,4.1,moderate,clear,24.0,14,45,10,50,2.55,0.78,3.2,101.65,3.1666,101.6859,295.49,14.83,49.25,4.05
ROUTE_00434,SCH_003,Private School C,BUS_025,DRV_021,2024-03-27,2024,3,27,2,0,spring,7,28,1,14,126.585,50,3.57,9.042,Zone_E,100.0,local_road,3.59,heavy,fog,24.5,2,45,9,50,4.39,1.0,3.2,101.65,3.1217,101.7153,1181.9,6.43,84.42,9.34
ROUTE_00435,SCH_002,National School B,BUS_024,DRV_043,2024-03-20,2024,3,20,2,0,spring,5,36,0,13,132.88,50,3.85,10.222,Zone_A,100.0,main_road,4.93,light,heavy_rain,24.4,16,37,2,50,3.0,1.0,3.12,101.7,3.1934,101.7254,354.5,22.49,27.27,2.67
ROUTE_00436,SCH_003,Private School C,BUS_024,DRV_025,2024-12-11,2024,12,11,2,0,winter,6,21,1,17,244.96,50,2.94,14.409,Zone_B,100.0,local_road,3.88,free_flow,fog,29.1,19,63,8,50,3.49,1.0,3.2,101.65,3.1775,101.6898,1177.11,12.49,69.24,4.81
ROUTE_00437,SCH_002,National School B,BUS_016,DRV_040,2024-05-05,2024,5,5,6,1,spring,7,49,1,10,82.081,50,5.0,8.208,Zone_C,100.0,main_road,4.67,congested,clear,30.7,15,33,12,50,4.53,1.0,3.12,101.7,3.1835,101.7413,430.77,11.43,43.08,5.25
ROUTE_00438,SCH_002,National School B,BUS_013,DRV_037,2024-03-24,2024,3,24,6,1,spring,5,39,0,11,143.925,50,4.55,13.084,Zone_D,100.0,main_road,4.04,moderate,clear,27.6,13,27,10,50,2.97,1.0,3.12,101.7,3.1827,101.6784,353.3,24.44,32.12,2.45
ROUTE_00439,SCH_001,International School A,BUS_008,DRV_037,2024-12-01,2024,12,1,6,1,winter,5,33,0,10,115.335,50,5.0,11.533,Zone_E,100.0,residential,4.16,light,clear,24.6,12,44,5,50,4.47,1.0,3.15,101.68,3.1848,101.6765,370.06,18.7,37.01,3.21
ROUTE_00440,SCH_001,International School A,BUS_001,DRV_035,2024-11-21,2024,11,21,3,0,monsoon,6,34,1,11,96.992,50,4.55,8.817,Zone_A,100.0,main_road,3.14,moderate,light_rain,27.4,4,53,9,50,3.28,1.0,3.15,101.68,3.1735,101.6653,446.97,13.02,40.63,4.61
ROUTE_00441,SCH_003,Private School C,BUS_022,DRV_022,2024-08-11,2024,8,11,6,1,summer,7,43,1,17,231.336,50,2.94,13.608,Zone_B,100.0,local_road,4.51,light,fog,33.5,5,50,13,50,3.04,1.0,3.2,101.65,3.1884,101.6838,1221.38,11.36,71.85,5.28
ROUTE_00442,SCH_002,National School B,BUS_005,DRV_006,2024-01-06,2024,1,6,5,1,winter,6,10,1,15,205.888,50,3.33,13.726,Zone_C,100.0,residential,2.62,heavy,cloudy,25.2,21,56,9,50,4.92,1.0,3.12,101.7,3.1922,101.7282,1846.07,6.69,123.07,8.97
ROUTE_00443,SCH_002,National School B,BUS_003,DRV_019,2024-02-13,2024,2,13,1,0,winter,5,22,0,11,171.065,50,4.55,15.551,Zone_D,100.0,local_road,4.58,free_flow,clear,27.1,8,49,8,50,3.57,1.0,3.12,101.7,3.163,101.7261,523.84,19.59,47.62,3.06
ROUTE_00444,SCH_001,International School A,BUS_008,DRV_014,2024-12-24,2024,12,24,1,0,winter,7,19,1,7,57.039,50,7.14,8.148,Zone_E,100.0,main_road,3.6,heavy,cloudy,26.2,16,60,8,50,4.43,1.0,3.15,101.68,3.2061,101.6866,285.64,11.98,40.81,5.01
ROUTE_00445,SCH_001,International School A,BUS_022,DRV_046,2024-05-28,2024,5,28,1,0,spring,7,49,1,6,65.399,48,8.0,10.9,Zone_A,100.0,main_road,4.46,heavy,clear,29.3,24,29,11,50,2.2,0.96,3.15,101.68,3.2171,101.6742,263.14,14.91,43.86,4.02
ROUTE_00446,SCH_002,National School B,BUS_028,DRV_046,2024-07-16,2024,7,16,1,0,summer,6,22,1,16,145.676,50,3.12,9.105,Zone_B,100.0,local_road,3.65,heavy,cloudy,35.2,21,63,3,50,3.94,1.0,3.12,101.7,3.185,101.7178,952.3,9.18,59.52,6.54
ROUTE_00447,SCH_001,International School A,BUS_014,DRV_044,2024-08-24,2024,8,24,5,1,summer,6,24,1,13,164.082,50,3.85,12.622,Zone_C,100.0,local_road,3.93,heavy,clear,36.7,8,54,9,50,4.58,1.0,3.15,101.68,3.2025,101.7143,1054.67,9.33,81.13,6.43
ROUTE_00448,SCH_003,Private School C,BUS_004,DRV_002,2024-12-29,2024,12,29,6,1,winter,6,12,1,18,248.203,50,2.78,13.789,Zone_D,100.0,residential,4.7,moderate,light_rain,29.2,19,50,13,50,2.65,1.0,3.2,101.65,3.1892,101.6953,1746.11,8.53,97.01,7.03
ROUTE_00449,SCH_002,National School B,BUS_014,DRV_043,2024-05-12,2024,5,12,6,1,spring,5,23,0,12,143.695,50,4.17,11.975,Zone_E,100.0,local_road,4.44,light,clear,28.8,10,27,4,50,2.63,1.0,3.12,101.7,3.1834,101.687,376.81,22.88,31.4,2.62
ROUTE_00450,SCH_001,International School A,BUS_011,DRV_004,2024-11-06,2024,11,6,2,0,monsoon,6,0,1,15,138.883,50,3.33,9.259,Zone_A,100.0,local_road,4.06,light,fog,29.0,20,46,12,50,2.4,1.0,3.15,101.68,3.1406,101.7099,742.77,11.22,49.52,5.35
ROUTE_00451,SCH_003,Private School C,BUS_017,DRV_022,2024-03-01,2024,3,1,4,0,spring,7,37,1,19,224.973,50,2.63,11.841,Zone_B,100.0,main_road,4.32,light,clear,27.5,22,52,14,50,3.81,1.0,3.2,101.65,3.1766,101.7097,562.12,24.01,29.59,2.5
ROUTE_00452,SCH_002,National School B,BUS_004,DRV_040,2024-12-25,2024,12,25,2,0,winter,6,15,1,10,104.452,50,5.0,10.445,Zone_C,100.0,residential,3.64,heavy,light_rain,24.4,11,35,5,50,3.41,1.0,3.12,101.7,3.1641,101.7093,1073.72,5.84,107.37,10.28
ROUTE_00453,SCH_003,Private School C,BUS_003,DRV_050,2024-10-22,2024,10,22,1,0,monsoon,5,49,0,7,91.558,50,7.14,13.08,Zone_D,100.0,local_road,4.41,moderate,light_rain,25.0,13,35,12,50,2.4,1.0,3.2,101.65,3.1933,101.6778,484.4,11.34,69.2,5.29
ROUTE_00454,SCH_003,Private School C,BUS_016,DRV_019,2024-01-11,2024,1,11,3,0,winter,5,56,0,14,167.113,50,3.57,11.937,Zone_E,100.0,local_road,3.37,free_flow,storm,23.7,2,59,0,50,4.39,1.0,3.2,101.65,3.1528,101.7053,933.51,10.74,66.68,5.59
ROUTE_00455,SCH_002,National School B,BUS_008,DRV_050,2024-04-06,2024,4,6,5,1,spring,6,55,1,12,127.307,50,4.17,10.609,Zone_A,100.0,local_road,3.24,light,fog,29.1,5,60,13,50,3.42,1.0,3.12,101.7,3.1595,101.6753,683.79,11.17,56.98,5.37
ROUTE_00456,SCH_003,Private School C,BUS_021,DRV_026,2024-04-14,2024,4,14,6,1,spring,5,22,0,18,244.51,50,2.78,13.584,Zone_B,100.0,local_road,3.51,light,light_rain,31.8,3,39,13,50,3.16,1.0,3.2,101.65,3.1659,101.7272,943.94,15.54,52.44,3.86
ROUTE_00457,SCH_001,International School A,BUS_030,DRV_009,2024-06-15,2024,6,15,5,1,summer,5,47,0,16,195.662,50,3.12,12.229,Zone_C,100.0,main_road,4.94,free_flow,clear,33.7,22,47,4,50,4.4,1.0,3.15,101.68,3.1465,101.6725,317.15,37.02,19.82,1.62
ROUTE_00458,SCH_001,International School A,BUS_005,DRV_018,2024-04-06,2024,4,6,5,1,spring,7,8,1,14,185.953,50,3.57,13.282,Zone_D,100.0,residential,2.95,moderate,clear,30.6,12,33,3,50,3.32,1.0,3.15,101.68,3.1541,101.7137,910.08,12.26,65.01,4.89
ROUTE_00459,SCH_001,International School A,BUS_019,DRV_023,2024-11-16,2024,11,16,5,1,monsoon,7,52,1,6,83.971,37,6.17,13.995,Zone_E,100.0,local_road,3.53,heavy,light_rain,32.5,24,42,0,50,3.91,0.74,3.15,101.68,3.1674,101.7243,551.78,9.13,91.96,6.57
ROUTE_00460,SCH_003,Private School C,BUS_007,DRV_013,2024-08-17,2024,8,17,5,1,summer,7,9,1,19,297.1,50,2.63,15.637,Zone_A,100.0,main_road,2.71,heavy,cloudy,37.4,6,27,4,50,4.39,1.0,3.2,101.65,3.1705,101.7099,1113.49,16.01,58.6,3.75
ROUTE_00461,SCH_001,International School A,BUS_004,DRV_048,2024-12-03,2024,12,3,1,0,winter,5,22,0,12,155.502,50,4.17,12.958,Zone_B,100.0,local_road,3.85,light,cloudy,29.4,5,64,13,50,2.13,1.0,3.15,101.68,3.1797,101.7008,693.94,13.45,57.83,4.46
ROUTE_00462,SCH_003,Private School C,BUS_006,DRV_023,2024-02-17,2024,2,17,5,1,winter,6,48,1,19,244.441,50,2.63,12.865,Zone_C,100.0,main_road,3.13,heavy,clear,28.2,18,35,10,50,3.14,1.0,3.2,101.65,3.1965,101.6907,1145.09,12.81,60.27,4.68
ROUTE_00463,SCH_001,International School A,BUS_019,DRV_044,2024-12-14,2024,12,14,5,1,winter,7,4,1,10,121.094,50,5.0,12.109,Zone_D,100.0,main_road,4.23,light,cloudy,22.0,5,47,9,50,3.57,1.0,3.15,101.68,3.1564,101.7037,373.28,19.46,37.33,3.08
ROUTE_00464,SCH_002,National School B,BUS_012,DRV_034,2024-06-29,2024,6,29,5,1,summer,5,57,0,17,190.661,50,2.94,11.215,Zone_E,100.0,residential,3.11,free_flow,light_rain,36.1,3,55,0,50,4.73,1.0,3.12,101.7,3.1528,101.7055,668.97,17.1,39.35,3.51
ROUTE_00465,SCH_003,Private School C,BUS_019,DRV_026,2024-09-26,2024,9,26,3,0,monsoon,6,2,1,8,89.74,50,6.25,11.217,Zone_A,100.0,main_road,3.97,moderate,light_rain,28.2,15,54,7,50,2.53,1.0,3.2,101.65,3.1332,101.6953,343.27,15.69,42.91,3.83
ROUTE_00466,SCH_003,Private School C,BUS_028,DRV_029,2024-09-01,2024,9,1,6,1,monsoon,6,52,1,10,165.916,50,5.0,16.592,Zone_B,100.0,main_road,2.84,moderate,light_rain,27.1,23,35,5,50,3.2,1.0,3.2,101.65,3.1931,101.6933,589.65,16.88,58.97,3.55
ROUTE_00467,SCH_001,International School A,BUS_018,DRV_022,2024-12-15,2024,12,15,6,1,winter,6,16,1,9,96.864,50,5.56,10.763,Zone_C,100.0,main_road,4.36,moderate,clear,25.2,14,45,2,50,2.63,1.0,3.15,101.68,3.1632,101.7055,302.09,19.24,33.57,3.12
ROUTE_00468,SCH_002,National School B,BUS_013,DRV_046,2024-10-17,2024,10,17,3,0,monsoon,6,52,1,13,179.634,50,3.85,13.818,Zone_D,100.0,highway,3.45,moderate,heavy_rain,24.8,1,34,9,50,4.82,1.0,3.12,101.7,3.1798,101.6881,692.31,15.57,53.25,3.85
ROUTE_00469,SCH_001,International School A,BUS_024,DRV_029,2024-01-11,2024,1,11,3,0,winter,6,32,1,14,208.495,50,3.57,14.893,Zone_E,100.0,residential,3.84,heavy,clear,22.4,11,48,8,50,2.03,1.0,3.15,101.68,3.1758,101.7179,1692.06,7.39,120.86,8.12
ROUTE_00470,SCH_001,International School A,BUS_013,DRV_040,2024-11-14,2024,11,14,3,0,monsoon,5,14,0,13,147.971,50,3.85,11.382,Zone_A,100.0,main_road,3.54,light,light_rain,26.2,16,45,8,50,4.9,1.0,3.15,101.68,3.1393,101.7169,359.89,24.67,27.68,2.43
ROUTE_00471,SCH_002,National School B,BUS_024,DRV_030,2024-07-18,2024,7,18,3,0,summer,7,49,1,17,257.245,50,2.94,15.132,Zone_B,100.0,main_road,4.03,free_flow,clear,33.0,17,29,9,50,3.16,1.0,3.12,101.7,3.1653,101.7023,528.71,29.19,31.1,2.06
ROUTE_00472,SCH_002,National School B,BUS_021,DRV_033,2024-08-06,2024,8,6,1,0,summer,6,53,1,8,69.486,47,5.88,8.686,Zone_C,100.0,local_road,2.86,moderate,clear,34.3,16,58,13,50,3.64,0.94,3.12,101.7,3.1879,101.6823,390.33,10.68,48.79,5.62
ROUTE_00473,SCH_001,International School A,BUS_018,DRV_050,2024-12-26,2024,12,26,3,0,winter,6,21,1,14,134.622,50,3.57,9.616,Zone_D,100.0,main_road,4.69,moderate,clear,23.0,24,64,9,50,2.69,1.0,3.15,101.68,3.2049,101.7055,505.18,15.99,36.08,3.75
ROUTE_00474,SCH_002,National School B,BUS_025,DRV_029,2024-07-29,2024,7,29,0,0,summer,5,16,0,18,229.252,50,2.78,12.736,Zone_E,100.0,local_road,3.15,free_flow,light_rain,31.3,22,31,7,50,3.04,1.0,3.12,101.7,3.1666,101.7195,693.06,19.85,38.5,3.02
ROUTE_00475,SCH_001,International School A,BUS_021,DRV_011,2024-10-03,2024,10,3,3,0,monsoon,6,44,1,18,187.189,50,2.78,10.399,Zone_A,100.0,highway,4.45,heavy,clear,28.0,3,49,10,50,4.41,1.0,3.15,101.68,3.1446,101.7033,630.67,17.81,35.04,3.37
ROUTE_00476,SCH_003,Private School C,BUS_001,DRV_040,2024-11-12,2024,11,12,1,0,monsoon,6,36,1,7,90.942,50,7.14,12.992,Zone_B,100.0,local_road,3.8,free_flow,light_rain,29.2,10,26,9,50,3.58,1.0,3.2,101.65,3.1786,101.6808,384.72,14.18,54.96,4.23
ROUTE_00477,SCH_001,International School A,BUS_005,DRV_001,2024-03-09,2024,3,9,5,1,spring,7,6,1,13,199.115,50,3.85,15.317,Zone_C,100.0,local_road,4.75,heavy,clear,32.2,19,60,4,50,3.17,1.0,3.15,101.68,3.1923,101.6987,1233.41,9.69,94.88,6.19
ROUTE_00478,SCH_003,Private School C,BUS_004,DRV_040,2024-05-26,2024,5,26,6,1,spring,6,39,1,18,223.351,50,2.78,12.408,Zone_D,100.0,local_road,3.21,heavy,clear,24.6,15,30,11,50,4.61,1.0,3.2,101.65,3.1721,101.6938,1314.11,10.2,73.01,5.88
ROUTE_00479,SCH_001,International School A,BUS_029,DRV_015,2024-05-15,2024,5,15,2,0,spring,6,59,1,5,73.173,43,8.6,14.635,Zone_E,100.0,main_road,3.85,moderate,light_rain,33.0,3,40,2,50,2.11,0.86,3.15,101.68,3.1632,101.6772,289.67,15.16,57.93,3.96
ROUTE_00480,SCH_002,National School B,BUS_001,DRV_044,2024-08-10,2024,8,10,5,1,summer,7,3,1,17,229.863,50,2.94,13.521,Zone_A,100.0,highway,3.33,heavy,cloudy,36.2,7,54,2,50,4.42,1.0,3.12,101.7,3.1962,101.7111,561.32,24.57,33.02,2.44
ROUTE_00481,SCH_003,Private School C,BUS_014,DRV_040,2024-01-26,2024,1,26,4,0,winter,6,35,1,11,132.99,50,4.55,12.09,Zone_B,100.0,residential,3.18,moderate,clear,24.5,6,35,4,50,4.11,1.0,3.2,101.65,3.1445,101.6784,785.42,10.16,71.4,5.91
ROUTE_00482,SCH_002,National School B,BUS_014,DRV_037,2024-09-07,2024,9,7,5,1,monsoon,6,4,1,9,100.248,50,5.56,11.139,Zone_C,100.0,residential,4.18,light,heavy_rain,29.7,15,43,6,50,4.82,1.0,3.12,101.7,3.1741,101.7332,653.53,9.2,72.61,6.52
ROUTE_00483,SCH_003,Private School C,BUS_012,DRV_033,2024-04-25,2024,4,25,3,0,spring,6,42,1,9,96.307,50,5.56,10.701,Zone_D,100.0,residential,2.77,congested,light_rain,31.6,6,26,0,50,4.7,1.0,3.2,101.65,3.2152,101.7332,1071.43,5.39,119.05,11.13
ROUTE_00484,SCH_003,Private School C,BUS_006,DRV_020,2024-11-12,2024,11,12,1,0,monsoon,5,58,0,10,110.415,50,5.0,11.041,Zone_E,100.0,residential,3.3,light,light_rain,32.0,17,51,5,50,3.86,1.0,3.2,101.65,3.1869,101.7143,493.84,13.41,49.38,4.47
ROUTE_00485,SCH_001,International School A,BUS_024,DRV_004,2024-08-29,2024,8,29,3,0,summer,5,0,0,16,189.642,50,3.12,11.853,Zone_A,100.0,highway,4.28,free_flow,clear,33.3,23,25,1,50,3.9,1.0,3.15,101.68,3.1439,101.7025,193.54,58.79,12.1,1.02
ROUTE_00486,SCH_001,International School A,BUS_027,DRV_002,2024-08-16,2024,8,16,4,0,summer,6,2,1,11,133.557,50,4.55,12.142,Zone_B,100.0,local_road,2.76,moderate,cloudy,36.1,17,53,6,50,2.77,1.0,3.15,101.68,3.1938,101.6621,638.02,12.56,58.0,4.78
ROUTE_00487,SCH_001,International School A,BUS_019,DRV_030,2024-04-12,2024,4,12,4,0,spring,6,22,1,7,102.114,46,6.57,14.588,Zone_C,100.0,main_road,4.31,moderate,clear,28.7,17,56,8,50,4.89,0.92,3.15,101.68,3.1374,101.7231,353.12,17.35,50.45,3.46
ROUTE_00488,SCH_001,International School A,BUS_008,DRV_046,2024-10-23,2024,10,23,2,0,monsoon,6,32,1,10,107.704,50,5.0,10.77,Zone_D,100.0,main_road,3.68,light,heavy_rain,24.6,8,35,14,50,2.78,1.0,3.15,101.68,3.1578,101.6965,500.65,12.91,50.06,4.65
ROUTE_00489,SCH_002,National School B,BUS_009,DRV_038,2024-12-26,2024,12,26,3,0,winter,5,43,0,14,191.303,50,3.57,13.665,Zone_E,100.0,main_road,2.71,light,clear,26.3,5,59,12,50,4.55,1.0,3.12,101.7,3.1662,101.6973,516.97,22.2,36.93,2.7
ROUTE_00490,SCH_001,International School A,BUS_001,DRV_009,2024-10-26,2024,10,26,5,1,monsoon,7,9,1,10,111.601,50,5.0,11.16,Zone_A,100.0,main_road,2.97,heavy,light_rain,30.4,7,55,12,50,2.01,1.0,3.15,101.68,3.1293,101.7052,608.36,11.01,60.84,5.45
ROUTE_00491,SCH_001,International School A,BUS_021,DRV_021,2024-02-04,2024,2,4,6,1,winter,6,57,1,6,101.99,49,8.17,16.998,Zone_B,100.0,local_road,4.43,moderate,light_rain,29.2,20,58,14,50,2.86,0.98,3.15,101.68,3.1222,101.6961,600.42,10.19,100.07,5.89
ROUTE_00492,SCH_003,Private School C,BUS_028,DRV_045,2024-03-03,2024,3,3,6,1,spring,5,54,0,6,48.571,37,6.17,8.095,Zone_C,100.0,main_road,3.7,moderate,light_rain,29.1,3,50,10,50,4.3,0.74,3.2,101.65,3.1373,101.7201,172.56,16.89,28.76,3.55
ROUTE_00493,SCH_002,National School B,BUS_001,DRV_025,2024-09-18,2024,9,18,2,0,monsoon,6,30,1,12,150.067,50,4.17,12.506,Zone_D,100.0,main_road,3.03,moderate,clear,28.7,6,63,7,50,2.49,1.0,3.12,101.7,3.1826,101.7108,593.52,15.17,49.46,3.96
ROUTE_00494,SCH_002,National School B,BUS_017,DRV_029,2024-09-03,2024,9,3,1,0,monsoon,7,47,1,16,158.798,50,3.12,9.925,Zone_E,100.0,residential,2.89,moderate,cloudy,25.2,22,35,3,50,3.14,1.0,3.12,101.7,3.1773,101.7091,941.09,10.12,58.82,5.93
ROUTE_00495,SCH_003,Private School C,BUS_006,DRV_002,2024-03-14,2024,3,14,3,0,spring,7,3,1,19,267.252,50,2.63,14.066,Zone_A,100.0,highway,4.81,heavy,clear,32.4,21,53,2,50,4.61,1.0,3.2,101.65,3.1804,101.6972,628.07,25.53,33.06,2.35
ROUTE_00496,SCH_003,Private School C,BUS_020,DRV_020,2024-05-11,2024,5,11,5,1,spring,7,10,1,11,94.023,50,4.55,8.548,Zone_B,100.0,main_road,2.77,moderate,cloudy,25.5,4,42,1,50,4.91,1.0,3.2,101.65,3.1379,101.7128,292.32,19.3,26.57,3.11
ROUTE_00497,SCH_001,International School A,BUS_002,DRV_018,2024-08-26,2024,8,26,0,0,summer,6,51,1,8,82.473,50,6.25,10.309,Zone_C,100.0,local_road,3.08,congested,cloudy,33.6,14,59,3,50,3.2,1.0,3.15,101.68,3.2006,101.7219,761.76,6.5,95.22,9.24
ROUTE_00498,SCH_002,National School B,BUS_008,DRV_005,2024-05-20,2024,5,20,0,0,spring,6,32,1,11,167.177,50,4.55,15.198,Zone_D,100.0,main_road,4.63,congested,clear,25.0,14,37,8,50,3.35,1.0,3.12,101.7,3.1697,101.7053,877.75,11.43,79.8,5.25
ROUTE_00499,SCH_001,International School A,BUS_004,DRV_009,2024-01-17,2024,1,17,2,0,winter,6,25,1,11,129.712,50,4.55,11.792,Zone_E,100.0,main_road,4.54,light,clear,22.9,3,64,2,50,4.66,1.0,3.15,101.68,3.1589,101.7154,371.76,20.94,33.8,2.87
ROUTE_00500,SCH_003,Private School C,BUS_003,DRV_032,2024-09-04,2024,9,4,2,0,monsoon,7,59,1,10,120.808,50,5.0,12.081,Zone_A,100.0,local_road,3.2,congested,clear,31.0,6,49,3,50,3.06,1.0,3.2,101.65,3.1884,101.6998,997.9,7.26,99.79,8.26
ROUTE_00501,SCH_001,International School A,BUS_010,DRV_012,2024-01-21,2024,1,21,6,1,winter,7,20,1,11,109.239,50,4.55,9.931,Zone_B,100.0,local_road,2.94,heavy,clear,27.1,24,40,13,50,3.68,1.0,3.15,101.68,3.1404,101.7366,713.02,9.19,64.82,6.53
ROUTE_00502,SCH_002,National School B,BUS_004,DRV_033,2024-10-29,2024,10,29,1,0,monsoon,7,20,1,19,330.016,50,2.63,17.369,Zone_C,100.0,main_road,4.89,heavy,light_rain,30.3,23,46,1,50,2.1,1.0,3.12,101.7,3.1931,101.6801,1856.1,10.67,97.69,5.62
ROUTE_00503,SCH_001,International School A,BUS_020,DRV_009,2024-03-06,2024,3,6,2,0,spring,5,58,0,18,230.678,50,2.78,12.815,Zone_D,100.0,local_road,4.14,light,cloudy,24.9,1,26,2,50,3.01,1.0,3.15,101.68,3.1762,101.7144,811.32,17.06,45.07,3.52
ROUTE_00504,SCH_002,National School B,BUS_026,DRV_012,2024-03-31,2024,3,31,6,1,spring,6,57,1,6,72.228,42,7.0,12.038,Zone_E,100.0,local_road,3.61,moderate,cloudy,25.3,8,35,6,50,2.23,0.84,3.12,101.7,3.1814,101.7216,326.73,13.26,54.46,4.52
ROUTE_00505,SCH_001,International School A,BUS_020,DRV_042,2024-11-03,2024,11,3,6,1,monsoon,7,27,1,7,75.043,45,6.43,10.72,Zone_A,100.0,local_road,4.02,congested,light_rain,25.7,4,34,10,50,4.5,0.9,3.15,101.68,3.1486,101.7122,749.92,6.0,107.13,9.99
ROUTE_00506,SCH_001,International School A,BUS_016,DRV_001,2024-11-29,2024,11,29,4,0,monsoon,6,50,1,12,149.095,50,4.17,12.425,Zone_B,100.0,highway,4.85,heavy,heavy_rain,27.1,10,58,8,50,4.4,1.0,3.15,101.68,3.147,101.6988,718.7,12.45,59.89,4.82
ROUTE_00507,SCH_002,National School B,BUS_013,DRV_035,2024-07-20,2024,7,20,5,1,summer,6,27,1,9,132.118,50,5.56,14.68,Zone_C,100.0,highway,4.39,congested,clear,30.7,4,30,12,50,4.72,1.0,3.12,101.7,3.1889,101.7173,515.17,15.39,57.24,3.9
ROUTE_00508,SCH_002,National School B,BUS_016,DRV_032,2024-08-01,2024,8,1,3,0,summer,7,59,1,5,66.066,40,8.0,13.213,Zone_D,100.0,residential,4.53,heavy,cloudy,36.1,7,38,10,50,2.56,0.8,3.12,101.7,3.2096,101.7225,565.69,7.01,113.14,8.56
ROUTE_00509,SCH_002,National School B,BUS_021,DRV_008,2024-04-06,2024,4,6,5,1,spring,7,49,1,14,200.179,50,3.57,14.298,Zone_E,100.0,main_road,3.05,heavy,heavy_rain,30.9,4,62,4,50,2.84,1.0,3.12,101.7,3.1937,101.6996,1337.67,8.98,95.55,6.68
ROUTE_00510,SCH_001,International School A,BUS_017,DRV_013,2024-09-20,2024,9,20,4,0,monsoon,6,49,1,6,85.085,38,6.33,14.181,Zone_A,100.0,local_road,3.9,heavy,clear,28.5,2,38,10,50,4.97,0.76,3.15,101.68,3.1293,101.7215,614.51,8.31,102.42,7.22
ROUTE_00511,SCH_001,International School A,BUS_030,DRV_046,2024-08-08,2024,8,8,3,0,summer,7,39,1,11,184.777,50,4.55,16.798,Zone_B,100.0,main_road,2.7,moderate,clear,34.5,14,30,4,50,3.82,1.0,3.15,101.68,3.1571,101.6775,529.48,20.94,48.13,2.87
ROUTE_00512,SCH_001,International School A,BUS_001,DRV_022,2024-01-12,2024,1,12,4,0,winter,6,49,1,16,202.447,50,3.12,12.653,Zone_C,100.0,highway,4.85,heavy,heavy_rain,22.3,13,53,4,50,2.73,1.0,3.15,101.68,3.1561,101.6946,965.46,12.58,60.34,4.77
ROUTE_00513,SCH_003,Private School C,BUS_006,DRV_009,2024-07-18,2024,7,18,3,0,summer,7,20,1,9,105.03,50,5.56,11.67,Zone_D,100.0,local_road,4.35,moderate,clear,35.4,5,41,13,50,2.05,1.0,3.2,101.65,3.1983,101.7191,609.37,10.34,67.71,5.8
ROUTE_00514,SCH_001,International School A,BUS_003,DRV_050,2024-06-20,2024,6,20,3,0,summer,7,0,1,7,71.058,41,5.86,10.151,Zone_E,100.0,residential,3.28,heavy,cloudy,35.2,18,51,2,50,2.99,0.82,3.15,101.68,3.1551,101.7422,520.63,8.19,74.38,7.33
ROUTE_00515,SCH_002,National School B,BUS_005,DRV_026,2024-09-28,2024,9,28,5,1,monsoon,5,21,0,12,147.942,50,4.17,12.329,Zone_A,100.0,main_road,2.72,free_flow,fog,31.5,15,64,3,50,2.47,1.0,3.12,101.7,3.1984,101.7033,345.57,25.69,28.8,2.34
ROUTE_00516,SCH_002,National School B,BUS_002,DRV_007,2024-05-22,2024,5,22,2,0,spring,6,8,1,6,95.777,45,7.5,15.963,Zone_B,100.0,highway,3.3,heavy,cloudy,31.7,9,61,11,50,4.05,0.9,3.12,101.7,3.1926,101.6921,316.13,18.18,52.69,3.3
ROUTE_00517,SCH_002,National School B,BUS_018,DRV_013,2024-10-05,2024,10,5,5,1,monsoon,7,52,1,7,103.977,50,7.14,14.854,Zone_C,100.0,main_road,4.45,moderate,light_rain,25.2,8,56,12,50,4.3,1.0,3.12,101.7,3.1387,101.6985,464.85,13.42,66.41,4.47
ROUTE_00518,SCH_001,International School A,BUS_010,DRV_015,2024-03-01,2024,3,1,4,0,spring,6,14,1,13,192.539,50,3.85,14.811,Zone_D,100.0,main_road,3.61,heavy,clear,26.5,14,48,9,50,2.76,1.0,3.15,101.68,3.1609,101.6883,875.36,13.2,67.34,4.55
ROUTE_00519,SCH_002,National School B,BUS_011,DRV_029,2024-05-09,2024,5,9,3,0,spring,6,24,1,6,98.063,27,4.5,16.344,Zone_E,100.0,main_road,2.8,light,clear,26.2,9,36,9,50,3.3,0.54,3.12,101.7,3.16,101.6915,256.4,22.95,42.73,2.61
ROUTE_00520,SCH_002,National School B,BUS_002,DRV_030,2024-10-18,2024,10,18,4,0,monsoon,6,18,1,14,147.877,50,3.57,10.563,Zone_A,100.0,local_road,4.88,heavy,clear,25.9,18,36,11,50,4.84,1.0,3.12,101.7,3.159,101.6847,923.56,9.61,65.97,6.25
ROUTE_00521,SCH_003,Private School C,BUS_030,DRV_002,2024-07-07,2024,7,7,6,1,summer,6,1,1,16,226.251,50,3.12,14.141,Zone_B,100.0,highway,2.54,heavy,clear,35.2,15,44,1,50,3.1,1.0,3.2,101.65,3.172,101.6912,529.81,25.62,33.11,2.34
ROUTE_00522,SCH_003,Private School C,BUS_028,DRV_039,2024-08-19,2024,8,19,0,0,summer,6,54,1,17,202.732,50,2.94,11.925,Zone_C,100.0,residential,4.15,moderate,clear,33.1,16,30,0,50,4.99,1.0,3.2,101.65,3.199,101.6927,1044.18,11.65,61.42,5.15
ROUTE_00523,SCH_002,National School B,BUS_029,DRV_028,2024-06-04,2024,6,4,1,0,summer,7,31,1,11,152.45,50,4.55,13.859,Zone_D,100.0,residential,2.79,congested,cloudy,28.9,16,32,2,50,2.22,1.0,3.12,101.7,3.1948,101.6894,1499.22,6.1,136.29,9.83
ROUTE_00524,SCH_003,Private School C,BUS_023,DRV_026,2024-08-11,2024,8,11,6,1,summer,7,21,1,18,197.801,50,2.78,10.989,Zone_E,100.0,main_road,2.67,heavy,clear,32.7,24,64,3,50,3.91,1.0,3.2,101.65,3.1477,101.6842,751.12,15.8,41.73,3.8
ROUTE_00525,SCH_003,Private School C,BUS_024,DRV_032,2024-07-29,2024,7,29,0,0,summer,5,39,0,10,157.63,50,5.0,15.763,Zone_A,100.0,local_road,4.89,free_flow,clear,36.2,15,45,7,50,2.52,1.0,3.2,101.65,3.1815,101.7167,367.31,25.75,36.73,2.33
ROUTE_00526,SCH_002,National School B,BUS_005,DRV_008,2024-05-07,2024,5,7,1,0,spring,6,21,1,10,115.883,50,5.0,11.588,Zone_B,100.0,highway,4.8,heavy,cloudy,24.9,19,50,10,50,2.28,1.0,3.12,101.7,3.2105,101.7381,345.25,20.14,34.52,2.98
ROUTE_00527,SCH_001,International School A,BUS_003,DRV_023,2024-05-03,2024,5,3,4,0,spring,5,5,0,10,122.627,50,5.0,12.263,Zone_C,100.0,main_road,2.88,light,heavy_rain,29.4,8,58,5,50,4.61,1.0,3.15,101.68,3.2033,101.6916,432.4,17.02,43.24,3.53
ROUTE_00528,SCH_001,International School A,BUS_014,DRV_025,2024-04-23,2024,4,23,1,0,spring,6,59,1,6,80.166,39,6.5,13.361,Zone_D,100.0,residential,3.48,light,light_rain,26.8,4,55,12,50,2.99,0.78,3.15,101.68,3.1768,101.6961,523.32,9.19,87.22,6.53
ROUTE_00529,SCH_002,National School B,BUS_012,DRV_045,2024-10-01,2024,10,1,1,0,monsoon,7,50,1,12,182.136,50,4.17,15.178,Zone_E,100.0,main_road,4.54,congested,light_rain,27.9,6,28,9,50,2.71,1.0,3.12,101.7,3.1815,101.6878,1268.13,8.62,105.68,6.96
ROUTE_00530,SCH_001,International School A,BUS_018,DRV_012,2024-11-15,2024,11,15,4,0,monsoon,5,18,0,18,250.58,50,2.78,13.921,Zone_A,100.0,main_road,4.18,heavy,heavy_rain,33.0,16,61,9,50,3.55,1.0,3.15,101.68,3.2126,101.6904,1441.1,10.43,80.06,5.75
ROUTE_00531,SCH_003,Private School C,BUS_001,DRV_042,2024-05-20,2024,5,20,0,0,spring,7,10,1,6,122.43,50,8.33,20.405,Zone_B,100.0,local_road,4.22,heavy,clear,24.4,4,25,6,50,2.76,1.0,3.2,101.65,3.161,101.6761,837.2,8.77,139.53,6.84
ROUTE_00532,SCH_002,National School B,BUS_020,DRV_014,2024-10-07,2024,10,7,0,0,monsoon,7,5,1,6,68.692,50,8.33,11.449,Zone_C,100.0,main_road,4.61,moderate,cloudy,25.6,13,47,8,50,3.22,1.0,3.12,101.7,3.1871,101.6972,261.92,15.74,43.65,3.81
ROUTE_00533,SCH_001,International School A,BUS_014,DRV_039,2024-10-05,2024,10,5,5,1,monsoon,6,58,1,10,132.079,50,5.0,13.208,Zone_D,100.0,main_road,3.31,moderate,clear,30.5,10,60,7,50,3.28,1.0,3.15,101.68,3.1636,101.723,464.88,17.05,46.49,3.52
ROUTE_00534,SCH_001,International School A,BUS_001,DRV_021,2024-11-16,2024,11,16,5,1,monsoon,6,33,1,5,36.65,37,7.4,7.33,Zone_E,95.29906450322783,main_road,4.72,light,light_rain,26.9,24,32,4,50,4.28,0.74,3.15,101.68,3.1546,101.7138,96.75,22.73,19.35,2.64
ROUTE_00535,SCH_003,Private School C,BUS_009,DRV_010,2024-06-22,2024,6,22,5,1,summer,6,14,1,14,200.257,50,3.57,14.304,Zone_A,100.0,local_road,4.72,heavy,clear,36.6,15,50,11,50,2.83,1.0,3.2,101.65,3.1984,101.6886,1088.19,11.04,77.73,5.43
ROUTE_00536,SCH_002,National School B,BUS_011,DRV_030,2024-09-11,2024,9,11,2,0,monsoon,7,13,1,19,207.479,50,2.63,10.92,Zone_B,100.0,local_road,3.61,moderate,cloudy,32.4,11,28,12,50,2.78,1.0,3.12,101.7,3.1574,101.7107,1113.11,11.18,58.58,5.36
ROUTE_00537,SCH_002,National School B,BUS_007,DRV_004,2024-12-06,2024,12,6,4,0,winter,6,1,1,6,76.652,37,6.17,12.775,Zone_C,100.0,local_road,4.14,moderate,light_rain,26.4,12,49,7,50,2.81,0.74,3.12,101.7,3.161,101.7137,495.05,9.29,82.51,6.46
ROUTE_00538,SCH_003,Private School C,BUS_015,DRV_027,2024-02-05,2024,2,5,0,0,winter,6,31,1,19,220.079,50,2.63,11.583,Zone_D,100.0,main_road,4.89,light,cloudy,28.7,1,54,3,50,4.92,1.0,3.2,101.65,3.1905,101.6901,675.25,19.56,35.54,3.07
ROUTE_00539,SCH_002,National School B,BUS_019,DRV_044,2024-03-01,2024,3,1,4,0,spring,5,46,0,7,117.203,50,7.14,16.743,Zone_E,100.0,local_road,3.12,light,cloudy,26.4,5,53,9,50,3.62,1.0,3.12,101.7,3.1812,101.6819,423.43,16.61,60.49,3.61
ROUTE_00540,SCH_002,National School B,BUS_030,DRV_047,2024-04-11,2024,4,11,3,0,spring,7,40,1,18,210.222,50,2.78,11.679,Zone_A,100.0,local_road,4.87,heavy,light_rain,26.9,15,43,7,50,2.72,1.0,3.12,101.7,3.1718,101.6938,1430.96,8.81,79.5,6.81
ROUTE_00541,SCH_003,Private School C,BUS_014,DRV_043,2024-12-22,2024,12,22,6,1,winter,5,34,0,14,165.326,50,3.57,11.809,Zone_B,100.0,highway,3.25,free_flow,light_rain,25.9,13,42,4,50,4.91,1.0,3.2,101.65,3.168,101.7159,215.09,46.12,15.36,1.3
ROUTE_00542,SCH_003,Private School C,BUS_009,DRV_019,2024-08-18,2024,8,18,6,1,summer,7,8,1,6,104.004,39,6.5,17.334,Zone_C,100.0,main_road,3.58,heavy,clear,30.4,5,62,0,50,3.87,0.78,3.2,101.65,3.1438,101.714,483.16,12.92,80.53,4.65
ROUTE_00543,SCH_001,International School A,BUS_015,DRV_031,2024-11-04,2024,11,4,0,0,monsoon,7,4,1,12,177.996,50,4.17,14.833,Zone_D,100.0,residential,2.68,heavy,clear,25.0,14,36,10,50,2.72,1.0,3.15,101.68,3.1834,101.6889,1559.89,6.85,129.99,8.76
ROUTE_00544,SCH_002,National School B,BUS_003,DRV_011,2024-10-20,2024,10,20,6,1,monsoon,5,48,0,9,118.664,50,5.56,13.185,Zone_E,100.0,main_road,3.53,light,cloudy,24.2,18,58,0,50,2.03,1.0,3.12,101.7,3.178,101.7062,244.15,29.16,27.13,2.06
ROUTE_00545,SCH_003,Private School C,BUS_006,DRV_029,2024-10-18,2024,10,18,4,0,monsoon,7,54,1,18,202.441,50,2.78,11.247,Zone_A,100.0,highway,2.7,light,cloudy,26.1,9,52,9,50,3.61,1.0,3.2,101.65,3.1375,101.7129,382.51,31.75,21.25,1.89
ROUTE_00546,SCH_001,International School A,BUS_025,DRV_044,2024-04-28,2024,4,28,6,1,spring,5,11,0,18,192.789,50,2.78,10.711,Zone_B,100.0,local_road,4.01,moderate,clear,28.7,1,49,4,50,4.57,1.0,3.15,101.68,3.2242,101.7071,714.23,16.2,39.68,3.7
ROUTE_00547,SCH_002,National School B,BUS_019,DRV_046,2024-12-06,2024,12,6,4,0,winter,6,39,1,17,217.266,50,2.94,12.78,Zone_C,100.0,local_road,3.08,heavy,cloudy,29.2,24,37,1,50,3.96,1.0,3.12,101.7,3.1786,101.6897,1568.77,8.31,92.28,7.22
ROUTE_00548,SCH_001,International School A,BUS_004,DRV_032,2024-03-31,2024,3,31,6,1,spring,7,11,1,10,89.655,50,5.0,8.966,Zone_D,100.0,residential,3.69,congested,clear,24.9,10,50,8,50,4.47,1.0,3.15,101.68,3.1828,101.689,825.61,6.52,82.56,9.21
ROUTE_00549,SCH_003,Private School C,BUS_004,DRV_050,2024-10-14,2024,10,14,0,0,monsoon,6,38,1,13,181.178,50,3.85,13.937,Zone_E,100.0,main_road,4.92,light,cloudy,27.0,19,31,7,50,4.63,1.0,3.2,101.65,3.1518,101.6997,459.0,23.68,35.31,2.53
ROUTE_00550,SCH_002,National School B,BUS_020,DRV_010,2024-11-26,2024,11,26,1,0,monsoon,6,55,1,19,309.705,50,2.63,16.3,Zone_A,100.0,main_road,4.53,moderate,light_rain,32.5,6,48,14,50,3.01,1.0,3.12,101.7,3.1693,101.6939,1289.22,14.41,67.85,4.16
ROUTE_00551,SCH_001,International School A,BUS_010,DRV_024,2024-05-09,2024,5,9,3,0,spring,6,48,1,7,107.791,42,6.0,15.399,Zone_B,100.0,local_road,4.86,light,clear,30.9,11,43,13,50,3.63,0.84,3.15,101.68,3.2,101.6715,385.53,16.78,55.08,3.58
ROUTE_00552,SCH_003,Private School C,BUS_014,DRV_050,2024-02-16,2024,2,16,4,0,winter,5,4,0,17,237.735,50,2.94,13.984,Zone_C,100.0,local_road,3.99,light,cloudy,29.4,15,40,2,50,2.24,1.0,3.2,101.65,3.1914,101.7067,842.79,16.92,49.58,3.55
ROUTE_00553,SCH_003,Private School C,BUS_015,DRV_001,2024-03-04,2024,3,4,0,0,spring,7,20,1,9,129.185,50,5.56,14.354,Zone_D,100.0,local_road,2.79,moderate,fog,24.5,13,54,8,50,3.1,1.0,3.2,101.65,3.1608,101.6784,844.94,9.17,93.88,6.54
ROUTE_00554,SCH_003,Private School C,BUS_013,DRV_026,2024-03-13,2024,3,13,2,0,spring,7,51,1,5,61.178,31,6.2,12.236,Zone_E,100.0,residential,2.51,heavy,light_rain,25.0,1,36,4,50,4.72,0.62,3.2,101.65,3.16,101.6771,591.29,6.21,118.26,9.67
ROUTE_00555,SCH_003,Private School C,BUS_019,DRV_013,2024-03-17,2024,3,17,6,1,spring,5,44,0,12,169.566,50,4.17,14.131,Zone_A,100.0,residential,3.97,light,cloudy,27.5,13,25,4,50,3.38,1.0,3.2,101.65,3.1443,101.6825,510.21,19.94,42.52,3.01
ROUTE_00556,SCH_003,Private School C,BUS_014,DRV_044,2024-12-18,2024,12,18,2,0,winter,7,12,1,17,198.455,50,2.94,11.674,Zone_B,100.0,main_road,3.51,heavy,light_rain,29.7,16,58,13,50,3.79,1.0,3.2,101.65,3.156,101.6925,1206.97,9.87,71.0,6.08
ROUTE_00557,SCH_003,Private School C,BUS_001,DRV_007,2024-08-29,2024,8,29,3,0,summer,6,15,1,6,85.812,45,7.5,14.302,Zone_C,100.0,local_road,3.15,moderate,heavy_rain,30.6,21,60,13,50,2.26,0.9,3.2,101.65,3.1881,101.6954,719.12,7.16,119.85,8.38
ROUTE_00558,SCH_003,Private School C,BUS_028,DRV_044,2024-10-20,2024,10,20,6,1,monsoon,6,54,1,10,85.561,50,5.0,8.556,Zone_D,100.0,local_road,3.82,moderate,cloudy,25.3,4,40,6,50,2.5,1.0,3.2,101.65,3.2075,101.7002,489.41,10.49,48.94,5.72
ROUTE_00559,SCH_001,International School A,BUS_022,DRV_042,2024-02-07,2024,2,7,2,0,winter,6,32,1,10,136.233,50,5.0,13.623,Zone_E,100.0,residential,4.85,moderate,clear,29.4,22,51,2,50,2.97,1.0,3.15,101.68,3.1879,101.7094,736.18,11.1,73.62,5.4
ROUTE_00560,SCH_002,National School B,BUS_029,DRV_042,2024-06-05,2024,6,5,2,0,summer,7,15,1,15,174.294,50,3.33,11.62,Zone_A,100.0,local_road,4.11,free_flow,cloudy,35.2,18,43,4,50,3.82,1.0,3.12,101.7,3.1467,101.7152,508.06,20.58,33.87,2.91
ROUTE_00561,SCH_002,National School B,BUS_027,DRV_034,2024-02-11,2024,2,11,6,1,winter,6,30,1,12,104.956,50,4.17,8.746,Zone_B,100.0,main_road,3.86,moderate,storm,25.6,3,42,0,50,2.25,1.0,3.12,101.7,3.1868,101.7281,627.08,10.04,52.26,5.97
ROUTE_00562,SCH_001,International School A,BUS_003,DRV_018,2024-10-18,2024,10,18,4,0,monsoon,5,9,0,9,88.118,50,5.56,9.791,Zone_C,100.0,main_road,3.92,heavy,light_rain,29.2,14,59,2,50,4.35,1.0,3.15,101.68,3.1812,101.6794,443.03,11.93,49.23,5.03
ROUTE_00563,SCH_003,Private School C,BUS_020,DRV_018,2024-05-12,2024,5,12,6,1,spring,6,39,1,13,177.39,50,3.85,13.645,Zone_D,100.0,local_road,4.02,heavy,cloudy,26.1,18,50,8,50,2.83,1.0,3.2,101.65,3.1868,101.7032,1106.65,9.62,85.13,6.24
ROUTE_00564,SCH_002,National School B,BUS_022,DRV_035,2024-09-08,2024,9,8,6,1,monsoon,5,28,0,11,185.054,50,4.55,16.823,Zone_E,100.0,residential,4.02,moderate,clear,32.9,6,49,13,50,2.42,1.0,3.12,101.7,3.1536,101.6934,897.34,12.37,81.58,4.85
ROUTE_00565,SCH_003,Private School C,BUS_013,DRV_015,2024-11-07,2024,11,7,3,0,monsoon,6,13,1,18,209.131,50,2.78,11.618,Zone_A,100.0,residential,4.24,light,cloudy,24.4,17,27,1,50,2.53,1.0,3.2,101.65,3.1818,101.7093,900.9,13.93,50.05,4.31
ROUTE_00566,SCH_002,National School B,BUS_012,DRV_041,2024-03-26,2024,3,26,1,0,spring,6,40,1,15,180.233,50,3.33,12.016,Zone_B,100.0,main_road,3.88,moderate,clear,31.1,1,49,10,50,3.6,1.0,3.12,101.7,3.1606,101.7251,643.77,16.8,42.92,3.57
ROUTE_00567,SCH_003,Private School C,BUS_019,DRV_015,2024-11-20,2024,11,20,2,0,monsoon,5,13,0,12,180.615,50,4.17,15.051,Zone_C,100.0,local_road,4.86,moderate,cloudy,31.1,13,60,2,50,2.8,1.0,3.2,101.65,3.1955,101.6783,836.49,12.96,69.71,4.63
ROUTE_00568,SCH_001,International School A,BUS_007,DRV_031,2024-01-16,2024,1,16,1,0,winter,7,54,1,16,170.769,50,3.12,10.673,Zone_D,100.0,residential,4.14,free_flow,clear,25.2,19,46,10,50,4.1,1.0,3.15,101.68,3.1698,101.7153,729.12,14.05,45.57,4.27
ROUTE_00569,SCH_003,Private School C,BUS_011,DRV_032,2024-10-17,2024,10,17,3,0,monsoon,6,59,1,11,119.363,50,4.55,10.851,Zone_E,100.0,main_road,4.23,light,clear,26.4,24,27,5,50,2.4,1.0,3.2,101.65,3.1999,101.7031,298.68,23.98,27.15,2.5
ROUTE_00570,SCH_002,National School B,BUS_002,DRV_013,2024-02-11,2024,2,11,6,1,winter,7,30,1,19,253.754,50,2.63,13.355,Zone_A,100.0,residential,3.22,free_flow,cloudy,27.2,6,41,6,50,4.79,1.0,3.12,101.7,3.1595,101.713,935.49,16.28,49.24,3.69
ROUTE_00571,SCH_003,Private School C,BUS_030,DRV_026,2024-03-29,2024,3,29,4,0,spring,7,29,1,13,227.971,50,3.85,17.536,Zone_B,100.0,residential,3.67,heavy,clear,29.5,17,32,7,50,2.3,1.0,3.2,101.65,3.1782,101.702,1660.88,8.24,127.76,7.29
ROUTE_00572,SCH_002,National School B,BUS_012,DRV_022,2024-10-19,2024,10,19,5,1,monsoon,5,35,0,12,172.741,50,4.17,14.395,Zone_C,100.0,local_road,3.26,light,clear,25.9,5,53,12,50,3.06,1.0,3.12,101.7,3.1735,101.6887,689.51,15.03,57.46,3.99
ROUTE_00573,SCH_003,Private School C,BUS_006,DRV_038,2024-03-23,2024,3,23,5,1,spring,6,9,1,7,86.346,47,6.71,12.335,Zone_D,100.0,main_road,3.67,congested,clear,28.1,6,35,1,50,3.34,0.94,3.2,101.65,3.2449,101.706,420.36,12.32,60.05,4.87
ROUTE_00574,SCH_002,National School B,BUS_006,DRV_024,2024-06-24,2024,6,24,0,0,summer,7,23,1,10,91.956,50,5.0,9.196,Zone_E,100.0,local_road,2.76,light,cloudy,34.3,12,42,7,50,2.6,1.0,3.12,101.7,3.1644,101.6746,339.24,16.26,33.92,3.69
ROUTE_00575,SCH_002,National School B,BUS_004,DRV_006,2024-08-08,2024,8,8,3,0,summer,7,24,1,17,195.291,50,2.94,11.488,Zone_A,100.0,local_road,4.3,moderate,clear,28.9,11,41,14,50,4.6,1.0,3.12,101.7,3.1826,101.7075,834.42,14.04,49.08,4.27
ROUTE_00576,SCH_002,National School B,BUS_003,DRV_044,2024-01-13,2024,1,13,5,1,winter,6,19,1,16,208.514,50,3.12,13.032,Zone_B,100.0,local_road,4.97,heavy,light_rain,25.7,19,25,0,50,3.51,1.0,3.12,101.7,3.1556,101.7104,1365.76,9.16,85.36,6.55
ROUTE_00577,SCH_003,Private School C,BUS_029,DRV_021,2024-08-16,2024,8,16,4,0,summer,5,14,0,5,40.765,29,5.8,8.153,Zone_C,97.53056779625159,highway,3.39,light,clear,28.2,17,58,2,50,4.3,0.58,3.2,101.65,3.1518,101.6667,59.4,41.18,11.88,1.46
ROUTE_00578,SCH_002,National School B,BUS_024,DRV_026,2024-08-30,2024,8,30,4,0,summer,6,52,1,13,161.346,50,3.85,12.411,Zone_D,100.0,main_road,4.41,congested,clear,34.4,13,61,5,50,3.49,1.0,3.12,101.7,3.1514,101.7098,893.94,10.83,68.76,5.54
ROUTE_00579,SCH_003,Private School C,BUS_022,DRV_020,2024-08-04,2024,8,4,6,1,summer,6,24,1,15,192.865,50,3.33,12.858,Zone_E,100.0,local_road,2.64,light,cloudy,36.4,22,60,9,50,4.62,1.0,3.2,101.65,3.1502,101.6935,678.92,17.04,45.26,3.52
ROUTE_00580,SCH_001,International School A,BUS_024,DRV_022,2024-10-16,2024,10,16,2,0,monsoon,7,54,1,11,145.762,50,4.55,13.251,Zone_A,100.0,main_road,4.68,light,cloudy,32.5,3,62,13,50,4.16,1.0,3.15,101.68,3.1965,101.7089,472.69,18.5,42.97,3.24
ROUTE_00581,SCH_001,International School A,BUS_016,DRV_002,2024-02-19,2024,2,19,0,0,winter,7,4,1,5,51.971,40,8.0,10.394,Zone_B,100.0,residential,3.55,heavy,clear,27.3,5,64,1,50,4.26,0.8,3.15,101.68,3.2456,101.697,474.27,6.57,94.85,9.13
ROUTE_00582,SCH_002,National School B,BUS_002,DRV_048,2024-05-01,2024,5,1,2,0,spring,6,44,1,6,85.119,43,7.17,14.186,Zone_C,100.0,local_road,3.8,moderate,clear,32.8,8,33,5,50,3.81,0.86,3.12,101.7,3.1333,101.7041,419.97,12.16,69.99,4.93
ROUTE_00583,SCH_003,Private School C,BUS_010,DRV_034,2024-02-11,2024,2,11,6,1,winter,5,47,0,14,164.303,50,3.57,11.736,Zone_D,100.0,residential,2.86,heavy,clear,28.3,2,44,1,50,2.68,1.0,3.2,101.65,3.136,101.6912,1165.23,8.46,83.23,7.09
ROUTE_00584,SCH_002,National School B,BUS_003,DRV_014,2024-02-05,2024,2,5,0,0,winter,5,7,0,5,72.702,27,5.4,14.54,Zone_E,100.0,main_road,4.81,free_flow,cloudy,26.0,11,53,3,50,2.14,0.54,3.12,101.7,3.1589,101.727,140.61,31.02,28.12,1.93
ROUTE_00585,SCH_003,Private School C,BUS_025,DRV_005,2024-05-04,2024,5,4,5,1,spring,7,1,1,10,100.041,50,5.0,10.004,Zone_A,100.0,residential,2.73,moderate,cloudy,25.0,17,29,1,50,3.75,1.0,3.2,101.65,3.1938,101.6991,456.38,13.15,45.64,4.56
ROUTE_00586,SCH_003,Private School C,BUS_004,DRV_032,2024-01-19,2024,1,19,4,0,winter,7,17,1,13,161.821,50,3.85,12.448,Zone_B,100.0,residential,3.71,light,clear,25.4,17,42,0,50,3.66,1.0,3.2,101.65,3.1439,101.7001,681.8,14.24,52.45,4.21
ROUTE_00587,SCH_001,International School A,BUS_002,DRV_044,2024-03-17,2024,3,17,6,1,spring,5,3,0,14,175.631,50,3.57,12.545,Zone_C,100.0,main_road,2.83,light,light_rain,24.7,14,39,5,50,3.9,1.0,3.15,101.68,3.1699,101.7088,405.6,25.98,28.97,2.31
ROUTE_00588,SCH_003,Private School C,BUS_013,DRV_045,2024-08-09,2024,8,9,4,0,summer,5,15,0,13,139.617,50,3.85,10.74,Zone_D,100.0,local_road,4.51,moderate,cloudy,32.3,16,45,14,50,3.57,1.0,3.2,101.65,3.1593,101.7208,587.52,14.26,45.19,4.21
ROUTE_00589,SCH_003,Private School C,BUS_030,DRV_019,2024-12-12,2024,12,12,3,0,winter,5,1,0,5,53.128,43,8.6,10.626,Zone_E,100.0,local_road,3.88,free_flow,clear,22.9,23,33,2,50,4.17,0.86,3.2,101.65,3.2074,101.6395,135.64,23.5,27.13,2.55
ROUTE_00590,SCH_002,National School B,BUS_002,DRV_033,2024-11-06,2024,11,6,2,0,monsoon,6,51,1,13,169.277,50,3.85,13.021,Zone_A,100.0,residential,4.62,heavy,heavy_rain,31.8,11,26,13,50,3.71,1.0,3.12,101.7,3.1716,101.7002,1969.28,5.16,151.48,11.63
ROUTE_00591,SCH_002,National School B,BUS_029,DRV_021,2024-05-29,2024,5,29,2,0,spring,7,37,1,8,153.294,50,6.25,19.162,Zone_B,100.0,highway,3.91,moderate,clear,25.5,3,54,3,50,4.99,1.0,3.12,101.7,3.1769,101.6992,325.21,28.28,40.65,2.12
ROUTE_00592,SCH_003,Private School C,BUS_007,DRV_046,2024-05-24,2024,5,24,4,0,spring,7,39,1,10,100.076,50,5.0,10.008,Zone_C,100.0,local_road,2.55,heavy,clear,31.8,7,25,3,50,2.38,1.0,3.2,101.65,3.1616,101.6962,699.94,8.58,69.99,6.99
ROUTE_00593,SCH_001,International School A,BUS_003,DRV_038,2024-02-25,2024,2,25,6,1,winter,6,43,1,17,244.912,50,2.94,14.407,Zone_D,100.0,residential,4.19,congested,cloudy,24.5,12,30,13,50,4.45,1.0,3.15,101.68,3.1642,101.7039,2479.41,5.93,145.85,10.12
ROUTE_00594,SCH_002,National School B,BUS_020,DRV_048,2024-06-19,2024,6,19,2,0,summer,7,45,1,12,204.497,50,4.17,17.041,Zone_E,100.0,main_road,4.58,free_flow,clear,31.4,9,52,12,50,3.19,1.0,3.12,101.7,3.1729,101.7038,445.55,27.54,37.13,2.18
ROUTE_00595,SCH_002,National School B,BUS_006,DRV_003,2024-10-12,2024,10,12,5,1,monsoon,7,0,1,5,62.184,34,6.8,12.437,Zone_A,100.0,local_road,4.4,moderate,clear,25.9,23,35,7,50,3.18,0.68,3.12,101.7,3.1849,101.66,255.15,14.62,51.03,4.1
ROUTE_00596,SCH_001,International School A,BUS_002,DRV_031,2024-01-25,2024,1,25,3,0,winter,7,13,1,7,81.454,50,7.14,11.636,Zone_B,100.0,residential,4.81,moderate,cloudy,29.4,17,59,14,50,3.26,1.0,3.15,101.68,3.1922,101.6971,549.32,8.9,78.47,6.74
ROUTE_00597,SCH_002,National School B,BUS_030,DRV_014,2024-06-29,2024,6,29,5,1,summer,6,43,1,14,164.068,50,3.57,11.719,Zone_C,100.0,local_road,2.57,heavy,clear,29.9,5,60,5,50,4.61,1.0,3.12,101.7,3.2339,101.7024,1203.63,8.18,85.97,7.34
ROUTE_00598,SCH_003,Private School C,BUS_027,DRV_029,2024-04-14,2024,4,14,6,1,spring,7,29,1,6,77.545,38,6.33,12.924,Zone_D,100.0,residential,4.46,heavy,cloudy,27.0,6,61,9,50,3.61,0.76,3.2,101.65,3.1852,101.6806,632.61,7.35,105.44,8.16
ROUTE_00599,SCH_003,Private School C,BUS_001,DRV_017,2024-05-07,2024,5,7,1,0,spring,6,57,1,5,74.644,37,7.4,14.929,Zone_E,100.0,main_road,4.88,moderate,clear,28.6,17,58,11,50,2.15,0.74,3.2,101.65,3.2318,101.7175,239.04,18.74,47.81,3.2
ROUTE_00600,SCH_003,Private School C,BUS_030,DRV_003,2024-12-26,2024,12,26,3,0,winter,6,10,1,8,125.097,50,6.25,15.637,Zone_A,100.0,main_road,4.21,light,light_rain,24.8,24,46,0,50,4.93,1.0,3.2,101.65,3.165,101.7175,334.94,22.41,41.87,2.68
ROUTE_00601,SCH_002,National School B,BUS_022,DRV_036,2024-08-14,2024,8,14,2,0,summer,7,31,1,6,80.205,42,7.0,13.367,Zone_B,100.0,main_road,4.11,heavy,clear,35.4,23,54,6,50,4.84,0.84,3.12,101.7,3.2203,101.7265,333.69,14.42,55.62,4.16
ROUTE_00602,SCH_002,National School B,BUS_003,DRV_025,2024-03-04,2024,3,4,0,0,spring,6,44,1,14,193.194,50,3.57,13.8,Zone_C,100.0,residential,4.45,heavy,cloudy,27.9,24,63,10,50,2.8,1.0,3.12,101.7,3.1682,101.6774,1756.12,6.6,125.44,9.09
ROUTE_00603,SCH_002,National School B,BUS_022,DRV_019,2024-04-14,2024,4,14,6,1,spring,5,30,0,8,81.778,45,5.62,10.222,Zone_D,100.0,local_road,4.86,free_flow,cloudy,28.9,13,53,14,50,2.84,0.9,3.12,101.7,3.1773,101.7045,225.8,21.73,28.23,2.76
ROUTE_00604,SCH_002,National School B,BUS_015,DRV_009,2024-09-27,2024,9,27,4,0,monsoon,7,43,1,15,209.359,50,3.33,13.957,Zone_E,100.0,local_road,2.94,moderate,storm,29.2,9,59,7,50,2.34,1.0,3.12,101.7,3.1973,101.6942,2060.98,6.09,137.4,9.84
ROUTE_00605,SCH_003,Private School C,BUS_014,DRV_004,2024-02-02,2024,2,2,4,0,winter,7,28,1,14,201.801,50,3.57,14.414,Zone_A,100.0,local_road,3.64,heavy,clear,25.9,4,33,9,50,3.61,1.0,3.2,101.65,3.1793,101.6868,1485.09,8.15,106.08,7.36
ROUTE_00606,SCH_001,International School A,BUS_024,DRV_050,2024-04-29,2024,4,29,0,0,spring,6,23,1,8,98.465,50,6.25,12.308,Zone_B,100.0,local_road,3.8,free_flow,clear,29.5,9,31,14,50,3.59,1.0,3.15,101.68,3.196,101.6852,330.58,17.87,41.32,3.36
ROUTE_00607,SCH_003,Private School C,BUS_022,DRV_044,2024-10-11,2024,10,11,4,0,monsoon,6,28,1,9,93.123,50,5.56,10.347,Zone_C,100.0,residential,4.72,heavy,cloudy,31.4,22,47,10,50,3.93,1.0,3.2,101.65,3.1703,101.7023,870.31,6.42,96.7,9.35
ROUTE_00608,SCH_002,National School B,BUS_006,DRV_007,2024-12-22,2024,12,22,6,1,winter,6,2,1,19,266.659,50,2.63,14.035,Zone_D,100.0,local_road,3.48,congested,heavy_rain,26.8,17,51,5,50,4.83,1.0,3.12,101.7,3.1886,101.7082,3085.83,5.18,162.41,11.57
ROUTE_00609,SCH_003,Private School C,BUS_014,DRV_019,2024-04-20,2024,4,20,5,1,spring,6,6,1,14,161.911,50,3.57,11.565,Zone_E,100.0,local_road,3.45,moderate,fog,27.6,21,50,8,50,2.79,1.0,3.2,101.65,3.1672,101.7095,897.04,10.83,64.07,5.54
ROUTE_00610,SCH_001,International School A,BUS_010,DRV_016,2024-12-24,2024,12,24,1,0,winter,6,32,1,7,81.146,50,7.14,11.592,Zone_A,100.0,highway,4.64,moderate,clear,27.4,10,48,13,50,2.89,1.0,3.15,101.68,3.207,101.705,187.6,25.95,26.8,2.31
ROUTE_00611,SCH_003,Private School C,BUS_005,DRV_045,2024-06-07,2024,6,7,4,0,summer,6,27,1,8,99.067,50,6.25,12.383,Zone_B,100.0,residential,4.1,moderate,clear,35.0,12,52,2,50,4.35,1.0,3.2,101.65,3.1696,101.7241,489.76,12.14,61.22,4.94
ROUTE_00612,SCH_001,International School A,BUS_009,DRV_038,2024-07-19,2024,7,19,4,0,summer,7,24,1,19,268.452,50,2.63,14.129,Zone_C,100.0,main_road,2.6,moderate,light_rain,37.0,7,41,12,50,2.76,1.0,3.15,101.68,3.1802,101.6926,1185.03,13.59,62.37,4.41
ROUTE_00613,SCH_002,National School B,BUS_015,DRV_025,2024-06-20,2024,6,20,3,0,summer,6,10,1,17,197.487,50,2.94,11.617,Zone_D,100.0,main_road,3.71,light,clear,31.0,24,63,8,50,4.95,1.0,3.12,101.7,3.2021,101.7159,515.81,22.97,30.34,2.61
ROUTE_00614,SCH_003,Private School C,BUS_013,DRV_001,2024-09-23,2024,9,23,0,0,monsoon,6,25,1,16,219.233,50,3.12,13.702,Zone_E,100.0,residential,3.47,free_flow,storm,28.4,19,42,3,50,2.11,1.0,3.2,101.65,3.1671,101.7222,1515.8,8.68,94.74,6.91
ROUTE_00615,SCH_003,Private School C,BUS_008,DRV_008,2024-07-01,2024,7,1,0,0,summer,5,14,0,9,125.222,50,5.56,13.914,Zone_A,100.0,residential,3.87,light,cloudy,29.7,24,55,11,50,3.25,1.0,3.2,101.65,3.1303,101.6914,463.12,16.22,51.46,3.7
ROUTE_00616,SCH_003,Private School C,BUS_019,DRV_023,2024-12-05,2024,12,5,3,0,winter,6,7,1,14,199.679,50,3.57,14.263,Zone_B,100.0,local_road,3.1,heavy,light_rain,26.3,11,63,14,50,2.59,1.0,3.2,101.65,3.1661,101.7014,1853.4,6.46,132.39,9.28
ROUTE_00617,SCH_003,Private School C,BUS_017,DRV_025,2024-07-17,2024,7,17,2,0,summer,6,37,1,13,137.945,50,3.85,10.611,Zone_C,100.0,highway,3.61,congested,clear,37.0,12,40,13,50,3.51,1.0,3.2,101.65,3.2077,101.6803,544.65,15.2,41.9,3.95
ROUTE_00618,SCH_002,National School B,BUS_020,DRV_040,2024-05-24,2024,5,24,4,0,spring,5,26,0,12,203.339,50,4.17,16.945,Zone_D,100.0,residential,3.04,free_flow,cloudy,32.3,10,61,6,50,2.91,1.0,3.12,101.7,3.2107,101.6669,760.89,16.03,63.41,3.74
ROUTE_00619,SCH_001,International School A,BUS_006,DRV_010,2024-03-09,2024,3,9,5,1,spring,7,38,1,15,188.393,50,3.33,12.56,Zone_E,100.0,local_road,4.05,moderate,cloudy,28.2,14,64,8,50,3.88,1.0,3.15,101.68,3.1583,101.6778,817.89,13.82,54.53,4.34
ROUTE_00620,SCH_001,International School A,BUS_013,DRV_029,2024-06-23,2024,6,23,6,1,summer,6,36,1,15,159.719,50,3.33,10.648,Zone_A,100.0,local_road,4.22,moderate,cloudy,29.3,15,39,11,50,4.11,1.0,3.15,101.68,3.1525,101.7005,647.32,14.8,43.15,4.05
ROUTE_00621,SCH_003,Private School C,BUS_020,DRV_004,2024-07-11,2024,7,11,3,0,summer,6,38,1,10,148.176,50,5.0,14.818,Zone_B,100.0,local_road,4.32,light,clear,34.8,2,54,13,50,2.09,1.0,3.2,101.65,3.1709,101.6923,643.2,13.82,64.32,4.34
ROUTE_00622,SCH_002,National School B,BUS_029,DRV_025,2024-10-01,2024,10,1,1,0,monsoon,6,39,1,17,212.49,50,2.94,12.499,Zone_C,100.0,main_road,4.46,heavy,clear,24.1,19,26,6,50,3.84,1.0,3.12,101.7,3.194,101.7087,1029.05,12.39,60.53,4.84
ROUTE_00623,SCH_001,International School A,BUS_025,DRV_035,2024-07-12,2024,7,12,4,0,summer,7,15,1,12,128.504,50,4.17,10.709,Zone_D,100.0,main_road,2.75,congested,light_rain,34.2,18,50,7,50,2.77,1.0,3.15,101.68,3.1471,101.6969,875.69,8.8,72.97,6.81
ROUTE_00624,SCH_001,International School A,BUS_005,DRV_022,2024-05-12,2024,5,12,6,1,spring,6,32,1,9,99.083,50,5.56,11.009,Zone_E,100.0,main_road,3.28,free_flow,clear,31.6,19,37,1,50,3.21,1.0,3.15,101.68,3.1447,101.7182,174.51,34.07,19.39,1.76
ROUTE_00625,SCH_001,International School A,BUS_022,DRV_014,2024-10-08,2024,10,8,1,0,monsoon,6,20,1,10,139.227,50,5.0,13.923,Zone_A,100.0,main_road,4.0,heavy,clear,26.3,7,64,14,50,2.73,1.0,3.15,101.68,3.1573,101.6729,712.05,11.73,71.2,5.11
ROUTE_00626,SCH_001,International School A,BUS_018,DRV_004,2024-11-27,2024,11,27,2,0,monsoon,6,16,1,16,190.099,50,3.12,11.881,Zone_B,100.0,residential,4.91,moderate,clear,32.2,8,53,3,50,3.7,1.0,3.15,101.68,3.1732,101.6949,1095.43,10.41,68.46,5.76
ROUTE_00627,SCH_001,International School A,BUS_027,DRV_029,2024-03-06,2024,3,6,2,0,spring,6,21,1,18,260.258,50,2.78,14.459,Zone_C,100.0,main_road,3.81,light,fog,30.3,18,55,6,50,4.81,1.0,3.15,101.68,3.145,101.6967,883.83,17.67,49.1,3.4
ROUTE_00628,SCH_001,International School A,BUS_010,DRV_050,2024-12-05,2024,12,5,3,0,winter,6,55,1,12,193.17,50,4.17,16.097,Zone_D,100.0,local_road,4.45,heavy,clear,23.4,5,42,1,50,3.78,1.0,3.15,101.68,3.1683,101.7137,1439.16,8.05,119.93,7.45
ROUTE_00629,SCH_002,National School B,BUS_009,DRV_004,2024-03-20,2024,3,20,2,0,spring,6,57,1,7,133.459,50,7.14,19.066,Zone_E,100.0,local_road,2.97,moderate,cloudy,24.1,21,58,8,50,2.61,1.0,3.12,101.7,3.1569,101.6871,664.11,12.06,94.87,4.98
ROUTE_00630,SCH_003,Private School C,BUS_009,DRV_025,2024-10-22,2024,10,22,1,0,monsoon,7,47,1,10,104.674,50,5.0,10.467,Zone_A,100.0,main_road,3.0,heavy,heavy_rain,27.5,21,39,8,50,3.39,1.0,3.2,101.65,3.1206,101.6867,686.64,9.15,68.66,6.56
ROUTE_00631,SCH_001,International School A,BUS_017,DRV_031,2024-06-20,2024,6,20,3,0,summer,7,37,1,12,154.317,50,4.17,12.86,Zone_B,100.0,residential,3.39,heavy,clear,28.9,21,57,0,50,2.45,1.0,3.15,101.68,3.1803,101.6812,1135.61,8.15,94.63,7.36
ROUTE_00632,SCH_002,National School B,BUS_003,DRV_023,2024-02-06,2024,2,6,1,0,winter,7,19,1,19,237.363,50,2.63,12.493,Zone_C,100.0,highway,4.32,heavy,clear,25.8,3,31,11,50,4.68,1.0,3.12,101.7,3.1673,101.7223,891.36,15.98,46.91,3.76
ROUTE_00633,SCH_002,National School B,BUS_025,DRV_016,2024-02-11,2024,2,11,6,1,winter,7,48,1,9,121.683,50,5.56,13.52,Zone_D,100.0,local_road,3.45,free_flow,light_rain,28.6,19,33,5,50,3.28,1.0,3.12,101.7,3.2237,101.7029,455.32,16.03,50.59,3.74
ROUTE_00634,SCH_003,Private School C,BUS_010,DRV_027,2024-08-23,2024,8,23,4,0,summer,6,9,1,10,96.684,50,5.0,9.668,Zone_E,100.0,highway,3.01,light,clear,32.1,9,43,10,50,2.88,1.0,3.2,101.65,3.1789,101.7499,166.89,34.76,16.69,1.73
ROUTE_00635,SCH_003,Private School C,BUS_024,DRV_018,2024-03-20,2024,3,20,2,0,spring,7,15,1,8,99.19,50,6.25,12.399,Zone_A,100.0,local_road,3.4,free_flow,clear,29.3,10,47,11,50,3.23,1.0,3.2,101.65,3.1332,101.7268,315.21,18.88,39.4,3.18
ROUTE_00636,SCH_001,International School A,BUS_021,DRV_047,2024-02-06,2024,2,6,1,0,winter,7,46,1,19,225.082,50,2.63,11.846,Zone_B,100.0,main_road,4.85,moderate,clear,26.5,13,60,13,50,4.16,1.0,3.15,101.68,3.1627,101.7021,797.37,16.94,41.97,3.54
ROUTE_00637,SCH_003,Private School C,BUS_001,DRV_040,2024-10-27,2024,10,27,6,1,monsoon,6,16,1,12,186.064,50,4.17,15.505,Zone_C,100.0,highway,4.81,moderate,clear,29.1,3,58,7,50,4.54,1.0,3.2,101.65,3.1696,101.6986,469.26,23.79,39.11,2.52
ROUTE_00638,SCH_003,Private School C,BUS_001,DRV_045,2024-06-28,2024,6,28,4,0,summer,5,52,0,9,138.742,50,5.56,15.416,Zone_D,100.0,local_road,2.66,free_flow,clear,28.6,18,46,3,50,2.85,1.0,3.2,101.65,3.1911,101.7326,370.72,22.45,41.19,2.67
ROUTE_00639,SCH_002,National School B,BUS_021,DRV_020,2024-05-31,2024,5,31,4,0,spring,7,37,1,19,229.891,50,2.63,12.1,Zone_E,100.0,highway,4.0,heavy,cloudy,24.6,22,56,13,50,3.74,1.0,3.12,101.7,3.1673,101.7123,714.68,19.3,37.61,3.11
ROUTE_00640,SCH_002,National School B,BUS_001,DRV_042,2024-04-14,2024,4,14,6,1,spring,6,19,1,14,193.792,50,3.57,13.842,Zone_A,100.0,local_road,4.61,light,clear,28.7,10,61,13,50,2.49,1.0,3.12,101.7,3.1375,101.7169,687.16,16.92,49.08,3.55
ROUTE_00641,SCH_002,National School B,BUS_006,DRV_045,2024-12-14,2024,12,14,5,1,winter,7,31,1,15,145.791,50,3.33,9.719,Zone_B,100.0,main_road,2.52,light,cloudy,25.7,12,57,13,50,2.26,1.0,3.12,101.7,3.1589,101.6924,429.23,20.38,28.62,2.94
ROUTE_00642,SCH_001,International School A,BUS_019,DRV_009,2024-06-15,2024,6,15,5,1,summer,5,44,0,10,131.69,50,5.0,13.169,Zone_C,100.0,highway,4.11,free_flow,clear,36.3,15,38,12,50,3.43,1.0,3.15,101.68,3.1824,101.7134,160.99,49.08,16.1,1.22
ROUTE_00643,SCH_001,International School A,BUS_027,DRV_006,2024-07-10,2024,7,10,2,0,summer,6,6,1,6,79.086,43,7.17,13.181,Zone_D,100.0,local_road,4.37,congested,clear,33.6,7,49,13,50,3.36,0.86,3.15,101.68,3.1763,101.726,695.54,6.82,115.92,8.79
ROUTE_00644,SCH_003,Private School C,BUS_026,DRV_019,2024-11-07,2024,11,7,3,0,monsoon,5,20,0,11,147.531,50,4.55,13.412,Zone_E,100.0,main_road,3.75,light,heavy_rain,29.2,18,49,9,50,4.16,1.0,3.2,101.65,3.2107,101.7052,474.35,18.66,43.12,3.22
ROUTE_00645,SCH_003,Private School C,BUS_025,DRV_022,2024-08-13,2024,8,13,1,0,summer,5,53,0,10,119.651,50,5.0,11.965,Zone_A,100.0,main_road,4.12,light,cloudy,32.3,6,64,13,50,4.94,1.0,3.2,101.65,3.2011,101.6701,268.63,26.72,26.86,2.25
ROUTE_00646,SCH_001,International School A,BUS_020,DRV_046,2024-11-28,2024,11,28,3,0,monsoon,6,52,1,18,237.02,50,2.78,13.168,Zone_B,100.0,residential,3.74,moderate,cloudy,27.8,17,55,7,50,2.76,1.0,3.15,101.68,3.1748,101.7086,1470.41,9.67,81.69,6.2
ROUTE_00647,SCH_001,International School A,BUS_027,DRV_032,2024-02-02,2024,2,2,4,0,winter,5,52,0,7,97.891,50,7.14,13.984,Zone_C,100.0,local_road,3.48,moderate,clear,29.9,15,46,1,50,4.97,1.0,3.15,101.68,3.1475,101.6938,402.74,14.58,57.53,4.11
ROUTE_00648,SCH_002,National School B,BUS_029,DRV_018,2024-08-28,2024,8,28,2,0,summer,6,56,1,16,242.925,50,3.12,15.183,Zone_D,100.0,residential,4.78,moderate,cloudy,28.2,10,59,14,50,2.13,1.0,3.12,101.7,3.1657,101.7007,1682.02,8.67,105.13,6.92
ROUTE_00649,SCH_001,International School A,BUS_010,DRV_040,2024-06-24,2024,6,24,0,0,summer,5,43,0,11,111.539,50,4.55,10.14,Zone_E,100.0,local_road,3.9,free_flow,clear,36.9,8,31,1,50,2.25,1.0,3.15,101.68,3.1556,101.6801,285.19,23.47,25.93,2.56
ROUTE_00650,SCH_001,International School A,BUS_007,DRV_027,2024-08-01,2024,8,1,3,0,summer,6,59,1,12,149.484,50,4.17,12.457,Zone_A,100.0,main_road,4.22,heavy,clear,36.3,1,45,11,50,3.19,1.0,3.15,101.68,3.1731,101.7034,688.52,13.03,57.38,4.61
ROUTE_00651,SCH_003,Private School C,BUS_012,DRV_014,2024-03-07,2024,3,7,3,0,spring,6,22,1,13,179.63,50,3.85,13.818,Zone_B,100.0,local_road,4.24,light,clear,26.3,2,30,12,50,3.07,1.0,3.2,101.65,3.2148,101.717,756.57,14.25,58.2,4.21
ROUTE_00652,SCH_003,Private School C,BUS_024,DRV_022,2024-12-17,2024,12,17,1,0,winter,5,23,0,19,216.204,50,2.63,11.379,Zone_C,100.0,local_road,4.08,free_flow,clear,25.3,7,29,2,50,3.88,1.0,3.2,101.65,3.1773,101.7,655.21,19.8,34.48,3.03
ROUTE_00653,SCH_002,National School B,BUS_009,DRV_009,2024-09-10,2024,9,10,1,0,monsoon,7,57,1,18,218.987,50,2.78,12.166,Zone_D,100.0,main_road,3.37,heavy,cloudy,27.8,10,42,8,50,3.12,1.0,3.12,101.7,3.1814,101.7143,1164.61,11.28,64.7,5.32
ROUTE_00654,SCH_001,International School A,BUS_016,DRV_033,2024-01-25,2024,1,25,3,0,winter,5,20,0,5,83.906,30,6.0,16.781,Zone_E,100.0,main_road,2.63,light,fog,22.9,8,42,14,50,4.61,0.6,3.15,101.68,3.1767,101.6894,267.71,18.81,53.54,3.19
ROUTE_00655,SCH_003,Private School C,BUS_010,DRV_042,2024-01-26,2024,1,26,4,0,winter,7,30,1,12,206.207,50,4.17,17.184,Zone_A,100.0,local_road,4.44,moderate,clear,24.7,12,34,2,50,4.78,1.0,3.2,101.65,3.167,101.6984,855.13,14.47,71.26,4.15
ROUTE_00656,SCH_001,International School A,BUS_029,DRV_017,2024-03-21,2024,3,21,3,0,spring,6,19,1,10,101.606,50,5.0,10.161,Zone_B,100.0,main_road,4.74,heavy,heavy_rain,32.0,22,43,2,50,3.21,1.0,3.15,101.68,3.2439,101.6821,586.87,10.39,58.69,5.78
ROUTE_00657,SCH_001,International School A,BUS_004,DRV_025,2024-08-21,2024,8,21,2,0,summer,7,34,1,6,46.911,36,6.0,7.819,Zone_C,100.0,main_road,3.09,heavy,cloudy,28.3,11,59,6,50,4.28,0.72,3.15,101.68,3.1538,101.7121,240.35,11.71,40.06,5.12
ROUTE_00658,SCH_002,National School B,BUS_016,DRV_035,2024-07-18,2024,7,18,3,0,summer,7,19,1,6,77.993,50,8.33,12.999,Zone_D,100.0,local_road,3.52,light,clear,28.6,7,42,3,50,2.0,1.0,3.12,101.7,3.137,101.7113,304.08,15.39,50.68,3.9
ROUTE_00659,SCH_001,International School A,BUS_008,DRV_028,2024-10-04,2024,10,4,4,0,monsoon,6,40,1,11,115.187,50,4.55,10.472,Zone_E,100.0,residential,4.05,heavy,heavy_rain,25.0,9,46,9,50,4.24,1.0,3.15,101.68,3.1769,101.6903,1439.26,4.8,130.84,12.5
ROUTE_00660,SCH_002,National School B,BUS_008,DRV_003,2024-03-31,2024,3,31,6,1,spring,6,14,1,6,79.791,44,7.33,13.299,Zone_A,100.0,local_road,3.52,free_flow,clear,31.1,19,45,4,50,3.66,0.88,3.12,101.7,3.1904,101.6794,202.23,23.67,33.71,2.53
ROUTE_00661,SCH_003,Private School C,BUS_026,DRV_046,2024-02-01,2024,2,1,3,0,winter,6,22,1,8,120.969,50,6.25,15.121,Zone_B,100.0,main_road,3.85,moderate,cloudy,27.1,17,44,4,50,3.55,1.0,3.2,101.65,3.2105,101.6871,404.5,17.94,50.56,3.34
ROUTE_00662,SCH_003,Private School C,BUS_007,DRV_007,2024-07-13,2024,7,13,5,1,summer,6,0,1,14,181.259,50,3.57,12.947,Zone_C,100.0,local_road,4.22,moderate,clear,32.7,6,32,3,50,3.48,1.0,3.2,101.65,3.1993,101.7063,802.05,13.56,57.29,4.42
ROUTE_00663,SCH_003,Private School C,BUS_014,DRV_045,2024-11-09,2024,11,9,5,1,monsoon,7,8,1,12,144.534,50,4.17,12.045,Zone_D,100.0,main_road,4.2,heavy,clear,32.5,3,61,12,50,3.29,1.0,3.2,101.65,3.2361,101.7007,796.71,10.88,66.39,5.51
ROUTE_00664,SCH_003,Private School C,BUS_026,DRV_046,2024-05-22,2024,5,22,2,0,spring,7,37,1,9,104.796,50,5.56,11.644,Zone_E,100.0,main_road,3.07,heavy,cloudy,26.4,19,64,4,50,4.52,1.0,3.2,101.65,3.2299,101.7202,454.95,13.82,50.55,4.34
ROUTE_00665,SCH_002,National School B,BUS_029,DRV_015,2024-07-23,2024,7,23,1,0,summer,5,41,0,5,72.462,30,6.0,14.492,Zone_A,100.0,main_road,3.83,free_flow,cloudy,29.8,17,28,9,50,3.32,0.6,3.12,101.7,3.1516,101.6807,123.96,35.07,24.79,1.71
ROUTE_00666,SCH_002,National School B,BUS_020,DRV_039,2024-04-24,2024,4,24,2,0,spring,7,12,1,11,132.162,50,4.55,12.015,Zone_B,100.0,residential,2.8,heavy,clear,24.3,4,38,5,50,2.56,1.0,3.12,101.7,3.1674,101.6896,1114.35,7.12,101.3,8.43
ROUTE_00667,SCH_003,Private School C,BUS_007,DRV_033,2024-04-03,2024,4,3,2,0,spring,7,8,1,10,142.302,50,5.0,14.23,Zone_C,100.0,highway,3.43,congested,clear,24.1,22,50,7,50,3.58,1.0,3.2,101.65,3.1738,101.7136,532.14,16.04,53.21,3.74
ROUTE_00668,SCH_003,Private School C,BUS_011,DRV_042,2024-11-19,2024,11,19,1,0,monsoon,5,10,0,13,145.87,50,3.85,11.221,Zone_D,100.0,residential,3.8,moderate,clear,26.0,6,59,0,50,4.44,1.0,3.2,101.65,3.1958,101.6993,762.29,11.48,58.64,5.23
ROUTE_00669,SCH_003,Private School C,BUS_010,DRV_038,2024-05-14,2024,5,14,1,0,spring,6,55,1,5,56.799,38,7.6,11.36,Zone_E,100.0,local_road,2.77,light,clear,32.1,21,43,13,50,4.25,0.76,3.2,101.65,3.1404,101.6847,212.47,16.04,42.49,3.74
ROUTE_00670,SCH_002,National School B,BUS_008,DRV_017,2024-04-30,2024,4,30,1,0,spring,6,35,1,10,146.678,50,5.0,14.668,Zone_A,100.0,local_road,3.61,moderate,light_rain,31.3,1,47,14,50,3.34,1.0,3.12,101.7,3.1731,101.6818,917.35,9.59,91.73,6.25
ROUTE_00671,SCH_003,Private School C,BUS_013,DRV_017,2024-08-10,2024,8,10,5,1,summer,6,55,1,11,169.015,50,4.55,15.365,Zone_B,100.0,main_road,3.45,congested,clear,36.4,9,25,1,50,2.88,1.0,3.2,101.65,3.1982,101.6913,781.58,12.97,71.05,4.62
ROUTE_00672,SCH_002,National School B,BUS_015,DRV_030,2024-04-13,2024,4,13,5,1,spring,6,24,1,9,104.257,50,5.56,11.584,Zone_C,100.0,highway,2.65,moderate,light_rain,28.5,3,51,5,50,4.1,1.0,3.12,101.7,3.2114,101.7137,284.78,21.97,31.64,2.73
ROUTE_00673,SCH_001,International School A,BUS_011,DRV_008,2024-06-03,2024,6,3,0,0,summer,6,19,1,9,102.852,50,5.56,11.428,Zone_D,100.0,local_road,2.77,heavy,cloudy,30.6,10,25,7,50,4.31,1.0,3.15,101.68,3.1894,101.6925,722.79,8.54,80.31,7.03
ROUTE_00674,SCH_003,Private School C,BUS_008,DRV_004,2024-06-16,2024,6,16,6,1,summer,7,38,1,18,267.532,50,2.78,14.863,Zone_E,100.0,local_road,3.3,moderate,light_rain,33.7,24,26,5,50,4.8,1.0,3.2,101.65,3.1609,101.7223,1192.47,13.46,66.25,4.46
ROUTE_00675,SCH_002,National School B,BUS_018,DRV_018,2024-07-27,2024,7,27,5,1,summer,7,42,1,11,169.483,50,4.55,15.408,Zone_A,100.0,highway,3.61,moderate,cloudy,29.9,3,63,0,50,4.3,1.0,3.12,101.7,3.1919,101.696,343.06,29.64,31.19,2.02
ROUTE_00676,SCH_002,National School B,BUS_022,DRV_012,2024-04-30,2024,4,30,1,0,spring,6,40,1,8,93.462,50,6.25,11.683,Zone_B,100.0,main_road,3.26,moderate,clear,26.3,18,47,8,50,2.2,1.0,3.12,101.7,3.2065,101.7127,295.64,18.97,36.95,3.16
ROUTE_00677,SCH_002,National School B,BUS_006,DRV_038,2024-02-29,2024,2,29,3,0,winter,6,7,1,5,51.706,35,7.0,10.341,Zone_C,100.0,residential,3.53,moderate,storm,25.5,8,39,6,50,2.54,0.7,3.12,101.7,3.1779,101.6804,624.88,4.96,124.98,12.09
ROUTE_00678,SCH_001,International School A,BUS_016,DRV_021,2024-01-21,2024,1,21,6,1,winter,7,45,1,7,57.567,47,6.71,8.224,Zone_D,100.0,local_road,4.63,light,clear,27.1,18,27,10,50,3.94,0.94,3.15,101.68,3.201,101.6774,215.01,16.06,30.72,3.74
ROUTE_00679,SCH_003,Private School C,BUS_026,DRV_048,2024-12-09,2024,12,9,0,0,winter,5,33,0,7,79.984,50,7.14,11.426,Zone_E,100.0,residential,4.73,free_flow,clear,24.2,15,62,8,50,2.37,1.0,3.2,101.65,3.1797,101.7112,278.12,17.26,39.73,3.48
ROUTE_00680,SCH_002,National School B,BUS_014,DRV_049,2024-03-09,2024,3,9,5,1,spring,7,31,1,19,235.606,50,2.63,12.4,Zone_A,100.0,residential,3.37,moderate,light_rain,26.5,4,46,13,50,4.45,1.0,3.12,101.7,3.1704,101.684,1570.9,9.0,82.68,6.67
ROUTE_00681,SCH_003,Private School C,BUS_007,DRV_031,2024-08-11,2024,8,11,6,1,summer,5,43,0,8,103.735,50,6.25,12.967,Zone_B,100.0,local_road,3.56,free_flow,clear,32.0,20,52,8,50,4.79,1.0,3.2,101.65,3.1597,101.6957,234.4,26.55,29.3,2.26
ROUTE_00682,SCH_002,National School B,BUS_005,DRV_027,2024-06-05,2024,6,5,2,0,summer,7,13,1,17,235.574,50,2.94,13.857,Zone_C,100.0,residential,3.92,light,cloudy,35.1,6,54,13,50,3.21,1.0,3.12,101.7,3.1663,101.6789,1269.66,11.13,74.69,5.39
ROUTE_00683,SCH_003,Private School C,BUS_011,DRV_026,2024-06-26,2024,6,26,2,0,summer,7,39,1,19,212.964,50,2.63,11.209,Zone_D,100.0,main_road,3.34,heavy,cloudy,29.7,18,26,14,50,3.44,1.0,3.2,101.65,3.1913,101.6906,1032.74,12.37,54.35,4.85
ROUTE_00684,SCH_001,International School A,BUS_001,DRV_026,2024-06-05,2024,6,5,2,0,summer,7,6,1,5,62.447,33,6.6,12.489,Zone_E,100.0,residential,4.15,light,clear,30.7,2,41,3,50,3.29,0.66,3.15,101.68,3.2049,101.6906,280.81,13.34,56.16,4.5
ROUTE_00685,SCH_002,National School B,BUS_016,DRV_009,2024-12-21,2024,12,21,5,1,winter,6,10,1,16,241.385,50,3.12,15.087,Zone_A,100.0,local_road,3.88,heavy,heavy_rain,27.6,22,61,2,50,3.63,1.0,3.12,101.7,3.1813,101.6823,2093.42,6.92,130.84,8.67
ROUTE_00686,SCH_002,National School B,BUS_013,DRV_037,2024-06-09,2024,6,9,6,1,summer,7,53,1,6,49.386,45,7.5,8.231,Zone_B,100.0,local_road,2.8,moderate,storm,36.4,22,57,12,50,3.29,0.9,3.12,101.7,3.186,101.7464,408.86,7.25,68.14,8.28
ROUTE_00687,SCH_001,International School A,BUS_021,DRV_014,2024-05-03,2024,5,3,4,0,spring,6,28,1,14,177.097,50,3.57,12.65,Zone_C,100.0,main_road,3.17,heavy,clear,28.4,4,56,14,50,2.01,1.0,3.15,101.68,3.1421,101.6688,1084.12,9.8,77.44,6.12
ROUTE_00688,SCH_003,Private School C,BUS_009,DRV_014,2024-02-29,2024,2,29,3,0,winter,6,40,1,11,135.782,50,4.55,12.344,Zone_D,100.0,local_road,4.9,moderate,heavy_rain,27.8,10,50,11,50,2.28,1.0,3.2,101.65,3.1684,101.7121,1141.75,7.14,103.8,8.41
ROUTE_00689,SCH_002,National School B,BUS_001,DRV_005,2024-04-05,2024,4,5,4,0,spring,6,44,1,12,170.333,50,4.17,14.194,Zone_E,100.0,highway,3.7,moderate,clear,29.9,24,36,5,50,2.6,1.0,3.12,101.7,3.1756,101.7094,320.63,31.87,26.72,1.88
ROUTE_00690,SCH_001,International School A,BUS_021,DRV_040,2024-02-20,2024,2,20,1,0,winter,6,30,1,15,179.882,50,3.33,11.992,Zone_A,100.0,residential,4.44,moderate,clear,28.0,11,61,14,50,3.32,1.0,3.15,101.68,3.161,101.7276,1103.25,9.78,73.55,6.13
ROUTE_00691,SCH_002,National School B,BUS_016,DRV_045,2024-07-14,2024,7,14,6,1,summer,6,43,1,15,194.474,50,3.33,12.965,Zone_B,100.0,highway,2.78,heavy,clear,33.0,17,39,12,50,3.2,1.0,3.12,101.7,3.1637,101.6875,506.07,23.06,33.74,2.6
ROUTE_00692,SCH_002,National School B,BUS_004,DRV_004,2024-03-02,2024,3,2,5,1,spring,5,34,0,10,142.819,50,5.0,14.282,Zone_C,100.0,main_road,4.83,moderate,cloudy,29.3,18,34,7,50,4.6,1.0,3.12,101.7,3.145,101.6994,362.84,23.62,36.28,2.54
ROUTE_00693,SCH_002,National School B,BUS_030,DRV_033,2024-09-04,2024,9,4,2,0,monsoon,6,49,1,10,107.441,50,5.0,10.744,Zone_D,100.0,residential,3.85,heavy,fog,24.1,12,41,6,50,3.31,1.0,3.12,101.7,3.202,101.688,1196.82,5.39,119.68,11.14
ROUTE_00694,SCH_003,Private School C,BUS_008,DRV_039,2024-10-28,2024,10,28,0,0,monsoon,6,52,1,5,59.838,34,6.8,11.968,Zone_E,100.0,main_road,2.68,moderate,clear,24.8,20,36,12,50,3.27,0.68,3.2,101.65,3.1819,101.6652,204.14,17.59,40.83,3.41
ROUTE_00695,SCH_001,International School A,BUS_008,DRV_050,2024-09-17,2024,9,17,1,0,monsoon,6,24,1,11,114.35,50,4.55,10.395,Zone_A,100.0,residential,4.75,heavy,cloudy,24.4,22,29,7,50,4.05,1.0,3.15,101.68,3.1948,101.727,889.43,7.71,80.86,7.78
ROUTE_00696,SCH_001,International School A,BUS_025,DRV_041,2024-06-19,2024,6,19,2,0,summer,6,50,1,11,141.899,50,4.55,12.9,Zone_B,100.0,local_road,4.38,congested,clear,37.1,18,39,1,50,2.21,1.0,3.15,101.68,3.1526,101.6568,1022.11,8.33,92.92,7.2
ROUTE_00697,SCH_001,International School A,BUS_004,DRV_042,2024-07-21,2024,7,21,6,1,summer,7,46,1,14,162.663,50,3.57,11.619,Zone_C,100.0,highway,3.94,congested,cloudy,35.5,17,34,7,50,2.27,1.0,3.15,101.68,3.1847,101.7035,590.17,16.54,42.15,3.63
ROUTE_00698,SCH_001,International School A,BUS_011,DRV_050,2024-01-15,2024,1,15,0,0,winter,7,38,1,13,217.984,50,3.85,16.768,Zone_D,100.0,local_road,3.13,moderate,cloudy,27.8,3,52,9,50,4.19,1.0,3.15,101.68,3.1645,101.6868,1375.09,9.51,105.78,6.31
ROUTE_00699,SCH_002,National School B,BUS_009,DRV_019,2024-08-31,2024,8,31,5,1,summer,5,17,0,16,179.112,50,3.12,11.194,Zone_E,100.0,main_road,3.84,free_flow,cloudy,34.2,13,54,1,50,2.36,1.0,3.12,101.7,3.1652,101.6974,281.91,38.12,17.62,1.57
ROUTE_00700,SCH_003,Private School C,BUS_030,DRV_040,2024-01-02,2024,1,2,1,0,winter,7,44,1,11,111.732,50,4.55,10.157,Zone_A,100.0,highway,2.94,free_flow,cloudy,26.0,11,30,14,50,4.79,1.0,3.2,101.65,3.1785,101.679,173.73,38.59,15.79,1.55
ROUTE_00701,SCH_001,International School A,BUS_020,DRV_035,2024-04-23,2024,4,23,1,0,spring,5,1,0,6,64.432,44,7.33,10.739,Zone_B,100.0,highway,3.83,moderate,light_rain,29.0,24,56,14,50,2.39,0.88,3.15,101.68,3.1859,101.6935,159.62,24.22,26.6,2.48
ROUTE_00702,SCH_003,Private School C,BUS_005,DRV_020,2024-12-03,2024,12,3,1,0,winter,5,0,0,12,128.991,50,4.17,10.749,Zone_C,100.0,main_road,2.55,light,fog,25.6,12,29,7,50,3.76,1.0,3.2,101.65,3.1361,101.7036,419.56,18.45,34.96,3.25
ROUTE_00703,SCH_001,International School A,BUS_001,DRV_017,2024-07-28,2024,7,28,6,1,summer,6,30,1,12,127.783,50,4.17,10.649,Zone_D,100.0,residential,3.87,moderate,fog,37.3,4,34,9,50,4.82,1.0,3.15,101.68,3.1513,101.6803,987.5,7.76,82.29,7.73
ROUTE_00704,SCH_001,International School A,BUS_029,DRV_015,2024-01-08,2024,1,8,0,0,winter,5,18,0,15,197.35,50,3.33,13.157,Zone_E,100.0,main_road,3.9,light,heavy_rain,26.6,11,49,6,50,3.77,1.0,3.15,101.68,3.2013,101.7096,621.34,19.06,41.42,3.15
ROUTE_00705,SCH_002,National School B,BUS_020,DRV_022,2024-06-03,2024,6,3,0,0,summer,6,19,1,6,97.84,46,7.67,16.307,Zone_A,100.0,main_road,2.66,moderate,clear,37.2,14,28,2,50,2.04,0.92,3.12,101.7,3.1812,101.7203,268.74,21.84,44.79,2.75
ROUTE_00706,SCH_002,National School B,BUS_026,DRV_027,2024-03-11,2024,3,11,0,0,spring,6,6,1,18,208.789,50,2.78,11.599,Zone_B,100.0,residential,3.43,moderate,cloudy,28.7,18,61,2,50,4.42,1.0,3.12,101.7,3.1943,101.7057,1154.46,10.85,64.14,5.53
ROUTE_00707,SCH_002,National School B,BUS_027,DRV_022,2024-09-26,2024,9,26,3,0,monsoon,5,27,0,14,191.549,50,3.57,13.682,Zone_C,100.0,highway,4.44,light,light_rain,26.9,17,56,10,50,2.22,1.0,3.12,101.7,3.2086,101.6885,392.51,29.28,28.04,2.05
ROUTE_00708,SCH_003,Private School C,BUS_001,DRV_016,2024-11-11,2024,11,11,0,0,monsoon,7,17,1,10,95.179,50,5.0,9.518,Zone_D,100.0,residential,4.94,free_flow,cloudy,27.6,3,60,11,50,2.92,1.0,3.2,101.65,3.2139,101.6751,529.26,10.79,52.93,5.56
ROUTE_00709,SCH_002,National School B,BUS_014,DRV_001,2024-11-26,2024,11,26,1,0,monsoon,6,40,1,8,87.312,50,6.25,10.914,Zone_E,100.0,main_road,4.52,heavy,light_rain,26.0,19,49,5,50,4.33,1.0,3.12,101.7,3.211,101.7104,446.76,11.73,55.84,5.12
ROUTE_00710,SCH_002,National School B,BUS_017,DRV_037,2024-01-04,2024,1,4,3,0,winter,6,58,1,8,98.886,50,6.25,12.361,Zone_A,100.0,local_road,4.2,free_flow,clear,28.3,10,41,5,50,4.79,1.0,3.12,101.7,3.2028,101.7171,322.24,18.41,40.28,3.26
ROUTE_00711,SCH_001,International School A,BUS_019,DRV_047,2024-02-18,2024,2,18,6,1,winter,7,44,1,10,131.582,50,5.0,13.158,Zone_B,100.0,highway,4.31,congested,clear,29.8,20,60,9,50,4.49,1.0,3.15,101.68,3.1527,101.6811,462.15,17.08,46.22,3.51
ROUTE_00712,SCH_001,International School A,BUS_026,DRV_002,2024-08-19,2024,8,19,0,0,summer,6,34,1,14,158.122,50,3.57,11.294,Zone_C,100.0,residential,4.58,heavy,cloudy,29.3,2,44,6,50,2.32,1.0,3.15,101.68,3.1551,101.6956,1513.85,6.27,108.13,9.57
ROUTE_00713,SCH_002,National School B,BUS_013,DRV_032,2024-03-13,2024,3,13,2,0,spring,6,33,1,17,242.353,50,2.94,14.256,Zone_D,100.0,local_road,4.33,heavy,light_rain,28.6,10,30,5,50,3.97,1.0,3.12,101.7,3.1812,101.6585,1846.39,7.88,108.61,7.62
ROUTE_00714,SCH_002,National School B,BUS_020,DRV_001,2024-11-25,2024,11,25,0,0,monsoon,7,26,1,5,47.554,34,6.8,9.511,Zone_E,100.0,residential,4.48,light,heavy_rain,30.9,1,26,12,50,4.9,0.68,3.12,101.7,3.1373,101.6825,371.23,7.69,74.25,7.81
ROUTE_00715,SCH_003,Private School C,BUS_004,DRV_033,2024-11-21,2024,11,21,3,0,monsoon,6,49,1,18,250.524,50,2.78,13.918,Zone_A,100.0,local_road,4.75,heavy,cloudy,30.9,10,53,6,50,2.52,1.0,3.2,101.65,3.1243,101.6841,1752.76,8.58,97.38,7.0
ROUTE_00716,SCH_003,Private School C,BUS_029,DRV_039,2024-03-12,2024,3,12,1,0,spring,6,54,1,13,150.333,50,3.85,11.564,Zone_B,100.0,local_road,3.34,congested,storm,27.3,2,54,6,50,3.83,1.0,3.2,101.65,3.1739,101.7077,2381.45,3.79,183.19,15.84
ROUTE_00717,SCH_001,International School A,BUS_023,DRV_001,2024-12-01,2024,12,1,6,1,winter,5,9,0,17,205.97,50,2.94,12.116,Zone_C,100.0,main_road,2.69,light,heavy_rain,27.5,8,38,7,50,3.01,1.0,3.15,101.68,3.1557,101.6962,716.29,17.25,42.13,3.48
ROUTE_00718,SCH_003,Private School C,BUS_024,DRV_043,2024-07-02,2024,7,2,1,0,summer,7,9,1,14,197.829,50,3.57,14.131,Zone_D,100.0,highway,4.93,free_flow,cloudy,32.4,4,49,2,50,3.23,1.0,3.2,101.65,3.1743,101.7203,319.26,37.18,22.8,1.61
ROUTE_00719,SCH_002,National School B,BUS_005,DRV_017,2024-10-28,2024,10,28,0,0,monsoon,6,9,1,9,132.95,50,5.56,14.772,Zone_E,100.0,local_road,4.85,moderate,cloudy,28.3,19,38,7,50,2.13,1.0,3.12,101.7,3.172,101.6857,657.86,12.13,73.1,4.95
ROUTE_00720,SCH_002,National School B,BUS_026,DRV_032,2024-02-02,2024,2,2,4,0,winter,7,31,1,12,160.359,50,4.17,13.363,Zone_A,100.0,local_road,4.41,heavy,cloudy,28.5,4,63,9,50,4.29,1.0,3.12,101.7,3.1567,101.6906,1294.15,7.43,107.85,8.07
ROUTE_00721,SCH_001,International School A,BUS_008,DRV_048,2024-02-22,2024,2,22,3,0,winter,7,10,1,12,99.907,50,4.17,8.326,Zone_B,100.0,main_road,2.68,congested,cloudy,25.8,22,60,11,50,2.89,1.0,3.15,101.68,3.1735,101.6974,685.9,8.74,57.16,6.87
ROUTE_00722,SCH_002,National School B,BUS_029,DRV_004,2024-11-23,2024,11,23,5,1,monsoon,6,27,1,13,180.794,50,3.85,13.907,Zone_C,100.0,residential,2.8,congested,clear,32.2,4,55,3,50,4.81,1.0,3.12,101.7,3.1741,101.6998,2012.43,5.39,154.8,11.13
ROUTE_00723,SCH_002,National School B,BUS_025,DRV_014,2024-09-06,2024,9,6,4,0,monsoon,6,22,1,11,103.739,50,4.55,9.431,Zone_D,100.0,main_road,3.65,heavy,light_rain,25.6,10,50,5,50,3.59,1.0,3.12,101.7,3.1721,101.7208,627.32,9.92,57.03,6.05
ROUTE_00724,SCH_002,National School B,BUS_015,DRV_026,2024-12-12,2024,12,12,3,0,winter,7,47,1,5,63.53,23,4.6,12.706,Zone_E,100.0,local_road,3.7,heavy,cloudy,29.4,9,38,7,50,2.63,0.46,3.12,101.7,3.1678,101.7511,466.63,8.17,93.33,7.35
ROUTE_00725,SCH_002,National School B,BUS_009,DRV_042,2024-01-23,2024,1,23,1,0,winter,6,57,1,13,194.033,50,3.85,14.926,Zone_A,100.0,local_road,3.42,moderate,light_rain,23.5,2,62,12,50,2.88,1.0,3.12,101.7,3.1297,101.6976,1406.53,8.28,108.19,7.25
ROUTE_00726,SCH_003,Private School C,BUS_005,DRV_038,2024-03-11,2024,3,11,0,0,spring,7,24,1,19,278.196,50,2.63,14.642,Zone_B,100.0,main_road,2.75,heavy,clear,28.5,7,55,4,50,2.12,1.0,3.2,101.65,3.1904,101.6956,1227.92,13.59,64.63,4.41
ROUTE_00727,SCH_003,Private School C,BUS_001,DRV_002,2024-07-15,2024,7,15,0,0,summer,7,33,1,16,196.671,50,3.12,12.292,Zone_C,100.0,residential,3.58,light,heavy_rain,28.4,22,28,13,50,2.47,1.0,3.2,101.65,3.181,101.6746,1452.31,8.13,90.77,7.38
ROUTE_00728,SCH_003,Private School C,BUS_001,DRV_025,2024-10-15,2024,10,15,1,0,monsoon,7,54,1,9,123.882,50,5.56,13.765,Zone_D,100.0,main_road,4.33,moderate,cloudy,29.0,19,43,4,50,4.53,1.0,3.2,101.65,3.1742,101.7115,415.1,17.91,46.12,3.35
ROUTE_00729,SCH_003,Private School C,BUS_022,DRV_001,2024-04-08,2024,4,8,0,0,spring,7,36,1,13,188.076,50,3.85,14.467,Zone_E,100.0,local_road,3.06,heavy,clear,31.7,11,41,13,50,2.09,1.0,3.2,101.65,3.1821,101.6722,1224.18,9.22,94.17,6.51
ROUTE_00730,SCH_003,Private School C,BUS_017,DRV_041,2024-02-22,2024,2,22,3,0,winter,6,29,1,18,237.68,50,2.78,13.204,Zone_A,100.0,local_road,3.97,light,clear,23.0,2,55,9,50,2.85,1.0,3.2,101.65,3.185,101.6904,1039.52,13.72,57.75,4.37
ROUTE_00731,SCH_001,International School A,BUS_023,DRV_046,2024-01-23,2024,1,23,1,0,winter,6,19,1,7,92.016,49,7.0,13.145,Zone_B,100.0,highway,4.8,moderate,clear,23.5,14,36,5,50,3.87,0.98,3.15,101.68,3.2005,101.7396,189.26,29.17,27.04,2.06
ROUTE_00732,SCH_002,National School B,BUS_021,DRV_002,2024-03-17,2024,3,17,6,1,spring,6,6,1,18,225.749,50,2.78,12.542,Zone_C,100.0,highway,3.86,light,clear,28.5,23,46,4,50,4.26,1.0,3.12,101.7,3.1661,101.7177,340.63,39.76,18.92,1.51
ROUTE_00733,SCH_001,International School A,BUS_015,DRV_049,2024-11-18,2024,11,18,0,0,monsoon,7,5,1,5,40.62,40,8.0,8.124,Zone_D,100.0,highway,2.8,heavy,storm,30.4,18,50,1,50,2.72,0.8,3.15,101.68,3.1132,101.7336,230.53,10.57,46.11,5.68
ROUTE_00734,SCH_002,National School B,BUS_011,DRV_022,2024-06-29,2024,6,29,5,1,summer,5,56,0,9,116.555,50,5.56,12.951,Zone_E,100.0,main_road,4.85,free_flow,heavy_rain,36.3,23,46,0,50,3.89,1.0,3.12,101.7,3.1624,101.6748,244.79,28.57,27.2,2.1
ROUTE_00735,SCH_002,National School B,BUS_015,DRV_034,2024-03-18,2024,3,18,0,0,spring,6,35,1,19,262.908,50,2.63,13.837,Zone_A,100.0,local_road,2.75,congested,clear,31.3,11,32,13,50,4.92,1.0,3.12,101.7,3.1706,101.6978,1956.52,8.06,102.97,7.44
ROUTE_00736,SCH_002,National School B,BUS_021,DRV_041,2024-04-15,2024,4,15,0,0,spring,5,10,0,12,134.542,50,4.17,11.212,Zone_B,100.0,local_road,4.28,free_flow,clear,25.2,10,33,2,50,2.69,1.0,3.12,101.7,3.1384,101.6879,338.83,23.82,28.24,2.52
ROUTE_00737,SCH_001,International School A,BUS_008,DRV_038,2024-05-26,2024,5,26,6,1,spring,6,25,1,14,135.375,50,3.57,9.67,Zone_C,100.0,local_road,3.93,moderate,clear,26.5,8,54,7,50,3.13,1.0,3.15,101.68,3.1441,101.6767,643.3,12.63,45.95,4.75
ROUTE_00738,SCH_002,National School B,BUS_004,DRV_009,2024-01-12,2024,1,12,4,0,winter,6,23,1,12,155.553,50,4.17,12.963,Zone_D,100.0,main_road,4.4,congested,cloudy,29.5,14,29,3,50,3.74,1.0,3.12,101.7,3.161,101.6817,907.01,10.29,75.58,5.83
ROUTE_00739,SCH_002,National School B,BUS_029,DRV_045,2024-06-29,2024,6,29,5,1,summer,6,39,1,19,234.197,50,2.63,12.326,Zone_E,100.0,main_road,2.81,moderate,clear,29.3,22,51,8,50,4.64,1.0,3.12,101.7,3.1877,101.7061,631.07,22.27,33.21,2.69
ROUTE_00740,SCH_003,Private School C,BUS_029,DRV_010,2024-07-13,2024,7,13,5,1,summer,5,49,0,13,188.255,50,3.85,14.481,Zone_A,100.0,residential,3.05,light,light_rain,33.9,17,51,0,50,4.77,1.0,3.2,101.65,3.1753,101.6765,628.94,17.96,48.38,3.34
ROUTE_00741,SCH_003,Private School C,BUS_011,DRV_027,2024-10-25,2024,10,25,4,0,monsoon,6,16,1,19,242.414,50,2.63,12.759,Zone_B,100.0,residential,3.41,moderate,light_rain,27.2,10,48,7,50,3.5,1.0,3.2,101.65,3.1645,101.6811,1797.71,8.09,94.62,7.42
ROUTE_00742,SCH_002,National School B,BUS_009,DRV_041,2024-02-20,2024,2,20,1,0,winter,7,49,1,12,157.269,50,4.17,13.106,Zone_C,100.0,residential,2.69,heavy,light_rain,27.7,7,48,10,50,4.44,1.0,3.12,101.7,3.1717,101.6926,1809.24,5.22,150.77,11.5
ROUTE_00743,SCH_003,Private School C,BUS_015,DRV_037,2024-07-14,2024,7,14,6,1,summer,6,48,1,15,188.962,50,3.33,12.597,Zone_D,100.0,main_road,4.34,light,light_rain,31.3,21,50,2,50,2.12,1.0,3.2,101.65,3.1961,101.6883,500.28,22.66,33.35,2.65
ROUTE_00744,SCH_001,International School A,BUS_010,DRV_012,2024-09-05,2024,9,5,3,0,monsoon,5,40,0,17,233.517,50,2.94,13.736,Zone_E,100.0,residential,4.29,free_flow,heavy_rain,29.2,6,44,3,50,3.48,1.0,3.15,101.68,3.1652,101.692,1127.87,12.42,66.35,4.83
ROUTE_00745,SCH_002,National School B,BUS_006,DRV_045,2024-09-07,2024,9,7,5,1,monsoon,5,7,0,12,131.671,50,4.17,10.973,Zone_A,100.0,main_road,3.63,free_flow,clear,26.7,14,29,9,50,2.91,1.0,3.12,101.7,3.1574,101.7173,228.4,34.59,19.03,1.73
ROUTE_00746,SCH_001,International School A,BUS_005,DRV_046,2024-09-15,2024,9,15,6,1,monsoon,7,12,1,10,126.779,50,5.0,12.678,Zone_B,100.0,residential,3.61,congested,heavy_rain,30.6,1,30,1,50,3.13,1.0,3.15,101.68,3.1673,101.6975,1888.45,4.03,188.84,14.9
ROUTE_00747,SCH_003,Private School C,BUS_028,DRV_045,2024-10-09,2024,10,9,2,0,monsoon,7,23,1,15,179.674,50,3.33,11.978,Zone_C,100.0,residential,2.52,heavy,light_rain,24.1,22,62,14,50,2.28,1.0,3.2,101.65,3.1736,101.7355,2236.41,4.82,149.09,12.45
ROUTE_00748,SCH_003,Private School C,BUS_014,DRV_039,2024-11-19,2024,11,19,1,0,monsoon,6,55,1,6,84.512,50,8.33,14.085,Zone_D,100.0,highway,4.99,light,heavy_rain,29.4,22,37,4,50,4.7,1.0,3.2,101.65,3.1986,101.6937,220.2,23.03,36.7,2.61
ROUTE_00749,SCH_001,International School A,BUS_029,DRV_036,2024-04-07,2024,4,7,6,1,spring,6,12,1,17,262.446,50,2.94,15.438,Zone_E,100.0,highway,4.4,moderate,clear,32.8,22,60,0,50,5.0,1.0,3.15,101.68,3.2131,101.7111,437.15,36.02,25.71,1.67
ROUTE_00750,SCH_002,National School B,BUS_023,DRV_012,2024-04-22,2024,4,22,0,0,spring,6,58,1,19,281.527,50,2.63,14.817,Zone_A,100.0,local_road,4.95,heavy,clear,24.1,18,64,12,50,3.02,1.0,3.12,101.7,3.1949,101.685,1762.51,9.58,92.76,6.26
ROUTE_00751,SCH_003,Private School C,BUS_008,DRV_024,2024-05-18,2024,5,18,5,1,spring,7,38,1,19,296.814,50,2.63,15.622,Zone_B,100.0,main_road,3.67,heavy,fog,30.3,2,44,12,50,4.61,1.0,3.2,101.65,3.1839,101.6863,1741.19,10.23,91.64,5.87
ROUTE_00752,SCH_003,Private School C,BUS_024,DRV_037,2024-07-25,2024,7,25,3,0,summer,6,26,1,16,186.473,50,3.12,11.655,Zone_C,100.0,highway,4.05,free_flow,clear,30.7,15,31,0,50,3.64,1.0,3.2,101.65,3.1683,101.7115,252.28,44.35,15.77,1.35
ROUTE_00753,SCH_003,Private School C,BUS_010,DRV_041,2024-07-28,2024,7,28,6,1,summer,7,58,1,13,182.784,50,3.85,14.06,Zone_D,100.0,local_road,2.8,moderate,clear,28.4,23,63,5,50,3.81,1.0,3.2,101.65,3.1765,101.6811,812.85,13.49,62.53,4.45
ROUTE_00754,SCH_001,International School A,BUS_027,DRV_004,2024-12-29,2024,12,29,6,1,winter,7,56,1,19,294.696,50,2.63,15.51,Zone_E,100.0,highway,3.09,light,cloudy,27.3,22,32,11,50,3.25,1.0,3.15,101.68,3.1889,101.6881,482.93,36.61,25.42,1.64
ROUTE_00755,SCH_001,International School A,BUS_025,DRV_042,2024-12-26,2024,12,26,3,0,winter,6,7,1,11,148.746,50,4.55,13.522,Zone_A,100.0,main_road,4.39,moderate,cloudy,23.0,19,54,1,50,2.64,1.0,3.15,101.68,3.2075,101.7013,477.45,18.69,43.4,3.21
ROUTE_00756,SCH_003,Private School C,BUS_014,DRV_015,2024-02-27,2024,2,27,1,0,winter,6,20,1,9,99.886,50,5.56,11.098,Zone_B,100.0,highway,2.88,moderate,light_rain,29.1,13,64,4,50,2.24,1.0,3.2,101.65,3.1447,101.7101,279.82,21.42,31.09,2.8
ROUTE_00757,SCH_002,National School B,BUS_028,DRV_013,2024-08-22,2024,8,22,3,0,summer,5,7,0,12,173.369,50,4.17,14.447,Zone_C,100.0,main_road,3.25,light,cloudy,30.9,24,64,4,50,2.44,1.0,3.12,101.7,3.1841,101.7246,414.13,25.12,34.51,2.39
ROUTE_00758,SCH_001,International School A,BUS_014,DRV_015,2024-07-19,2024,7,19,4,0,summer,7,6,1,7,73.771,43,6.14,10.539,Zone_D,100.0,local_road,4.12,moderate,heavy_rain,28.0,11,30,8,50,2.69,0.86,3.15,101.68,3.1371,101.6948,516.4,8.57,73.77,7.0
ROUTE_00759,SCH_002,National School B,BUS_023,DRV_047,2024-05-03,2024,5,3,4,0,spring,6,48,1,17,257.469,50,2.94,15.145,Zone_E,100.0,main_road,4.17,light,clear,30.6,15,27,12,50,4.94,1.0,3.12,101.7,3.18,101.7024,591.8,26.1,34.81,2.3
ROUTE_00760,SCH_001,International School A,BUS_003,DRV_015,2024-10-20,2024,10,20,6,1,monsoon,5,40,0,13,208.184,50,3.85,16.014,Zone_A,100.0,main_road,3.53,light,light_rain,30.7,9,63,2,50,3.76,1.0,3.15,101.68,3.1546,101.6848,492.15,25.38,37.86,2.36
ROUTE_00761,SCH_001,International School A,BUS_024,DRV_018,2024-11-29,2024,11,29,4,0,monsoon,7,22,1,6,61.21,47,7.83,10.202,Zone_B,100.0,local_road,3.38,free_flow,clear,25.5,7,50,0,50,4.8,0.94,3.15,101.68,3.1592,101.6782,213.67,17.19,35.61,3.49
ROUTE_00762,SCH_002,National School B,BUS_020,DRV_013,2024-06-10,2024,6,10,0,0,summer,6,7,1,15,231.356,50,3.33,15.424,Zone_C,100.0,main_road,4.6,moderate,clear,35.4,24,48,14,50,3.98,1.0,3.12,101.7,3.1759,101.7029,796.26,17.43,53.08,3.44
ROUTE_00763,SCH_002,National School B,BUS_011,DRV_005,2024-04-22,2024,4,22,0,0,spring,6,7,1,8,90.481,43,5.38,11.31,Zone_D,100.0,local_road,3.27,moderate,light_rain,33.0,20,62,14,50,3.18,0.86,3.12,101.7,3.2204,101.7068,579.46,9.37,72.43,6.4
ROUTE_00764,SCH_002,National School B,BUS_008,DRV_025,2024-09-01,2024,9,1,6,1,monsoon,7,52,1,5,46.778,29,5.8,9.356,Zone_E,100.0,local_road,4.68,moderate,heavy_rain,30.9,4,52,0,50,2.11,0.58,3.12,101.7,3.1735,101.6961,335.35,8.37,67.07,7.17
ROUTE_00765,SCH_001,International School A,BUS_008,DRV_040,2024-12-09,2024,12,9,0,0,winter,6,40,1,12,156.131,50,4.17,13.011,Zone_A,100.0,main_road,3.28,moderate,clear,29.4,7,52,14,50,2.84,1.0,3.15,101.68,3.1693,101.6589,572.74,16.36,47.73,3.67
ROUTE_00766,SCH_002,National School B,BUS_018,DRV_043,2024-09-10,2024,9,10,1,0,monsoon,7,21,1,10,82.983,50,5.0,8.298,Zone_B,100.0,local_road,4.96,moderate,light_rain,28.6,19,28,1,50,4.17,1.0,3.12,101.7,3.1875,101.7373,443.28,11.23,44.33,5.34
ROUTE_00767,SCH_002,National School B,BUS_010,DRV_015,2024-12-24,2024,12,24,1,0,winter,6,30,1,8,78.198,50,6.25,9.775,Zone_C,100.0,local_road,4.76,heavy,cloudy,23.4,12,40,0,50,2.65,1.0,3.12,101.7,3.1793,101.7126,562.8,8.34,70.35,7.2
ROUTE_00768,SCH_002,National School B,BUS_025,DRV_021,2024-11-20,2024,11,20,2,0,monsoon,6,19,1,8,101.587,49,6.12,12.698,Zone_D,100.0,main_road,3.39,moderate,clear,28.5,24,45,0,50,3.17,0.98,3.12,101.7,3.1993,101.6928,327.42,18.62,40.93,3.22
ROUTE_00769,SCH_002,National School B,BUS_017,DRV_043,2024-09-18,2024,9,18,2,0,monsoon,6,50,1,18,249.796,50,2.78,13.878,Zone_E,100.0,local_road,3.14,moderate,clear,32.6,20,48,13,50,4.15,1.0,3.12,101.7,3.19,101.7023,1259.09,11.9,69.95,5.04
ROUTE_00770,SCH_002,National School B,BUS_005,DRV_021,2024-02-28,2024,2,28,2,0,winter,7,16,1,12,186.755,50,4.17,15.563,Zone_A,100.0,residential,4.02,light,light_rain,26.8,19,43,1,50,4.24,1.0,3.12,101.7,3.1751,101.7084,892.47,12.56,74.37,4.78
ROUTE_00771,SCH_002,National School B,BUS_021,DRV_037,2024-09-26,2024,9,26,3,0,monsoon,5,12,0,14,217.609,50,3.57,15.543,Zone_B,100.0,local_road,4.15,light,heavy_rain,31.5,1,62,6,50,2.93,1.0,3.12,101.7,3.1768,101.6799,1264.45,10.33,90.32,5.81
ROUTE_00772,SCH_002,National School B,BUS_002,DRV_038,2024-10-17,2024,10,17,3,0,monsoon,6,36,1,7,109.233,49,7.0,15.605,Zone_C,100.0,local_road,3.27,light,light_rain,28.0,17,38,10,50,3.4,0.98,3.12,101.7,3.1726,101.7134,569.51,11.51,81.36,5.21
ROUTE_00773,SCH_001,International School A,BUS_018,DRV_042,2024-02-24,2024,2,24,5,1,winter,5,26,0,18,250.197,50,2.78,13.9,Zone_D,100.0,main_road,4.86,free_flow,clear,26.2,21,35,6,50,4.06,1.0,3.15,101.68,3.1685,101.701,424.13,35.39,23.56,1.7
ROUTE_00774,SCH_002,National School B,BUS_003,DRV_042,2024-03-27,2024,3,27,2,0,spring,6,24,1,13,144.879,50,3.85,11.145,Zone_E,100.0,residential,4.29,moderate,heavy_rain,24.5,14,44,7,50,3.41,1.0,3.12,101.7,3.1738,101.6907,1100.69,7.9,84.67,7.6
ROUTE_00775,SCH_001,International School A,BUS_023,DRV_032,2024-06-27,2024,6,27,3,0,summer,5,53,0,16,204.095,50,3.12,12.756,Zone_A,100.0,local_road,3.48,moderate,clear,37.9,10,36,10,50,3.88,1.0,3.15,101.68,3.195,101.7024,768.63,15.93,48.04,3.77
ROUTE_00776,SCH_003,Private School C,BUS_018,DRV_040,2024-07-21,2024,7,21,6,1,summer,6,23,1,11,167.089,50,4.55,15.19,Zone_B,100.0,highway,4.3,moderate,cloudy,35.4,22,59,7,50,2.72,1.0,3.2,101.65,3.1921,101.6899,332.45,30.16,30.22,1.99
ROUTE_00777,SCH_003,Private School C,BUS_001,DRV_020,2024-10-03,2024,10,3,3,0,monsoon,6,9,1,19,230.933,50,2.63,12.154,Zone_C,100.0,residential,3.26,moderate,light_rain,31.6,11,36,7,50,2.3,1.0,3.2,101.65,3.2122,101.7158,1799.45,7.7,94.71,7.79
ROUTE_00778,SCH_001,International School A,BUS_008,DRV_050,2024-12-21,2024,12,21,5,1,winter,6,33,1,10,118.632,50,5.0,11.863,Zone_D,100.0,local_road,3.99,congested,clear,23.4,20,35,1,50,2.92,1.0,3.15,101.68,3.1865,101.6778,899.04,7.92,89.9,7.58
ROUTE_00779,SCH_002,National School B,BUS_023,DRV_048,2024-01-31,2024,1,31,2,0,winter,6,20,1,18,188.387,50,2.78,10.466,Zone_E,100.0,local_road,4.6,light,clear,25.9,16,30,0,50,2.25,1.0,3.12,101.7,3.1252,101.7051,661.33,17.09,36.74,3.51
ROUTE_00780,SCH_001,International School A,BUS_020,DRV_013,2024-07-04,2024,7,4,3,0,summer,6,21,1,19,265.048,50,2.63,13.95,Zone_A,100.0,residential,2.73,congested,clear,29.0,20,59,0,50,4.12,1.0,3.15,101.68,3.1546,101.694,2272.21,7.0,119.59,8.57
ROUTE_00781,SCH_003,Private School C,BUS_015,DRV_028,2024-03-25,2024,3,25,0,0,spring,6,36,1,15,183.589,50,3.33,12.239,Zone_B,100.0,main_road,3.39,light,cloudy,27.3,10,57,12,50,4.46,1.0,3.2,101.65,3.1744,101.6899,528.89,20.83,35.26,2.88
ROUTE_00782,SCH_001,International School A,BUS_006,DRV_041,2024-12-10,2024,12,10,1,0,winter,7,7,1,9,128.637,50,5.56,14.293,Zone_C,100.0,residential,3.85,heavy,clear,28.4,11,35,2,50,3.75,1.0,3.15,101.68,3.1837,101.7034,1054.65,7.32,117.18,8.2
ROUTE_00783,SCH_003,Private School C,BUS_022,DRV_033,2024-05-16,2024,5,16,3,0,spring,6,36,1,15,128.201,50,3.33,8.547,Zone_D,100.0,local_road,4.61,free_flow,clear,31.6,15,42,5,50,3.88,1.0,3.2,101.65,3.1524,101.7027,390.97,19.67,26.06,3.05
ROUTE_00784,SCH_001,International School A,BUS_011,DRV_021,2024-10-12,2024,10,12,5,1,monsoon,5,45,0,8,148.784,50,6.25,18.598,Zone_E,100.0,residential,4.18,light,clear,25.3,7,55,0,50,4.7,1.0,3.15,101.68,3.1911,101.7078,483.24,18.47,60.4,3.25
ROUTE_00785,SCH_001,International School A,BUS_007,DRV_033,2024-02-09,2024,2,9,4,0,winter,6,1,1,18,210.157,50,2.78,11.675,Zone_A,100.0,local_road,3.74,moderate,clear,28.3,19,33,5,50,3.27,1.0,3.15,101.68,3.1745,101.6784,945.26,13.34,52.51,4.5
ROUTE_00786,SCH_001,International School A,BUS_007,DRV_039,2024-09-29,2024,9,29,6,1,monsoon,5,46,0,18,243.982,50,2.78,13.555,Zone_B,100.0,main_road,4.55,free_flow,light_rain,32.9,10,51,5,50,3.78,1.0,3.15,101.68,3.1802,101.7063,509.8,28.72,28.32,2.09
ROUTE_00787,SCH_001,International School A,BUS_005,DRV_006,2024-10-02,2024,10,2,2,0,monsoon,5,9,0,10,126.735,50,5.0,12.673,Zone_C,100.0,highway,4.96,moderate,light_rain,24.5,13,58,5,50,4.48,1.0,3.15,101.68,3.205,101.7068,298.44,25.48,29.84,2.35
ROUTE_00788,SCH_001,International School A,BUS_013,DRV_013,2024-10-24,2024,10,24,3,0,monsoon,7,22,1,8,99.825,50,6.25,12.478,Zone_D,100.0,highway,2.95,light,clear,24.8,3,46,2,50,4.59,1.0,3.15,101.68,3.2083,101.6966,199.15,30.08,24.89,2.0
ROUTE_00789,SCH_003,Private School C,BUS_009,DRV_035,2024-06-14,2024,6,14,4,0,summer,5,23,0,19,230.168,50,2.63,12.114,Zone_E,100.0,highway,3.85,moderate,cloudy,32.3,15,46,1,50,2.05,1.0,3.2,101.65,3.1609,101.7134,378.2,36.51,19.91,1.64
ROUTE_00790,SCH_001,International School A,BUS_011,DRV_022,2024-04-23,2024,4,23,1,0,spring,7,15,1,19,251.866,50,2.63,13.256,Zone_A,100.0,residential,4.37,moderate,clear,31.0,18,45,0,50,2.04,1.0,3.15,101.68,3.1833,101.7077,1176.9,12.84,61.94,4.67
ROUTE_00791,SCH_001,International School A,BUS_016,DRV_028,2024-10-24,2024,10,24,3,0,monsoon,5,24,0,6,60.241,35,5.83,10.04,Zone_B,100.0,main_road,3.87,free_flow,cloudy,31.5,10,48,8,50,3.2,0.7,3.15,101.68,3.1892,101.7264,128.08,28.22,21.35,2.13
ROUTE_00792,SCH_001,International School A,BUS_023,DRV_028,2024-09-21,2024,9,21,5,1,monsoon,6,37,1,18,230.561,50,2.78,12.809,Zone_C,100.0,main_road,2.86,heavy,cloudy,26.1,2,37,9,50,4.18,1.0,3.15,101.68,3.1782,101.7056,1280.99,10.8,71.17,5.56
ROUTE_00793,SCH_002,National School B,BUS_011,DRV_045,2024-02-05,2024,2,5,0,0,winter,6,9,1,7,102.345,40,5.71,14.621,Zone_D,100.0,residential,4.74,moderate,cloudy,23.6,9,32,2,50,4.49,0.8,3.12,101.7,3.2026,101.679,621.5,9.88,88.79,6.07
ROUTE_00794,SCH_003,Private School C,BUS_011,DRV_014,2024-09-18,2024,9,18,2,0,monsoon,7,40,1,7,128.726,38,5.43,18.389,Zone_E,100.0,main_road,3.46,free_flow,fog,25.9,9,63,5,50,3.28,0.76,3.2,101.65,3.1712,101.7058,416.85,18.53,59.55,3.24
ROUTE_00795,SCH_001,International School A,BUS_020,DRV_025,2024-06-29,2024,6,29,5,1,summer,6,13,1,13,155.178,50,3.85,11.937,Zone_A,100.0,residential,3.13,moderate,clear,34.0,2,63,14,50,4.71,1.0,3.15,101.68,3.1954,101.6981,922.35,10.09,70.95,5.94
ROUTE_00796,SCH_003,Private School C,BUS_009,DRV_050,2024-11-18,2024,11,18,0,0,monsoon,6,56,1,9,105.458,50,5.56,11.718,Zone_B,100.0,main_road,4.21,light,clear,29.6,12,54,12,50,4.82,1.0,3.2,101.65,3.1622,101.715,280.53,22.56,31.17,2.66
ROUTE_00797,SCH_001,International School A,BUS_021,DRV_024,2024-02-15,2024,2,15,3,0,winter,7,5,1,9,97.04,50,5.56,10.782,Zone_C,100.0,local_road,4.34,heavy,clear,27.4,13,63,10,50,4.14,1.0,3.15,101.68,3.1799,101.7292,774.74,7.52,86.08,7.98
ROUTE_00798,SCH_002,National School B,BUS_006,DRV_010,2024-12-26,2024,12,26,3,0,winter,5,29,0,9,113.308,50,5.56,12.59,Zone_D,100.0,main_road,2.88,heavy,cloudy,26.5,17,53,6,50,2.37,1.0,3.12,101.7,3.1649,101.6748,488.04,13.93,54.23,4.31
ROUTE_00799,SCH_003,Private School C,BUS_008,DRV_005,2024-11-16,2024,11,16,5,1,monsoon,6,57,1,5,55.128,45,9.0,11.026,Zone_E,100.0,local_road,3.81,moderate,light_rain,24.2,2,29,12,50,3.95,0.9,3.2,101.65,3.17,101.694,337.85,9.79,67.57,6.13
ROUTE_00800,SCH_002,National School B,BUS_004,DRV_006,2024-09-04,2024,9,4,2,0,monsoon,7,5,1,13,187.468,50,3.85,14.421,Zone_A,100.0,main_road,3.27,light,cloudy,27.0,4,63,1,50,3.76,1.0,3.12,101.7,3.1798,101.6637,563.79,19.95,43.37,3.01
ROUTE_00801,SCH_002,National School B,BUS_013,DRV_041,2024-10-19,2024,10,19,5,1,monsoon,6,54,1,10,69.013,50,5.0,6.901,Zone_B,100.0,highway,4.63,moderate,heavy_rain,24.3,12,38,7,50,3.86,1.0,3.12,101.7,3.1415,101.7126,203.96,20.3,20.4,2.96
ROUTE_00802,SCH_001,International School A,BUS_015,DRV_043,2024-08-05,2024,8,5,0,0,summer,6,41,1,15,183.561,50,3.33,12.237,Zone_C,100.0,main_road,3.94,heavy,cloudy,28.8,8,52,0,50,2.73,1.0,3.15,101.68,3.1645,101.6809,877.03,12.56,58.47,4.78
ROUTE_00803,SCH_003,Private School C,BUS_004,DRV_036,2024-01-20,2024,1,20,5,1,winter,7,46,1,9,139.213,50,5.56,15.468,Zone_D,100.0,main_road,3.71,heavy,cloudy,29.5,3,25,9,50,4.17,1.0,3.2,101.65,3.1675,101.6854,721.59,11.58,80.18,5.18
ROUTE_00804,SCH_003,Private School C,BUS_029,DRV_033,2024-07-31,2024,7,31,2,0,summer,6,25,1,7,64.085,50,7.14,9.155,Zone_E,100.0,local_road,3.3,moderate,clear,33.7,8,50,6,50,2.39,1.0,3.2,101.65,3.1838,101.6922,315.95,12.17,45.14,4.93
ROUTE_00805,SCH_003,Private School C,BUS_019,DRV_041,2024-07-30,2024,7,30,1,0,summer,6,22,1,5,39.888,47,9.4,7.978,Zone_A,100.0,highway,3.24,free_flow,clear,33.2,20,59,1,50,3.15,0.94,3.2,101.65,3.1698,101.6554,56.36,42.46,11.27,1.41
ROUTE_00806,SCH_003,Private School C,BUS_029,DRV_048,2024-06-20,2024,6,20,3,0,summer,6,43,1,15,202.875,50,3.33,13.525,Zone_B,100.0,highway,4.97,congested,cloudy,28.7,7,56,9,50,3.99,1.0,3.2,101.65,3.188,101.6957,784.68,15.51,52.31,3.87
ROUTE_00807,SCH_001,International School A,BUS_010,DRV_043,2024-05-22,2024,5,22,2,0,spring,6,39,1,16,220.159,50,3.12,13.76,Zone_C,100.0,local_road,3.29,heavy,clear,25.7,7,57,0,50,4.49,1.0,3.15,101.68,3.1984,101.693,1511.16,8.74,94.45,6.86
ROUTE_00808,SCH_001,International School A,BUS_024,DRV_024,2024-07-18,2024,7,18,3,0,summer,7,45,1,7,84.672,47,6.71,12.096,Zone_D,100.0,highway,3.57,light,clear,31.8,14,46,0,50,2.72,0.94,3.15,101.68,3.2226,101.7343,132.39,38.37,18.91,1.56
ROUTE_00809,SCH_002,National School B,BUS_026,DRV_023,2024-11-22,2024,11,22,4,0,monsoon,6,55,1,5,45.632,33,6.6,9.126,Zone_E,100.0,local_road,4.63,heavy,clear,31.8,2,28,13,50,4.36,0.66,3.12,101.7,3.2187,101.7275,354.61,7.72,70.92,7.77
ROUTE_00810,SCH_001,International School A,BUS_003,DRV_037,2024-07-08,2024,7,8,0,0,summer,6,7,1,11,149.151,50,4.55,13.559,Zone_A,100.0,local_road,4.7,light,cloudy,29.7,16,46,7,50,3.13,1.0,3.15,101.68,3.1614,101.7068,518.19,17.27,47.11,3.47
ROUTE_00811,SCH_003,Private School C,BUS_013,DRV_042,2024-02-16,2024,2,16,4,0,winter,6,1,1,10,127.787,50,5.0,12.779,Zone_B,100.0,highway,4.71,light,clear,22.9,1,46,11,50,2.26,1.0,3.2,101.65,3.1734,101.697,276.73,27.71,27.67,2.17
ROUTE_00812,SCH_001,International School A,BUS_020,DRV_048,2024-04-19,2024,4,19,4,0,spring,5,46,0,9,93.487,50,5.56,10.387,Zone_C,100.0,local_road,4.45,free_flow,clear,25.4,24,32,7,50,3.85,1.0,3.15,101.68,3.1397,101.6659,253.21,22.15,28.13,2.71
ROUTE_00813,SCH_002,National School B,BUS_026,DRV_008,2024-07-11,2024,7,11,3,0,summer,5,40,0,11,156.752,50,4.55,14.25,Zone_D,100.0,local_road,2.64,light,cloudy,35.2,11,50,11,50,3.48,1.0,3.12,101.7,3.1984,101.6955,535.39,17.57,48.67,3.42
ROUTE_00814,SCH_003,Private School C,BUS_027,DRV_044,2024-12-22,2024,12,22,6,1,winter,6,12,1,6,70.905,37,6.17,11.817,Zone_E,100.0,local_road,3.03,heavy,clear,30.0,20,59,13,50,4.68,0.74,3.2,101.65,3.1984,101.7088,469.99,9.05,78.33,6.63
ROUTE_00815,SCH_003,Private School C,BUS_028,DRV_001,2024-12-10,2024,12,10,1,0,winter,5,16,0,9,88.283,50,5.56,9.809,Zone_A,100.0,local_road,3.38,moderate,clear,27.8,6,26,12,50,4.58,1.0,3.2,101.65,3.1935,101.7038,371.68,14.25,41.3,4.21
ROUTE_00816,SCH_002,National School B,BUS_007,DRV_039,2024-02-13,2024,2,13,1,0,winter,6,58,1,18,219.41,50,2.78,12.189,Zone_B,100.0,residential,4.89,moderate,clear,24.9,2,47,3,50,2.52,1.0,3.12,101.7,3.1558,101.6874,1427.55,9.22,79.31,6.51
ROUTE_00817,SCH_002,National School B,BUS_021,DRV_012,2024-04-13,2024,4,13,5,1,spring,5,9,0,18,254.842,50,2.78,14.158,Zone_C,100.0,local_road,3.12,free_flow,light_rain,32.5,24,42,12,50,4.22,1.0,3.12,101.7,3.1755,101.6933,798.68,19.14,44.37,3.13
ROUTE_00818,SCH_003,Private School C,BUS_028,DRV_031,2024-01-10,2024,1,10,2,0,winter,6,7,1,14,208.563,50,3.57,14.897,Zone_D,100.0,main_road,4.74,moderate,light_rain,23.9,19,36,7,50,2.03,1.0,3.2,101.65,3.1908,101.7054,849.45,14.73,60.67,4.07
ROUTE_00819,SCH_001,International School A,BUS_028,DRV_039,2024-08-27,2024,8,27,1,0,summer,7,41,1,6,47.911,48,8.0,7.985,Zone_E,100.0,residential,4.28,moderate,heavy_rain,33.3,20,64,11,50,4.45,0.96,3.15,101.68,3.1416,101.6745,400.92,7.17,66.82,8.37
ROUTE_00820,SCH_001,International School A,BUS_015,DRV_024,2024-04-08,2024,4,8,0,0,spring,6,2,1,13,133.626,50,3.85,10.279,Zone_A,100.0,residential,3.99,moderate,cloudy,25.9,6,39,2,50,2.46,1.0,3.15,101.68,3.1663,101.6934,706.31,11.35,54.33,5.29
ROUTE_00821,SCH_003,Private School C,BUS_025,DRV_045,2024-03-25,2024,3,25,0,0,spring,5,16,0,6,61.959,38,6.33,10.326,Zone_B,100.0,highway,3.2,light,light_rain,28.0,6,50,5,50,2.8,0.76,3.2,101.65,3.2225,101.7017,104.26,35.66,17.38,1.68
ROUTE_00822,SCH_003,Private School C,BUS_006,DRV_009,2024-12-06,2024,12,6,4,0,winter,7,30,1,10,133.075,50,5.0,13.307,Zone_C,100.0,main_road,4.69,moderate,clear,29.6,4,55,12,50,2.96,1.0,3.2,101.65,3.1959,101.6863,579.89,13.77,57.99,4.36
ROUTE_00823,SCH_003,Private School C,BUS_006,DRV_032,2024-07-15,2024,7,15,0,0,summer,5,47,0,8,95.569,50,6.25,11.946,Zone_D,100.0,highway,3.94,moderate,cloudy,35.6,20,27,9,50,3.0,1.0,3.2,101.65,3.1685,101.7031,175.54,32.67,21.94,1.84
ROUTE_00824,SCH_001,International School A,BUS_017,DRV_015,2024-01-10,2024,1,10,2,0,winter,6,2,1,16,200.708,50,3.12,12.544,Zone_E,100.0,local_road,2.67,free_flow,cloudy,25.5,15,36,9,50,4.34,1.0,3.15,101.68,3.1694,101.7062,700.66,17.19,43.79,3.49
ROUTE_00825,SCH_001,International School A,BUS_002,DRV_021,2024-02-28,2024,2,28,2,0,winter,5,15,0,7,90.727,39,5.57,12.961,Zone_A,100.0,highway,4.08,free_flow,light_rain,24.4,19,28,13,50,2.65,0.78,3.15,101.68,3.1388,101.6992,136.9,39.76,19.56,1.51
ROUTE_00826,SCH_003,Private School C,BUS_004,DRV_044,2024-06-11,2024,6,11,1,0,summer,5,54,0,18,256.157,50,2.78,14.231,Zone_B,100.0,local_road,4.82,light,cloudy,33.0,22,44,3,50,3.73,1.0,3.2,101.65,3.2072,101.6792,723.76,21.24,40.21,2.83
ROUTE_00827,SCH_002,National School B,BUS_014,DRV_013,2024-10-01,2024,10,1,1,0,monsoon,6,9,1,8,112.607,50,6.25,14.076,Zone_C,100.0,main_road,3.87,free_flow,storm,31.8,9,41,12,50,4.75,1.0,3.12,101.7,3.1634,101.725,531.68,12.71,66.46,4.72
ROUTE_00828,SCH_003,Private School C,BUS_007,DRV_044,2024-02-05,2024,2,5,0,0,winter,6,57,1,15,211.035,50,3.33,14.069,Zone_D,100.0,main_road,4.93,light,cloudy,24.2,11,27,4,50,2.14,1.0,3.2,101.65,3.1804,101.7014,578.93,21.87,38.6,2.74
ROUTE_00829,SCH_003,Private School C,BUS_005,DRV_035,2024-08-24,2024,8,24,5,1,summer,6,17,1,18,206.194,50,2.78,11.455,Zone_E,100.0,main_road,3.24,free_flow,clear,33.7,23,28,8,50,2.5,1.0,3.2,101.65,3.1946,101.7179,388.76,31.82,21.6,1.89
ROUTE_00830,SCH_001,International School A,BUS_025,DRV_047,2024-09-29,2024,9,29,6,1,monsoon,7,26,1,9,125.575,48,5.33,13.953,Zone_A,100.0,main_road,4.8,moderate,heavy_rain,24.7,15,40,11,50,3.07,0.96,3.15,101.68,3.1585,101.7135,544.35,13.84,60.48,4.33
ROUTE_00831,SCH_003,Private School C,BUS_010,DRV_030,2024-12-12,2024,12,12,3,0,winter,7,55,1,16,256.765,50,3.12,16.048,Zone_B,100.0,highway,4.61,heavy,clear,23.5,9,39,2,50,3.54,1.0,3.2,101.65,3.168,101.7006,738.69,20.86,46.17,2.88
ROUTE_00832,SCH_001,International School A,BUS_022,DRV_004,2024-10-09,2024,10,9,2,0,monsoon,7,49,1,19,260.183,50,2.63,13.694,Zone_C,100.0,main_road,4.92,moderate,clear,24.5,5,43,14,50,4.06,1.0,3.15,101.68,3.1706,101.6899,1103.96,14.14,58.1,4.24
ROUTE_00833,SCH_002,National School B,BUS_008,DRV_011,2024-05-12,2024,5,12,6,1,spring,6,36,1,14,201.162,50,3.57,14.369,Zone_D,100.0,local_road,4.4,congested,heavy_rain,27.1,10,61,4,50,4.18,1.0,3.12,101.7,3.1828,101.695,2300.1,5.25,164.29,11.43
ROUTE_00834,SCH_003,Private School C,BUS_020,DRV_004,2024-09-28,2024,9,28,5,1,monsoon,6,41,1,10,131.467,50,5.0,13.147,Zone_E,100.0,local_road,3.9,heavy,fog,31.4,14,51,3,50,4.79,1.0,3.2,101.65,3.1367,101.6946,995.82,7.92,99.58,7.57
ROUTE_00835,SCH_002,National School B,BUS_005,DRV_014,2024-10-07,2024,10,7,0,0,monsoon,7,39,1,5,70.486,32,6.4,14.097,Zone_A,100.0,residential,3.03,light,heavy_rain,32.6,7,32,5,50,3.32,0.64,3.12,101.7,3.1567,101.7264,480.19,8.81,96.04,6.81
ROUTE_00836,SCH_003,Private School C,BUS_018,DRV_011,2024-02-17,2024,2,17,5,1,winter,5,26,0,17,226.119,50,2.94,13.301,Zone_B,100.0,local_road,4.43,light,cloudy,27.5,21,40,6,50,3.12,1.0,3.2,101.65,3.1876,101.7063,678.05,20.01,39.89,3.0
ROUTE_00837,SCH_002,National School B,BUS_016,DRV_001,2024-07-19,2024,7,19,4,0,summer,6,45,1,10,113.447,50,5.0,11.345,Zone_C,100.0,residential,3.68,heavy,light_rain,32.5,5,36,5,50,4.16,1.0,3.12,101.7,3.1862,101.7256,1207.89,5.64,120.79,10.65
ROUTE_00838,SCH_001,International School A,BUS_016,DRV_003,2024-02-20,2024,2,20,1,0,winter,6,14,1,7,85.891,36,5.14,12.27,Zone_D,100.0,main_road,3.55,heavy,clear,26.4,4,62,10,50,2.64,0.72,3.15,101.68,3.1664,101.7124,523.01,9.85,74.72,6.09
ROUTE_00839,SCH_003,Private School C,BUS_005,DRV_023,2024-04-10,2024,4,10,2,0,spring,6,22,1,16,185.058,50,3.12,11.566,Zone_E,100.0,main_road,2.8,heavy,clear,32.6,10,53,10,50,3.0,1.0,3.2,101.65,3.1823,101.7065,836.32,13.28,52.27,4.52
ROUTE_00840,SCH_003,Private School C,BUS_008,DRV_007,2024-07-12,2024,7,12,4,0,summer,6,29,1,6,57.356,38,6.33,9.559,Zone_A,100.0,local_road,2.62,free_flow,cloudy,35.7,10,29,6,50,2.44,0.76,3.2,101.65,3.1643,101.7109,185.45,18.56,30.91,3.23
ROUTE_00841,SCH_002,National School B,BUS_006,DRV_043,2024-01-06,2024,1,6,5,1,winter,7,38,1,11,145.548,50,4.55,13.232,Zone_B,100.0,local_road,3.63,free_flow,clear,29.1,10,44,4,50,3.4,1.0,3.12,101.7,3.1991,101.6813,447.84,19.5,40.71,3.08
ROUTE_00842,SCH_001,International School A,BUS_030,DRV_021,2024-08-07,2024,8,7,2,0,summer,6,16,1,15,172.133,50,3.33,11.476,Zone_C,100.0,main_road,4.65,heavy,clear,37.0,11,63,13,50,3.8,1.0,3.15,101.68,3.1783,101.7009,855.48,12.07,57.03,4.97
ROUTE_00843,SCH_002,National School B,BUS_015,DRV_010,2024-01-08,2024,1,8,0,0,winter,5,36,0,7,104.068,40,5.71,14.867,Zone_D,100.0,local_road,2.59,light,heavy_rain,25.4,5,57,9,50,2.29,0.8,3.12,101.7,3.1899,101.6888,682.26,9.15,97.47,6.56
ROUTE_00844,SCH_002,National School B,BUS_005,DRV_010,2024-12-15,2024,12,15,6,1,winter,6,13,1,14,163.91,50,3.57,11.708,Zone_E,100.0,residential,2.51,free_flow,clear,22.1,4,62,8,50,2.65,1.0,3.12,101.7,3.1389,101.7014,751.99,13.08,53.71,4.59
ROUTE_00845,SCH_001,International School A,BUS_006,DRV_041,2024-05-29,2024,5,29,2,0,spring,6,29,1,5,104.372,29,5.8,20.874,Zone_A,100.0,local_road,4.04,light,cloudy,25.9,13,48,8,50,3.19,0.58,3.15,101.68,3.1892,101.7217,369.45,16.95,73.89,3.54
ROUTE_00846,SCH_002,National School B,BUS_028,DRV_040,2024-01-04,2024,1,4,3,0,winter,7,1,1,7,88.834,50,7.14,12.691,Zone_B,100.0,residential,3.54,congested,light_rain,24.5,17,42,14,50,2.02,1.0,3.12,101.7,3.1632,101.7124,1154.24,4.62,164.89,12.99
ROUTE_00847,SCH_002,National School B,BUS_029,DRV_024,2024-09-19,2024,9,19,3,0,monsoon,7,50,1,18,244.48,50,2.78,13.582,Zone_C,100.0,main_road,4.77,congested,clear,32.2,8,32,0,50,3.16,1.0,3.12,101.7,3.1616,101.7002,1451.56,10.11,80.64,5.94
ROUTE_00848,SCH_003,Private School C,BUS_024,DRV_036,2024-08-01,2024,8,1,3,0,summer,6,8,1,10,111.364,50,5.0,11.136,Zone_D,100.0,local_road,3.49,congested,clear,29.0,13,43,5,50,4.7,1.0,3.2,101.65,3.2085,101.7152,856.11,7.8,85.61,7.69
ROUTE_00849,SCH_002,National School B,BUS_027,DRV_024,2024-09-08,2024,9,8,6,1,monsoon,7,43,1,7,91.505,46,6.57,13.072,Zone_E,100.0,local_road,2.69,moderate,light_rain,31.0,3,58,12,50,3.56,0.92,3.12,101.7,3.2212,101.6838,622.33,8.82,88.9,6.8
ROUTE_00850,SCH_003,Private School C,BUS_026,DRV_026,2024-04-15,2024,4,15,0,0,spring,6,44,1,12,174.801,50,4.17,14.567,Zone_A,100.0,main_road,4.41,moderate,clear,26.3,8,45,3,50,2.62,1.0,3.2,101.65,3.1701,101.6915,494.15,21.22,41.18,2.83
ROUTE_00851,SCH_001,International School A,BUS_009,DRV_036,2024-07-07,2024,7,7,6,1,summer,6,26,1,7,95.465,46,6.57,13.638,Zone_B,100.0,main_road,4.9,congested,clear,34.0,7,26,2,50,4.06,0.92,3.15,101.68,3.1666,101.6774,425.11,13.47,60.73,4.45
ROUTE_00852,SCH_002,National School B,BUS_005,DRV_030,2024-03-14,2024,3,14,3,0,spring,6,20,1,11,152.494,50,4.55,13.863,Zone_C,100.0,highway,4.38,free_flow,cloudy,29.4,7,26,2,50,4.3,1.0,3.12,101.7,3.1924,101.6716,226.37,40.42,20.58,1.48
ROUTE_00853,SCH_001,International School A,BUS_020,DRV_028,2024-08-15,2024,8,15,3,0,summer,6,11,1,13,162.401,50,3.85,12.492,Zone_D,100.0,local_road,3.75,moderate,clear,29.0,13,28,5,50,4.45,1.0,3.15,101.68,3.1741,101.7001,714.26,13.64,54.94,4.4
ROUTE_00854,SCH_003,Private School C,BUS_024,DRV_037,2024-06-13,2024,6,13,3,0,summer,7,53,1,7,84.171,50,7.14,12.024,Zone_E,100.0,local_road,4.77,heavy,clear,34.8,6,54,14,50,2.12,1.0,3.2,101.65,3.2145,101.7462,567.75,8.9,81.11,6.75
ROUTE_00855,SCH_003,Private School C,BUS_013,DRV_014,2024-02-28,2024,2,28,2,0,winter,6,2,1,12,178.77,50,4.17,14.898,Zone_A,100.0,local_road,4.49,moderate,clear,29.3,3,28,6,50,3.61,1.0,3.2,101.65,3.2056,101.7021,910.33,11.78,75.86,5.09
ROUTE_00856,SCH_003,Private School C,BUS_020,DRV_023,2024-06-27,2024,6,27,3,0,summer,7,2,1,16,221.077,50,3.12,13.817,Zone_B,100.0,main_road,2.75,free_flow,clear,29.1,14,41,13,50,4.33,1.0,3.2,101.65,3.1712,101.6933,470.45,28.2,29.4,2.13
ROUTE_00857,SCH_002,National School B,BUS_010,DRV_043,2024-08-10,2024,8,10,5,1,summer,6,22,1,9,142.714,50,5.56,15.857,Zone_C,100.0,main_road,2.86,moderate,light_rain,31.7,13,40,6,50,3.49,1.0,3.12,101.7,3.1813,101.682,513.86,16.66,57.1,3.6
ROUTE_00858,SCH_003,Private School C,BUS_016,DRV_002,2024-02-14,2024,2,14,2,0,winter,6,28,1,10,164.956,50,5.0,16.496,Zone_D,100.0,residential,3.88,moderate,light_rain,27.1,9,30,8,50,4.44,1.0,3.2,101.65,3.2,101.6888,1232.54,8.03,123.25,7.47
ROUTE_00859,SCH_003,Private School C,BUS_023,DRV_010,2024-10-01,2024,10,1,1,0,monsoon,7,16,1,16,250.93,50,3.12,15.683,Zone_E,100.0,main_road,2.68,moderate,light_rain,28.4,3,35,0,50,4.09,1.0,3.2,101.65,3.1925,101.6995,1037.9,14.51,64.87,4.14
ROUTE_00860,SCH_002,National School B,BUS_024,DRV_046,2024-01-23,2024,1,23,1,0,winter,6,42,1,9,88.23,50,5.56,9.803,Zone_A,100.0,local_road,2.8,heavy,cloudy,23.5,7,32,10,50,2.13,1.0,3.12,101.7,3.1415,101.7237,661.74,8.0,73.53,7.5
ROUTE_00861,SCH_002,National School B,BUS_016,DRV_040,2024-08-17,2024,8,17,5,1,summer,7,10,1,13,197.353,50,3.85,15.181,Zone_B,100.0,main_road,4.7,moderate,light_rain,28.8,4,25,5,50,4.16,1.0,3.12,101.7,3.1782,101.6785,690.29,17.15,53.1,3.5
ROUTE_00862,SCH_002,National School B,BUS_018,DRV_002,2024-08-19,2024,8,19,0,0,summer,7,10,1,14,236.55,50,3.57,16.896,Zone_C,100.0,highway,3.47,light,cloudy,35.3,2,54,14,50,4.58,1.0,3.12,101.7,3.1388,101.6926,520.08,27.29,37.15,2.2
ROUTE_00863,SCH_003,Private School C,BUS_024,DRV_032,2024-11-27,2024,11,27,2,0,monsoon,6,50,1,19,276.142,50,2.63,14.534,Zone_D,100.0,main_road,3.5,moderate,heavy_rain,32.9,21,27,2,50,4.95,1.0,3.2,101.65,3.1359,101.6853,1304.13,12.7,68.64,4.72
ROUTE_00864,SCH_003,Private School C,BUS_012,DRV_034,2024-01-24,2024,1,24,2,0,winter,6,44,1,10,125.244,50,5.0,12.524,Zone_E,100.0,local_road,4.59,light,clear,25.4,8,44,13,50,3.27,1.0,3.2,101.65,3.1964,101.6776,509.26,14.76,50.93,4.07
ROUTE_00865,SCH_002,National School B,BUS_011,DRV_037,2024-09-07,2024,9,7,5,1,monsoon,6,8,1,13,141.24,50,3.85,10.865,Zone_A,100.0,local_road,2.82,moderate,clear,32.4,23,40,9,50,3.8,1.0,3.12,101.7,3.162,101.7119,607.42,13.95,46.72,4.3
ROUTE_00866,SCH_002,National School B,BUS_006,DRV_018,2024-08-22,2024,8,22,3,0,summer,5,3,0,13,147.448,50,3.85,11.342,Zone_B,100.0,highway,2.79,light,clear,32.5,13,25,14,50,3.74,1.0,3.12,101.7,3.1636,101.7151,205.65,43.02,15.82,1.39
ROUTE_00867,SCH_001,International School A,BUS_003,DRV_018,2024-12-18,2024,12,18,2,0,winter,7,56,1,18,230.704,50,2.78,12.817,Zone_C,100.0,residential,3.63,heavy,light_rain,22.5,24,27,12,50,4.53,1.0,3.15,101.68,3.1877,101.7161,2470.87,5.6,137.27,10.71
ROUTE_00868,SCH_001,International School A,BUS_012,DRV_011,2024-10-19,2024,10,19,5,1,monsoon,6,39,1,12,138.988,50,4.17,11.582,Zone_D,100.0,local_road,2.53,light,clear,28.2,12,44,11,50,3.26,1.0,3.15,101.68,3.1388,101.6955,549.3,15.18,45.78,3.95
ROUTE_00869,SCH_002,National School B,BUS_023,DRV_015,2024-07-02,2024,7,2,1,0,summer,6,1,1,16,200.287,50,3.12,12.518,Zone_E,100.0,residential,4.89,moderate,clear,28.6,13,46,2,50,4.91,1.0,3.12,101.7,3.1879,101.6781,943.48,12.74,58.97,4.71
ROUTE_00870,SCH_002,National School B,BUS_019,DRV_041,2024-12-19,2024,12,19,3,0,winter,6,52,1,12,199.06,50,4.17,16.588,Zone_A,100.0,residential,3.47,heavy,clear,25.4,9,36,7,50,3.07,1.0,3.12,101.7,3.1727,101.6842,1578.94,7.56,131.58,7.93
ROUTE_00871,SCH_001,International School A,BUS_018,DRV_030,2024-10-22,2024,10,22,1,0,monsoon,6,56,1,5,48.713,33,6.6,9.743,Zone_B,100.0,local_road,4.33,congested,clear,26.9,7,51,7,50,2.14,0.66,3.15,101.68,3.1795,101.6873,441.42,6.62,88.28,9.06
ROUTE_00872,SCH_002,National School B,BUS_012,DRV_013,2024-10-24,2024,10,24,3,0,monsoon,7,34,1,10,121.987,50,5.0,12.199,Zone_C,100.0,main_road,3.36,heavy,cloudy,27.7,10,38,11,50,3.6,1.0,3.12,101.7,3.1705,101.7003,705.51,10.37,70.55,5.78
ROUTE_00873,SCH_003,Private School C,BUS_004,DRV_040,2024-11-23,2024,11,23,5,1,monsoon,7,43,1,15,233.693,50,3.33,15.58,Zone_D,100.0,residential,4.04,light,clear,27.8,19,36,8,50,4.78,1.0,3.2,101.65,3.1803,101.711,990.52,14.16,66.03,4.24
ROUTE_00874,SCH_003,Private School C,BUS_026,DRV_049,2024-06-07,2024,6,7,4,0,summer,6,52,1,8,60.092,47,5.88,7.511,Zone_E,100.0,local_road,2.89,moderate,clear,36.3,18,45,12,50,4.75,0.94,3.2,101.65,3.1927,101.6795,275.5,13.09,34.44,4.58
ROUTE_00875,SCH_003,Private School C,BUS_027,DRV_042,2024-10-29,2024,10,29,1,0,monsoon,7,40,1,12,190.769,50,4.17,15.897,Zone_A,100.0,residential,2.53,light,clear,30.9,7,32,12,50,3.52,1.0,3.2,101.65,3.179,101.7036,927.99,12.33,77.33,4.86
ROUTE_00876,SCH_002,National School B,BUS_002,DRV_039,2024-12-03,2024,12,3,1,0,winter,6,37,1,18,296.05,50,2.78,16.447,Zone_B,100.0,main_road,4.85,heavy,cloudy,23.4,20,54,12,50,4.66,1.0,3.12,101.7,3.1803,101.6906,1408.05,12.62,78.23,4.76
ROUTE_00877,SCH_002,National School B,BUS_010,DRV_018,2024-04-28,2024,4,28,6,1,spring,6,38,1,18,235.754,50,2.78,13.097,Zone_C,100.0,residential,2.7,moderate,cloudy,29.6,21,33,14,50,2.3,1.0,3.12,101.7,3.1632,101.7202,1428.5,9.9,79.36,6.06
ROUTE_00878,SCH_001,International School A,BUS_008,DRV_030,2024-12-25,2024,12,25,2,0,winter,6,39,1,11,148.944,50,4.55,13.54,Zone_D,100.0,local_road,3.31,light,cloudy,28.2,6,55,10,50,2.64,1.0,3.15,101.68,3.1509,101.698,711.35,12.56,64.67,4.78
ROUTE_00879,SCH_002,National School B,BUS_012,DRV_011,2024-03-04,2024,3,4,0,0,spring,5,58,0,10,95.851,50,5.0,9.585,Zone_E,100.0,local_road,4.26,moderate,clear,32.9,13,34,4,50,2.53,1.0,3.12,101.7,3.1783,101.7052,338.87,16.97,33.89,3.54
ROUTE_00880,SCH_002,National School B,BUS_011,DRV_008,2024-11-30,2024,11,30,5,1,monsoon,7,0,1,13,210.821,50,3.85,16.217,Zone_A,100.0,local_road,4.96,heavy,cloudy,27.0,7,31,7,50,3.45,1.0,3.12,101.7,3.1889,101.7143,1293.02,9.78,99.46,6.13
ROUTE_00881,SCH_001,International School A,BUS_001,DRV_014,2024-10-20,2024,10,20,6,1,monsoon,7,4,1,15,189.684,50,3.33,12.646,Zone_B,100.0,highway,3.49,moderate,clear,30.7,11,41,0,50,3.49,1.0,3.15,101.68,3.1812,101.7076,347.64,32.74,23.18,1.83
ROUTE_00882,SCH_002,National School B,BUS_019,DRV_022,2024-09-10,2024,9,10,1,0,monsoon,7,37,1,6,63.991,48,8.0,10.665,Zone_C,100.0,residential,4.0,light,storm,29.3,14,54,10,50,3.09,0.96,3.12,101.7,3.1878,101.6874,604.59,6.35,100.77,9.45
ROUTE_00883,SCH_001,International School A,BUS_005,DRV_019,2024-07-07,2024,7,7,6,1,summer,6,28,1,13,158.782,50,3.85,12.214,Zone_D,100.0,main_road,3.14,congested,light_rain,32.2,7,54,3,50,3.9,1.0,3.15,101.68,3.153,101.6824,961.83,9.91,73.99,6.06
ROUTE_00884,SCH_002,National School B,BUS_019,DRV_034,2024-06-02,2024,6,2,6,1,summer,6,13,1,10,147.963,50,5.0,14.796,Zone_E,100.0,main_road,3.53,heavy,clear,35.7,1,63,7,50,3.61,1.0,3.12,101.7,3.1394,101.6937,666.58,13.32,66.66,4.51
ROUTE_00885,SCH_002,National School B,BUS_008,DRV_048,2024-07-25,2024,7,25,3,0,summer,7,12,1,18,220.754,50,2.78,12.264,Zone_A,100.0,residential,3.04,heavy,heavy_rain,34.3,22,63,14,50,3.88,1.0,3.12,101.7,3.1666,101.6902,2590.49,5.11,143.92,11.73
ROUTE_00886,SCH_002,National School B,BUS_004,DRV_005,2024-09-19,2024,9,19,3,0,monsoon,6,17,1,16,169.25,50,3.12,10.578,Zone_B,100.0,local_road,3.26,free_flow,light_rain,28.0,10,55,8,50,3.85,1.0,3.12,101.7,3.1473,101.6938,738.51,13.75,46.16,4.36
ROUTE_00887,SCH_002,National School B,BUS_001,DRV_013,2024-04-30,2024,4,30,1,0,spring,6,32,1,14,149.186,50,3.57,10.656,Zone_C,100.0,main_road,2.83,moderate,cloudy,31.6,15,35,0,50,3.48,1.0,3.12,101.7,3.1322,101.7043,487.22,18.37,34.8,3.27
ROUTE_00888,SCH_003,Private School C,BUS_025,DRV_024,2024-06-17,2024,6,17,0,0,summer,7,5,1,5,38.357,28,5.6,7.671,Zone_D,100.0,residential,2.67,moderate,fog,29.1,22,38,3,50,4.81,0.56,3.2,101.65,3.1757,101.6987,274.67,8.38,54.93,7.16
ROUTE_00889,SCH_003,Private School C,BUS_018,DRV_002,2024-06-28,2024,6,28,4,0,summer,5,57,0,14,190.109,50,3.57,13.579,Zone_E,100.0,local_road,3.62,light,clear,32.0,23,29,12,50,3.37,1.0,3.2,101.65,3.1851,101.7333,563.65,20.24,40.26,2.96
ROUTE_00890,SCH_002,National School B,BUS_017,DRV_006,2024-10-07,2024,10,7,0,0,monsoon,7,57,1,10,132.753,50,5.0,13.275,Zone_A,100.0,local_road,2.78,light,fog,27.2,23,50,12,50,2.45,1.0,3.12,101.7,3.1952,101.7014,712.31,11.18,71.23,5.37
ROUTE_00891,SCH_003,Private School C,BUS_027,DRV_017,2024-02-08,2024,2,8,3,0,winter,6,3,1,7,133.82,50,7.14,19.117,Zone_B,100.0,main_road,4.11,moderate,clear,26.1,16,61,2,50,2.56,1.0,3.2,101.65,3.1483,101.704,447.23,17.95,63.89,3.34
ROUTE_00892,SCH_001,International School A,BUS_026,DRV_029,2024-10-02,2024,10,2,2,0,monsoon,6,33,1,7,71.574,47,6.71,10.225,Zone_C,100.0,local_road,3.57,heavy,light_rain,25.1,6,60,5,50,3.48,0.94,3.15,101.68,3.2695,101.6995,705.38,6.09,100.77,9.86
ROUTE_00893,SCH_003,Private School C,BUS_019,DRV_034,2024-01-18,2024,1,18,3,0,winter,6,35,1,10,145.492,50,5.0,14.549,Zone_D,100.0,main_road,3.31,free_flow,cloudy,25.9,24,53,12,50,3.39,1.0,3.2,101.65,3.1661,101.7056,383.49,22.76,38.35,2.64
ROUTE_00894,SCH_001,International School A,BUS_009,DRV_006,2024-11-17,2024,11,17,6,1,monsoon,5,4,0,16,218.939,50,3.12,13.684,Zone_E,100.0,residential,3.0,light,cloudy,26.7,15,40,11,50,3.21,1.0,3.15,101.68,3.1604,101.6985,816.46,16.09,51.03,3.73
ROUTE_00895,SCH_001,International School A,BUS_022,DRV_028,2024-04-29,2024,4,29,0,0,spring,6,44,1,18,240.04,50,2.78,13.336,Zone_A,100.0,residential,4.53,moderate,cloudy,27.6,7,26,11,50,2.72,1.0,3.15,101.68,3.1767,101.6953,1357.1,10.61,75.39,5.65
ROUTE_00896,SCH_001,International School A,BUS_029,DRV_006,2024-01-02,2024,1,2,1,0,winter,7,33,1,7,95.441,50,7.14,13.634,Zone_B,100.0,main_road,4.83,heavy,cloudy,25.9,17,26,4,50,2.87,1.0,3.15,101.68,3.1729,101.664,429.19,13.34,61.31,4.5
ROUTE_00897,SCH_003,Private School C,BUS_018,DRV_047,2024-10-25,2024,10,25,4,0,monsoon,6,25,1,6,87.829,48,8.0,14.638,Zone_C,100.0,local_road,4.6,free_flow,light_rain,32.0,14,45,1,50,4.69,0.96,3.2,101.65,3.1745,101.6659,346.29,15.22,57.71,3.94
ROUTE_00898,SCH_002,National School B,BUS_030,DRV_033,2024-02-20,2024,2,20,1,0,winter,5,57,0,6,68.71,39,6.5,11.452,Zone_D,100.0,main_road,2.72,free_flow,light_rain,28.6,14,28,0,50,2.48,0.78,3.12,101.7,3.1192,101.7187,156.38,26.36,26.06,2.28
ROUTE_00899,SCH_002,National School B,BUS_001,DRV_008,2024-01-11,2024,1,11,3,0,winter,6,7,1,18,259.889,50,2.78,14.438,Zone_E,100.0,main_road,3.76,free_flow,fog,23.6,10,52,10,50,3.44,1.0,3.12,101.7,3.1581,101.7196,841.8,18.52,46.77,3.24
ROUTE_00900,SCH_003,Private School C,BUS_018,DRV_029,2024-07-25,2024,7,25,3,0,summer,6,21,1,11,180.102,50,4.55,16.373,Zone_A,100.0,local_road,4.46,light,clear,34.0,18,44,12,50,4.05,1.0,3.2,101.65,3.1704,101.6897,598.41,18.06,54.4,3.32
ROUTE_00901,SCH_001,International School A,BUS_029,DRV_014,2024-10-03,2024,10,3,3,0,monsoon,6,46,1,9,85.351,50,5.56,9.483,Zone_B,100.0,residential,2.73,congested,clear,30.3,5,47,12,50,3.6,1.0,3.15,101.68,3.1967,101.6859,1071.88,4.78,119.1,12.56
ROUTE_00902,SCH_003,Private School C,BUS_002,DRV_011,2024-05-26,2024,5,26,6,1,spring,5,49,0,9,89.496,50,5.56,9.944,Zone_C,100.0,highway,4.68,light,cloudy,25.9,24,60,10,50,4.01,1.0,3.2,101.65,3.1901,101.6976,130.75,41.07,14.53,1.46
ROUTE_00903,SCH_002,National School B,BUS_011,DRV_018,2024-12-06,2024,12,6,4,0,winter,7,29,1,11,157.062,50,4.55,14.278,Zone_D,100.0,highway,4.24,heavy,light_rain,28.0,21,25,12,50,3.64,1.0,3.12,101.7,3.188,101.7087,596.72,15.79,54.25,3.8
ROUTE_00904,SCH_003,Private School C,BUS_014,DRV_021,2024-10-04,2024,10,4,4,0,monsoon,6,59,1,16,168.624,50,3.12,10.539,Zone_E,100.0,local_road,2.63,congested,cloudy,24.2,6,46,8,50,2.45,1.0,3.2,101.65,3.158,101.6956,1627.9,6.22,101.74,9.65
ROUTE_00905,SCH_003,Private School C,BUS_028,DRV_046,2024-10-04,2024,10,4,4,0,monsoon,5,5,0,11,133.322,50,4.55,12.12,Zone_A,100.0,main_road,2.83,moderate,cloudy,29.8,18,27,8,50,2.37,1.0,3.2,101.65,3.1668,101.6815,375.56,21.3,34.14,2.82
ROUTE_00906,SCH_002,National School B,BUS_003,DRV_005,2024-07-14,2024,7,14,6,1,summer,7,26,1,10,159.057,50,5.0,15.906,Zone_B,100.0,local_road,2.87,heavy,clear,33.4,23,27,8,50,2.88,1.0,3.12,101.7,3.1783,101.7038,895.68,10.66,89.57,5.63
ROUTE_00907,SCH_002,National School B,BUS_016,DRV_004,2024-05-26,2024,5,26,6,1,spring,5,54,0,11,129.764,50,4.55,11.797,Zone_C,100.0,main_road,4.08,light,clear,30.3,20,49,10,50,2.79,1.0,3.12,101.7,3.2024,101.698,268.16,29.03,24.38,2.07
ROUTE_00908,SCH_001,International School A,BUS_007,DRV_030,2024-05-02,2024,5,2,3,0,spring,6,24,1,15,204.445,50,3.33,13.63,Zone_D,100.0,local_road,4.81,free_flow,clear,24.5,2,64,3,50,3.99,1.0,3.15,101.68,3.1657,101.7074,741.61,16.54,49.44,3.63
ROUTE_00909,SCH_001,International School A,BUS_013,DRV_018,2024-02-26,2024,2,26,0,0,winter,7,16,1,14,162.469,50,3.57,11.605,Zone_E,100.0,highway,4.93,free_flow,cloudy,22.8,10,34,13,50,4.12,1.0,3.15,101.68,3.163,101.6943,263.85,36.95,18.85,1.62
ROUTE_00910,SCH_002,National School B,BUS_002,DRV_043,2024-08-16,2024,8,16,4,0,summer,6,25,1,9,148.813,50,5.56,16.535,Zone_A,100.0,local_road,2.51,congested,cloudy,28.9,24,60,3,50,4.2,1.0,3.12,101.7,3.176,101.6845,1153.82,7.74,128.2,7.75
ROUTE_00911,SCH_001,International School A,BUS_001,DRV_031,2024-09-24,2024,9,24,1,0,monsoon,6,42,1,19,209.4,50,2.63,11.021,Zone_B,100.0,main_road,3.48,free_flow,clear,26.9,8,46,8,50,2.41,1.0,3.15,101.68,3.1912,101.7127,522.38,24.05,27.49,2.49
ROUTE_00912,SCH_002,National School B,BUS_012,DRV_026,2024-02-17,2024,2,17,5,1,winter,5,37,0,5,52.016,28,5.6,10.403,Zone_C,100.0,main_road,4.71,light,cloudy,24.9,3,31,8,50,3.68,0.56,3.12,101.7,3.1929,101.7014,133.64,23.35,26.73,2.57
ROUTE_00913,SCH_003,Private School C,BUS_024,DRV_046,2024-01-03,2024,1,3,2,0,winter,5,5,0,14,178.579,50,3.57,12.756,Zone_D,100.0,local_road,4.02,free_flow,clear,29.3,1,27,8,50,4.98,1.0,3.2,101.65,3.1952,101.6807,585.99,18.28,41.86,3.28
ROUTE_00914,SCH_001,International School A,BUS_005,DRV_014,2024-07-05,2024,7,5,4,0,summer,6,19,1,5,71.154,33,6.6,14.231,Zone_E,100.0,residential,4.7,light,light_rain,29.6,13,32,14,50,2.78,0.66,3.15,101.68,3.1714,101.7008,367.31,11.62,73.46,5.16
ROUTE_00915,SCH_002,National School B,BUS_026,DRV_045,2024-03-28,2024,3,28,3,0,spring,6,19,1,8,95.369,50,6.25,11.921,Zone_A,100.0,main_road,4.9,free_flow,cloudy,27.4,14,28,12,50,3.71,1.0,3.12,101.7,3.1595,101.6543,201.66,28.38,25.21,2.11
ROUTE_00916,SCH_003,Private School C,BUS_013,DRV_050,2024-11-30,2024,11,30,5,1,monsoon,6,2,1,6,100.307,50,8.33,16.718,Zone_B,100.0,main_road,3.77,heavy,clear,27.0,9,52,2,50,3.65,1.0,3.2,101.65,3.2061,101.6561,414.11,14.53,69.02,4.13
ROUTE_00917,SCH_003,Private School C,BUS_026,DRV_010,2024-07-01,2024,7,1,0,0,summer,5,44,0,6,72.491,33,5.5,12.082,Zone_C,100.0,main_road,3.93,free_flow,cloudy,35.8,6,59,12,50,2.92,0.66,3.2,101.65,3.1863,101.7358,170.62,25.49,28.44,2.35
ROUTE_00918,SCH_002,National School B,BUS_016,DRV_001,2024-12-25,2024,12,25,2,0,winter,5,18,0,14,192.833,50,3.57,13.774,Zone_D,100.0,local_road,3.83,light,clear,29.9,13,46,14,50,2.85,1.0,3.12,101.7,3.1798,101.6989,702.48,16.47,50.18,3.64
ROUTE_00919,SCH_002,National School B,BUS_007,DRV_049,2024-12-15,2024,12,15,6,1,winter,6,34,1,16,198.027,50,3.12,12.377,Zone_E,100.0,residential,4.11,heavy,light_rain,24.7,13,37,13,50,4.33,1.0,3.12,101.7,3.1907,101.675,1723.81,6.89,107.74,8.7
ROUTE_00920,SCH_003,Private School C,BUS_009,DRV_035,2024-12-18,2024,12,18,2,0,winter,5,23,0,8,124.577,50,6.25,15.572,Zone_A,100.0,local_road,3.69,free_flow,cloudy,23.2,2,38,3,50,2.07,1.0,3.2,101.65,3.1888,101.7209,388.13,19.26,48.52,3.12
ROUTE_00921,SCH_003,Private School C,BUS_003,DRV_014,2024-03-18,2024,3,18,0,0,spring,6,55,1,19,236.337,50,2.63,12.439,Zone_B,100.0,highway,2.72,moderate,clear,31.4,2,41,3,50,4.37,1.0,3.2,101.65,3.1899,101.6895,510.78,27.76,26.88,2.16
ROUTE_00922,SCH_002,National School B,BUS_016,DRV_001,2024-07-03,2024,7,3,2,0,summer,5,47,0,15,189.754,50,3.33,12.65,Zone_C,100.0,main_road,3.15,free_flow,clear,30.8,8,48,6,50,2.87,1.0,3.12,101.7,3.1573,101.7072,385.29,29.55,25.69,2.03
ROUTE_00923,SCH_002,National School B,BUS_002,DRV_002,2024-11-16,2024,11,16,5,1,monsoon,7,50,1,16,182.868,50,3.12,11.429,Zone_D,100.0,local_road,2.53,light,heavy_rain,30.8,8,47,0,50,4.89,1.0,3.12,101.7,3.1869,101.6944,993.9,11.04,62.12,5.44
ROUTE_00924,SCH_003,Private School C,BUS_007,DRV_044,2024-06-26,2024,6,26,2,0,summer,6,13,1,9,138.119,50,5.56,15.347,Zone_E,100.0,main_road,3.51,moderate,clear,31.8,20,60,10,50,2.04,1.0,3.2,101.65,3.2047,101.6796,456.35,18.16,50.71,3.3
ROUTE_00925,SCH_003,Private School C,BUS_004,DRV_044,2024-09-11,2024,9,11,2,0,monsoon,6,24,1,7,83.814,50,7.14,11.973,Zone_A,100.0,main_road,3.63,moderate,clear,32.2,8,55,1,50,4.41,1.0,3.2,101.65,3.1485,101.6889,273.59,18.38,39.08,3.26
ROUTE_00926,SCH_002,National School B,BUS_013,DRV_011,2024-11-29,2024,11,29,4,0,monsoon,6,29,1,15,179.448,50,3.33,11.963,Zone_B,100.0,main_road,3.75,heavy,clear,28.5,16,35,10,50,2.55,1.0,3.12,101.7,3.1193,101.7044,842.0,12.79,56.13,4.69
ROUTE_00927,SCH_002,National School B,BUS_018,DRV_026,2024-09-14,2024,9,14,5,1,monsoon,5,45,0,12,161.631,50,4.17,13.469,Zone_C,100.0,local_road,3.13,free_flow,clear,32.1,22,50,3,50,4.33,1.0,3.12,101.7,3.1973,101.6809,440.89,22.0,36.74,2.73
ROUTE_00928,SCH_003,Private School C,BUS_019,DRV_026,2024-04-18,2024,4,18,3,0,spring,6,0,1,14,216.211,50,3.57,15.444,Zone_D,100.0,local_road,2.64,heavy,cloudy,31.8,24,27,2,50,4.7,1.0,3.2,101.65,3.1628,101.6999,1362.42,9.52,97.32,6.3
ROUTE_00929,SCH_002,National School B,BUS_027,DRV_020,2024-11-26,2024,11,26,1,0,monsoon,6,32,1,13,165.173,50,3.85,12.706,Zone_E,100.0,residential,3.86,moderate,cloudy,27.5,19,63,1,50,2.5,1.0,3.12,101.7,3.1645,101.7001,997.16,9.94,76.7,6.04
ROUTE_00930,SCH_002,National School B,BUS_015,DRV_016,2024-07-25,2024,7,25,3,0,summer,6,41,1,12,173.109,50,4.17,14.426,Zone_A,100.0,main_road,2.53,heavy,clear,36.7,15,47,10,50,3.22,1.0,3.12,101.7,3.1946,101.6878,728.22,14.26,60.69,4.21
ROUTE_00931,SCH_002,National School B,BUS_012,DRV_004,2024-10-04,2024,10,4,4,0,monsoon,6,48,1,19,262.497,50,2.63,13.816,Zone_B,100.0,local_road,2.73,heavy,heavy_rain,27.1,2,58,8,50,2.09,1.0,3.12,101.7,3.1786,101.6983,3406.08,4.62,179.27,12.98
ROUTE_00932,SCH_002,National School B,BUS_015,DRV_021,2024-10-21,2024,10,21,0,0,monsoon,6,56,1,19,249.443,50,2.63,13.129,Zone_C,100.0,residential,4.82,light,light_rain,30.7,3,64,9,50,2.23,1.0,3.12,101.7,3.1965,101.7091,1882.98,7.95,99.1,7.55
ROUTE_00933,SCH_001,International School A,BUS_017,DRV_008,2024-12-26,2024,12,26,3,0,winter,6,33,1,17,213.531,50,2.94,12.561,Zone_D,100.0,main_road,2.82,moderate,clear,25.5,19,61,12,50,3.53,1.0,3.15,101.68,3.1753,101.7032,827.49,15.48,48.68,3.88
ROUTE_00934,SCH_001,International School A,BUS_012,DRV_035,2024-10-19,2024,10,19,5,1,monsoon,7,13,1,10,103.107,50,5.0,10.311,Zone_E,100.0,highway,3.69,moderate,cloudy,30.0,19,51,14,50,3.42,1.0,3.15,101.68,3.1831,101.6921,233.59,26.48,23.36,2.27
ROUTE_00935,SCH_003,Private School C,BUS_004,DRV_033,2024-09-30,2024,9,30,0,0,monsoon,6,50,1,7,94.092,50,7.14,13.442,Zone_A,100.0,main_road,4.66,heavy,light_rain,29.9,17,54,10,50,4.52,1.0,3.2,101.65,3.1843,101.6958,481.63,11.72,68.8,5.12
ROUTE_00936,SCH_001,International School A,BUS_023,DRV_040,2024-06-12,2024,6,12,2,0,summer,5,31,0,16,178.469,50,3.12,11.154,Zone_B,100.0,local_road,2.85,free_flow,cloudy,30.8,22,40,0,50,4.8,1.0,3.15,101.68,3.1715,101.7092,438.49,24.42,27.41,2.46
ROUTE_00937,SCH_002,National School B,BUS_012,DRV_033,2024-10-10,2024,10,10,3,0,monsoon,7,44,1,15,198.26,50,3.33,13.217,Zone_C,100.0,local_road,4.36,heavy,storm,27.3,4,51,12,50,2.37,1.0,3.12,101.7,3.1954,101.7069,3238.83,3.67,215.92,16.34
ROUTE_00938,SCH_001,International School A,BUS_021,DRV_028,2024-07-08,2024,7,8,0,0,summer,6,20,1,15,192.117,50,3.33,12.808,Zone_D,100.0,main_road,2.72,moderate,cloudy,37.7,10,41,7,50,4.07,1.0,3.15,101.68,3.1786,101.6857,660.1,17.46,44.01,3.44
ROUTE_00939,SCH_003,Private School C,BUS_027,DRV_008,2024-03-14,2024,3,14,3,0,spring,7,14,1,12,195.625,50,4.17,16.302,Zone_E,100.0,residential,3.08,heavy,clear,30.4,10,63,1,50,3.96,1.0,3.2,101.65,3.1819,101.6947,1461.61,8.03,121.8,7.47
ROUTE_00940,SCH_003,Private School C,BUS_025,DRV_023,2024-04-05,2024,4,5,4,0,spring,5,51,0,10,124.756,50,5.0,12.476,Zone_A,100.0,highway,2.53,light,clear,26.1,1,57,2,50,2.81,1.0,3.2,101.65,3.1351,101.6914,189.7,39.46,18.97,1.52
ROUTE_00941,SCH_003,Private School C,BUS_003,DRV_040,2024-04-08,2024,4,8,0,0,spring,7,21,1,18,236.142,50,2.78,13.119,Zone_B,100.0,highway,4.33,free_flow,cloudy,30.4,6,61,0,50,4.88,1.0,3.2,101.65,3.1749,101.6839,336.02,42.17,18.67,1.42
ROUTE_00942,SCH_001,International School A,BUS_004,DRV_045,2024-09-07,2024,9,7,5,1,monsoon,6,47,1,11,148.445,50,4.55,13.495,Zone_C,100.0,local_road,4.21,moderate,clear,24.0,20,33,2,50,4.78,1.0,3.15,101.68,3.172,101.7221,653.38,13.63,59.4,4.4
ROUTE_00943,SCH_001,International School A,BUS_009,DRV_018,2024-12-30,2024,12,30,0,0,winter,7,45,1,13,162.927,50,3.85,12.533,Zone_D,100.0,main_road,4.86,light,cloudy,28.1,14,42,3,50,4.71,1.0,3.15,101.68,3.1686,101.7249,423.67,23.07,32.59,2.6
ROUTE_00944,SCH_001,International School A,BUS_018,DRV_004,2024-05-29,2024,5,29,2,0,spring,7,0,1,6,79.966,34,5.67,13.328,Zone_E,100.0,local_road,4.92,free_flow,cloudy,24.4,22,47,3,50,3.93,0.68,3.15,101.68,3.1775,101.7002,240.82,19.92,40.14,3.01
ROUTE_00945,SCH_003,Private School C,BUS_008,DRV_035,2024-06-17,2024,6,17,0,0,summer,7,5,1,6,84.748,42,7.0,14.125,Zone_A,100.0,residential,3.5,heavy,clear,36.5,8,42,4,50,4.25,0.84,3.2,101.65,3.1752,101.6735,581.49,8.74,96.92,6.86
ROUTE_00946,SCH_002,National School B,BUS_018,DRV_031,2024-05-06,2024,5,6,0,0,spring,6,14,1,7,131.396,50,7.14,18.771,Zone_B,100.0,highway,4.36,light,clear,29.6,4,32,4,50,3.62,1.0,3.12,101.7,3.1946,101.7159,226.43,34.82,32.35,1.72
ROUTE_00947,SCH_002,National School B,BUS_008,DRV_029,2024-09-12,2024,9,12,3,0,monsoon,6,35,1,17,217.687,50,2.94,12.805,Zone_C,100.0,local_road,3.0,light,heavy_rain,29.6,4,59,8,50,2.48,1.0,3.12,101.7,3.175,101.7073,1769.88,7.38,104.11,8.13
ROUTE_00948,SCH_003,Private School C,BUS_028,DRV_049,2024-03-09,2024,3,9,5,1,spring,6,48,1,19,264.044,50,2.63,13.897,Zone_D,100.0,main_road,4.8,free_flow,clear,26.3,18,38,1,50,3.85,1.0,3.2,101.65,3.1836,101.7214,467.73,33.87,24.62,1.77
ROUTE_00949,SCH_003,Private School C,BUS_026,DRV_027,2024-05-28,2024,5,28,1,0,spring,5,15,0,15,170.744,50,3.33,11.383,Zone_E,100.0,local_road,4.28,free_flow,light_rain,28.8,23,51,8,50,2.59,1.0,3.2,101.65,3.1592,101.7135,523.69,19.56,34.91,3.07
ROUTE_00950,SCH_003,Private School C,BUS_008,DRV_001,2024-07-29,2024,7,29,0,0,summer,5,8,0,16,188.681,50,3.12,11.793,Zone_A,100.0,main_road,4.95,moderate,clear,30.6,21,50,1,50,2.76,1.0,3.2,101.65,3.1432,101.6999,421.76,26.84,26.36,2.24
ROUTE_00951,SCH_003,Private School C,BUS_014,DRV_016,2024-11-30,2024,11,30,5,1,monsoon,5,6,0,7,77.939,35,5.0,11.134,Zone_B,100.0,local_road,4.19,free_flow,clear,29.1,23,64,2,50,3.27,0.7,3.2,101.65,3.1611,101.7151,198.43,23.57,28.35,2.55
ROUTE_00952,SCH_002,National School B,BUS_016,DRV_018,2024-06-19,2024,6,19,2,0,summer,6,3,1,15,181.022,50,3.33,12.068,Zone_C,100.0,local_road,4.03,congested,light_rain,31.0,1,44,1,50,2.4,1.0,3.12,101.7,3.2114,101.6899,1989.15,5.46,132.61,10.99
ROUTE_00953,SCH_001,International School A,BUS_014,DRV_048,2024-04-09,2024,4,9,1,0,spring,6,11,1,15,175.151,50,3.33,11.677,Zone_D,100.0,local_road,4.28,heavy,clear,24.2,4,26,9,50,4.39,1.0,3.15,101.68,3.1809,101.7043,1271.17,8.27,84.74,7.26
ROUTE_00954,SCH_001,International School A,BUS_028,DRV_022,2024-06-25,2024,6,25,1,0,summer,7,20,1,18,231.33,50,2.78,12.852,Zone_E,100.0,main_road,2.91,moderate,heavy_rain,28.6,13,31,14,50,2.39,1.0,3.15,101.68,3.1689,101.6755,1117.35,12.42,62.07,4.83
ROUTE_00955,SCH_002,National School B,BUS_030,DRV_004,2024-07-14,2024,7,14,6,1,summer,7,31,1,17,225.887,50,2.94,13.287,Zone_A,100.0,local_road,3.27,congested,clear,37.4,19,28,9,50,4.24,1.0,3.12,101.7,3.1807,101.7223,1482.1,9.14,87.18,6.56
ROUTE_00956,SCH_001,International School A,BUS_024,DRV_009,2024-06-23,2024,6,23,6,1,summer,7,6,1,16,199.003,50,3.12,12.438,Zone_B,100.0,local_road,4.52,heavy,clear,34.7,14,55,4,50,4.71,1.0,3.15,101.68,3.1895,101.7006,1051.79,11.35,65.74,5.29
ROUTE_00957,SCH_002,National School B,BUS_009,DRV_017,2024-12-19,2024,12,19,3,0,winter,5,48,0,11,140.822,50,4.55,12.802,Zone_C,100.0,local_road,2.59,moderate,light_rain,26.8,8,44,0,50,4.18,1.0,3.12,101.7,3.1868,101.7272,738.93,11.43,67.18,5.25
ROUTE_00958,SCH_001,International School A,BUS_029,DRV_045,2024-02-28,2024,2,28,2,0,winter,7,34,1,12,155.895,50,4.17,12.991,Zone_D,100.0,main_road,3.97,heavy,clear,27.2,10,46,5,50,2.2,1.0,3.15,101.68,3.17,101.675,786.97,11.89,65.58,5.05
ROUTE_00959,SCH_002,National School B,BUS_023,DRV_023,2024-04-19,2024,4,19,4,0,spring,6,8,1,16,238.502,50,3.12,14.906,Zone_E,100.0,highway,3.61,heavy,clear,30.2,21,63,11,50,2.66,1.0,3.12,101.7,3.1655,101.7217,698.3,20.49,43.64,2.93
ROUTE_00960,SCH_001,International School A,BUS_028,DRV_041,2024-01-01,2024,1,1,0,0,winter,6,57,1,8,111.914,50,6.25,13.989,Zone_A,100.0,local_road,4.48,moderate,cloudy,26.3,21,55,14,50,3.61,1.0,3.15,101.68,3.16,101.6946,570.19,11.78,71.27,5.09
ROUTE_00961,SCH_003,Private School C,BUS_003,DRV_039,2024-10-24,2024,10,24,3,0,monsoon,7,13,1,13,204.21,50,3.85,15.708,Zone_B,100.0,residential,3.11,heavy,light_rain,24.4,18,28,13,50,4.63,1.0,3.2,101.65,3.1652,101.6901,2015.01,6.08,155.0,9.87
ROUTE_00962,SCH_003,Private School C,BUS_017,DRV_043,2024-08-18,2024,8,18,6,1,summer,6,5,1,10,124.155,50,5.0,12.416,Zone_C,100.0,highway,2.99,heavy,light_rain,37.1,7,40,4,50,2.72,1.0,3.2,101.65,3.1993,101.6659,417.74,17.83,41.77,3.36
ROUTE_00963,SCH_001,International School A,BUS_012,DRV_006,2024-07-09,2024,7,9,1,0,summer,6,27,1,11,133.071,50,4.55,12.097,Zone_D,100.0,highway,4.56,heavy,cloudy,32.2,23,46,5,50,4.73,1.0,3.15,101.68,3.1485,101.7,382.38,20.88,34.76,2.87
ROUTE_00964,SCH_002,National School B,BUS_016,DRV_036,2024-12-16,2024,12,16,0,0,winter,7,44,1,16,220.21,50,3.12,13.763,Zone_E,100.0,residential,4.48,congested,heavy_rain,26.2,6,64,1,50,4.22,1.0,3.12,101.7,3.1618,101.6965,3298.9,4.01,206.18,14.98
ROUTE_00965,SCH_001,International School A,BUS_014,DRV_041,2024-04-09,2024,4,9,1,0,spring,7,9,1,10,114.552,50,5.0,11.455,Zone_A,100.0,highway,4.01,light,clear,26.1,17,46,2,50,2.59,1.0,3.15,101.68,3.1615,101.7137,169.65,40.51,16.97,1.48
ROUTE_00966,SCH_001,International School A,BUS_021,DRV_040,2024-04-24,2024,4,24,2,0,spring,7,33,1,8,100.204,50,6.25,12.525,Zone_B,100.0,residential,3.74,moderate,clear,25.1,20,64,12,50,2.24,1.0,3.15,101.68,3.1825,101.6808,604.91,9.94,75.61,6.04
ROUTE_00967,SCH_003,Private School C,BUS_024,DRV_041,2024-01-22,2024,1,22,0,0,winter,5,43,0,6,77.011,38,6.33,12.835,Zone_C,100.0,local_road,4.93,light,cloudy,29.3,23,42,5,50,2.25,0.76,3.2,101.65,3.1413,101.705,281.95,16.39,46.99,3.66
ROUTE_00968,SCH_002,National School B,BUS_009,DRV_046,2024-12-15,2024,12,15,6,1,winter,6,9,1,15,189.375,50,3.33,12.625,Zone_D,100.0,local_road,3.61,heavy,light_rain,26.7,3,47,10,50,2.1,1.0,3.12,101.7,3.1944,101.7191,1790.9,6.34,119.39,9.46
ROUTE_00969,SCH_003,Private School C,BUS_021,DRV_041,2024-06-10,2024,6,10,0,0,summer,6,35,1,7,77.632,43,6.14,11.09,Zone_E,100.0,local_road,4.7,heavy,clear,37.8,24,37,10,50,4.99,0.86,3.2,101.65,3.1814,101.7058,456.65,10.2,65.24,5.88
ROUTE_00970,SCH_001,International School A,BUS_011,DRV_005,2024-04-18,2024,4,18,3,0,spring,5,31,0,10,137.05,50,5.0,13.705,Zone_A,100.0,local_road,3.87,moderate,clear,30.3,5,51,7,50,3.18,1.0,3.15,101.68,3.149,101.6924,569.97,14.43,57.0,4.16
ROUTE_00971,SCH_003,Private School C,BUS_005,DRV_013,2024-08-29,2024,8,29,3,0,summer,7,55,1,16,203.11,50,3.12,12.694,Zone_B,100.0,main_road,3.97,heavy,clear,29.7,18,53,1,50,4.57,1.0,3.2,101.65,3.1384,101.7051,775.9,15.71,48.49,3.82
ROUTE_00972,SCH_002,National School B,BUS_028,DRV_006,2024-09-03,2024,9,3,1,0,monsoon,6,42,1,5,56.61,29,5.8,11.322,Zone_C,100.0,highway,4.0,heavy,clear,28.7,14,46,5,50,3.46,0.58,3.12,101.7,3.1479,101.7515,187.27,18.14,37.45,3.31
ROUTE_00973,SCH_001,International School A,BUS_007,DRV_028,2024-02-03,2024,2,3,5,1,winter,6,33,1,14,176.402,50,3.57,12.6,Zone_D,100.0,local_road,2.99,heavy,clear,28.9,9,46,10,50,3.95,1.0,3.15,101.68,3.18,101.691,1238.16,8.55,88.44,7.02
ROUTE_00974,SCH_001,International School A,BUS_019,DRV_038,2024-05-10,2024,5,10,4,0,spring,7,36,1,13,137.422,50,3.85,10.571,Zone_E,100.0,local_road,3.04,moderate,cloudy,25.0,15,53,9,50,2.07,1.0,3.15,101.68,3.1705,101.7173,675.0,12.22,51.92,4.91
ROUTE_00975,SCH_003,Private School C,BUS_017,DRV_030,2024-01-21,2024,1,21,6,1,winter,6,57,1,17,209.799,50,2.94,12.341,Zone_A,100.0,residential,2.58,moderate,cloudy,22.3,7,59,8,50,2.26,1.0,3.2,101.65,3.1306,101.6935,1295.43,9.72,76.2,6.17
ROUTE_00976,SCH_002,National School B,BUS_023,DRV_045,2024-12-02,2024,12,2,0,0,winter,7,1,1,19,254.052,50,2.63,13.371,Zone_B,100.0,highway,4.99,moderate,cloudy,29.0,17,32,14,50,3.0,1.0,3.12,101.7,3.1649,101.6954,593.71,25.67,31.25,2.34
ROUTE_00977,SCH_002,National School B,BUS_023,DRV_041,2024-09-12,2024,9,12,3,0,monsoon,7,47,1,10,117.287,50,5.0,11.729,Zone_C,100.0,residential,3.55,light,light_rain,25.0,15,55,1,50,2.18,1.0,3.12,101.7,3.1894,101.7108,700.02,10.05,70.0,5.97
ROUTE_00978,SCH_002,National School B,BUS_019,DRV_008,2024-06-12,2024,6,12,2,0,summer,6,34,1,16,188.601,50,3.12,11.788,Zone_D,100.0,main_road,3.97,heavy,cloudy,30.8,10,53,6,50,4.43,1.0,3.12,101.7,3.1852,101.6987,878.54,12.88,54.91,4.66
ROUTE_00979,SCH_002,National School B,BUS_015,DRV_025,2024-09-30,2024,9,30,0,0,monsoon,6,59,1,18,217.851,50,2.78,12.103,Zone_E,100.0,local_road,3.92,moderate,cloudy,26.2,14,50,0,50,3.44,1.0,3.12,101.7,3.1563,101.6719,1036.91,12.61,57.61,4.76
ROUTE_00980,SCH_002,National School B,BUS_023,DRV_030,2024-12-11,2024,12,11,2,0,winter,7,3,1,6,47.77,40,6.67,7.962,Zone_A,100.0,residential,4.78,heavy,clear,28.0,14,45,14,50,4.53,0.8,3.12,101.7,3.1869,101.7003,370.66,7.73,61.78,7.76
ROUTE_00981,SCH_001,International School A,BUS_029,DRV_041,2024-03-16,2024,3,16,5,1,spring,7,37,1,19,271.663,50,2.63,14.298,Zone_B,100.0,local_road,2.57,moderate,clear,27.8,23,34,13,50,4.56,1.0,3.15,101.68,3.1765,101.677,1149.5,14.18,60.5,4.23
ROUTE_00982,SCH_001,International School A,BUS_028,DRV_022,2024-01-19,2024,1,19,4,0,winter,6,30,1,16,248.671,50,3.12,15.542,Zone_C,100.0,highway,2.7,moderate,clear,22.9,8,56,3,50,2.09,1.0,3.15,101.68,3.1719,101.7115,657.37,22.7,41.09,2.64
ROUTE_00983,SCH_002,National School B,BUS_011,DRV_050,2024-08-21,2024,8,21,2,0,summer,7,13,1,13,166.796,50,3.85,12.83,Zone_D,100.0,local_road,4.85,heavy,cloudy,29.3,4,30,1,50,4.07,1.0,3.12,101.7,3.1523,101.687,1164.9,8.59,89.61,6.98
ROUTE_00984,SCH_002,National School B,BUS_005,DRV_050,2024-02-06,2024,2,6,1,0,winter,6,37,1,8,87.74,50,6.25,10.968,Zone_E,100.0,highway,3.79,heavy,clear,25.2,18,52,0,50,3.34,1.0,3.12,101.7,3.1931,101.6836,249.54,21.1,31.19,2.84
ROUTE_00985,SCH_001,International School A,BUS_028,DRV_027,2024-11-16,2024,11,16,5,1,monsoon,6,10,1,6,115.058,41,6.83,19.176,Zone_A,100.0,local_road,3.08,light,cloudy,28.9,18,32,2,50,3.77,0.82,3.15,101.68,3.1862,101.7059,376.73,18.32,62.79,3.27
ROUTE_00986,SCH_001,International School A,BUS_017,DRV_029,2024-11-09,2024,11,9,5,1,monsoon,6,47,1,7,84.491,50,7.14,12.07,Zone_B,100.0,local_road,4.27,moderate,light_rain,25.0,12,61,13,50,3.48,1.0,3.15,101.68,3.1616,101.7063,493.7,10.27,70.53,5.84
ROUTE_00987,SCH_002,National School B,BUS_027,DRV_003,2024-11-19,2024,11,19,1,0,monsoon,7,0,1,10,144.506,50,5.0,14.451,Zone_C,100.0,main_road,3.87,moderate,cloudy,24.3,16,64,12,50,3.87,1.0,3.12,101.7,3.1727,101.7036,597.74,14.51,59.77,4.14
ROUTE_00988,SCH_002,National School B,BUS_005,DRV_036,2024-06-04,2024,6,4,1,0,summer,5,46,0,5,107.594,38,7.6,21.519,Zone_D,100.0,residential,3.76,moderate,cloudy,32.6,1,63,0,50,4.13,0.76,3.12,101.7,3.1651,101.6941,588.48,10.97,117.7,5.47
ROUTE_00989,SCH_001,International School A,BUS_022,DRV_001,2024-03-04,2024,3,4,0,0,spring,6,59,1,5,53.672,31,6.2,10.734,Zone_E,100.0,main_road,3.94,free_flow,cloudy,24.1,3,54,11,50,2.18,0.62,3.15,101.68,3.2167,101.7219,141.42,22.77,28.28,2.63
ROUTE_00990,SCH_003,Private School C,BUS_013,DRV_048,2024-12-30,2024,12,30,0,0,winter,6,51,1,5,45.179,33,6.6,9.036,Zone_A,100.0,local_road,3.28,free_flow,clear,25.5,4,29,7,50,3.5,0.66,3.2,101.65,3.1587,101.7377,172.12,15.75,34.42,3.81
ROUTE_00991,SCH_003,Private School C,BUS_011,DRV_014,2024-02-13,2024,2,13,1,0,winter,6,27,1,15,163.291,50,3.33,10.886,Zone_B,100.0,main_road,3.83,heavy,clear,24.0,17,33,6,50,2.46,1.0,3.2,101.65,3.1866,101.6949,750.71,13.05,50.05,4.6
ROUTE_00992,SCH_003,Private School C,BUS_028,DRV_023,2024-11-28,2024,11,28,3,0,monsoon,6,0,1,6,91.886,50,8.33,15.314,Zone_C,100.0,main_road,3.29,congested,heavy_rain,24.2,9,28,1,50,4.03,1.0,3.2,101.65,3.2105,101.6706,832.41,6.62,138.74,9.06
ROUTE_00993,SCH_001,International School A,BUS_006,DRV_017,2024-01-12,2024,1,12,4,0,winter,7,47,1,8,89.205,50,6.25,11.151,Zone_D,100.0,main_road,3.25,light,clear,24.9,22,58,11,50,3.35,1.0,3.15,101.68,3.2184,101.7194,274.3,19.51,34.29,3.07
ROUTE_00994,SCH_001,International School A,BUS_027,DRV_003,2024-07-01,2024,7,1,0,0,summer,6,19,1,18,250.905,50,2.78,13.939,Zone_E,100.0,main_road,2.6,free_flow,cloudy,32.2,19,60,8,50,3.77,1.0,3.15,101.68,3.1769,101.6978,574.66,26.2,31.93,2.29
ROUTE_00995,SCH_001,International School A,BUS_022,DRV_005,2024-07-07,2024,7,7,6,1,summer,6,55,1,14,175.731,50,3.57,12.552,Zone_A,100.0,main_road,4.88,free_flow,fog,32.9,5,47,11,50,4.75,1.0,3.15,101.68,3.1825,101.7101,484.39,21.77,34.6,2.76
ROUTE_00996,SCH_003,Private School C,BUS_027,DRV_002,2024-07-09,2024,7,9,1,0,summer,6,53,1,9,128.246,50,5.56,14.25,Zone_B,100.0,highway,3.04,moderate,light_rain,36.5,2,27,9,50,2.96,1.0,3.2,101.65,3.212,101.6955,359.94,21.38,39.99,2.81
ROUTE_00997,SCH_002,National School B,BUS_023,DRV_033,2024-11-17,2024,11,17,6,1,monsoon,7,50,1,16,250.727,50,3.12,15.67,Zone_C,100.0,main_road,2.55,moderate,clear,29.2,19,34,8,50,3.44,1.0,3.12,101.7,3.1911,101.694,833.11,18.06,52.07,3.32
ROUTE_00998,SCH_001,International School A,BUS_004,DRV_041,2024-03-17,2024,3,17,6,1,spring,7,20,1,17,302.825,50,2.94,17.813,Zone_D,100.0,local_road,2.74,free_flow,clear,28.6,6,25,8,50,2.94,1.0,3.15,101.68,3.1767,101.6922,948.27,19.16,55.78,3.13
ROUTE_00999,SCH_001,International School A,BUS_024,DRV_008,2024-08-17,2024,8,17,5,1,summer,5,12,0,16,259.635,50,3.12,16.227,Zone_E,100.0,main_road,2.98,moderate,clear,34.5,24,39,8,50,4.73,1.0,3.15,101.68,3.1715,101.7105,559.57,27.84,34.97,2.16
ROUTE_01000,SCH_001,International School A,BUS_004,DRV_007,2024-05-20,2024,5,20,0,0,spring,6,6,1,6,57.679,38,6.33,9.613,Zone_A,100.0,residential,4.11,heavy,clear,26.3,13,37,5,50,2.73,0.76,3.15,101.68,3.1758,101.7359,392.09,8.83,65.35,6.8
ROUTE_01001,SCH_003,Private School C,BUS_015,DRV_030,2024-07-22,2024,7,22,0,0,summer,6,26,1,12,134.166,50,4.17,11.18,Zone_B,100.0,highway,3.55,moderate,clear,36.3,9,43,9,50,2.02,1.0,3.2,101.65,3.1814,101.6813,289.09,27.85,24.09,2.15
ROUTE_01002,SCH_002,National School B,BUS_001,DRV_001,2024-03-22,2024,3,22,4,0,spring,6,25,1,6,67.887,43,7.17,11.314,Zone_C,100.0,local_road,3.86,heavy,clear,25.2,8,36,11,50,2.5,0.86,3.12,101.7,3.2003,101.724,512.61,7.95,85.43,7.55
ROUTE_01003,SCH_003,Private School C,BUS_029,DRV_047,2024-03-12,2024,3,12,1,0,spring,7,4,1,19,245.833,50,2.63,12.939,Zone_D,100.0,main_road,4.41,moderate,clear,29.5,20,59,12,50,4.56,1.0,3.2,101.65,3.1403,101.701,833.95,17.69,43.89,3.39
ROUTE_01004,SCH_003,Private School C,BUS_007,DRV_033,2024-01-25,2024,1,25,3,0,winter,6,37,1,7,104.075,50,7.14,14.868,Zone_E,100.0,residential,4.88,light,clear,28.0,1,29,12,50,3.64,1.0,3.2,101.65,3.1442,101.7139,542.87,11.5,77.55,5.22
ROUTE_01005,SCH_003,Private School C,BUS_025,DRV_014,2024-05-12,2024,5,12,6,1,spring,7,36,1,6,86.622,48,8.0,14.437,Zone_A,100.0,main_road,4.1,moderate,clear,27.3,12,41,2,50,2.87,0.96,3.2,101.65,3.1892,101.7092,208.38,24.94,34.73,2.41
ROUTE_01006,SCH_001,International School A,BUS_003,DRV_045,2024-02-04,2024,2,4,6,1,winter,7,3,1,13,154.85,50,3.85,11.912,Zone_B,100.0,main_road,4.42,heavy,cloudy,23.2,3,26,4,50,3.53,1.0,3.15,101.68,3.1774,101.6956,732.8,12.68,56.37,4.73
ROUTE_01007,SCH_003,Private School C,BUS_022,DRV_018,2024-09-08,2024,9,8,6,1,monsoon,7,51,1,16,182.625,50,3.12,11.414,Zone_C,100.0,local_road,4.58,heavy,fog,27.5,21,35,14,50,3.84,1.0,3.2,101.65,3.1614,101.7157,1698.49,6.45,106.16,9.3
ROUTE_01008,SCH_002,National School B,BUS_007,DRV_003,2024-12-23,2024,12,23,0,0,winter,6,8,1,18,159.672,50,2.78,8.871,Zone_D,100.0,local_road,2.7,light,cloudy,27.6,21,61,6,50,2.82,1.0,3.12,101.7,3.1765,101.6936,740.87,12.93,41.16,4.64
ROUTE_01009,SCH_002,National School B,BUS_021,DRV_030,2024-10-27,2024,10,27,6,1,monsoon,6,5,1,19,245.018,50,2.63,12.896,Zone_E,100.0,residential,3.9,free_flow,clear,32.1,1,62,7,50,2.32,1.0,3.12,101.7,3.1594,101.7029,1084.29,13.56,57.07,4.43
ROUTE_01010,SCH_002,National School B,BUS_014,DRV_015,2024-05-08,2024,5,8,2,0,spring,7,2,1,13,157.035,50,3.85,12.08,Zone_A,100.0,main_road,4.63,heavy,clear,32.8,6,40,11,50,3.7,1.0,3.12,101.7,3.1843,101.6779,645.43,14.6,49.65,4.11
ROUTE_01011,SCH_002,National School B,BUS_029,DRV_043,2024-04-19,2024,4,19,4,0,spring,7,37,1,18,259.597,50,2.78,14.422,Zone_B,100.0,local_road,4.74,congested,cloudy,24.2,12,34,11,50,4.06,1.0,3.12,101.7,3.1635,101.6882,2050.0,7.6,113.89,7.9
ROUTE_01012,SCH_003,Private School C,BUS_008,DRV_008,2024-10-11,2024,10,11,4,0,monsoon,6,43,1,14,170.395,50,3.57,12.171,Zone_C,100.0,highway,4.25,heavy,light_rain,27.6,15,37,6,50,2.49,1.0,3.2,101.65,3.1675,101.7153,661.72,15.45,47.27,3.88
ROUTE_01013,SCH_002,National School B,BUS_014,DRV_005,2024-08-20,2024,8,20,1,0,summer,5,32,0,6,106.152,50,8.33,17.692,Zone_D,100.0,main_road,4.89,free_flow,cloudy,32.7,8,29,5,50,4.28,1.0,3.12,101.7,3.1543,101.6437,195.25,32.62,32.54,1.84
ROUTE_01014,SCH_002,National School B,BUS_015,DRV_038,2024-05-25,2024,5,25,5,1,spring,5,45,0,19,256.15,50,2.63,13.482,Zone_E,100.0,main_road,4.59,free_flow,clear,26.4,16,41,5,50,2.13,1.0,3.12,101.7,3.1579,101.6986,394.16,38.99,20.75,1.54
ROUTE_01015,SCH_003,Private School C,BUS_029,DRV_004,2024-04-19,2024,4,19,4,0,spring,6,2,1,16,222.839,50,3.12,13.927,Zone_A,100.0,local_road,4.24,heavy,clear,29.9,17,58,2,50,2.47,1.0,3.2,101.65,3.1637,101.6956,1304.29,10.25,81.52,5.85
ROUTE_01016,SCH_003,Private School C,BUS_008,DRV_001,2024-12-04,2024,12,4,2,0,winter,5,43,0,18,262.976,50,2.78,14.61,Zone_B,100.0,local_road,4.74,moderate,clear,22.1,23,62,11,50,3.54,1.0,3.2,101.65,3.1971,101.7246,1135.17,13.9,63.06,4.32
ROUTE_01017,SCH_001,International School A,BUS_025,DRV_042,2024-10-03,2024,10,3,3,0,monsoon,7,42,1,9,81.396,50,5.56,9.044,Zone_C,100.0,local_road,3.1,moderate,cloudy,27.4,5,58,11,50,3.35,1.0,3.15,101.68,3.1558,101.672,597.91,8.17,66.43,7.35
ROUTE_01018,SCH_003,Private School C,BUS_029,DRV_011,2024-09-12,2024,9,12,3,0,monsoon,6,42,1,9,126.591,50,5.56,14.066,Zone_D,100.0,main_road,5.0,free_flow,storm,32.1,8,61,9,50,4.36,1.0,3.2,101.65,3.1971,101.6824,585.16,12.98,65.02,4.62
ROUTE_01019,SCH_003,Private School C,BUS_004,DRV_044,2024-07-18,2024,7,18,3,0,summer,6,1,1,8,143.384,50,6.25,17.923,Zone_E,100.0,main_road,4.65,moderate,clear,33.4,11,25,13,50,4.11,1.0,3.2,101.65,3.1568,101.7156,429.08,20.05,53.63,2.99
ROUTE_01020,SCH_001,International School A,BUS_004,DRV_037,2024-07-04,2024,7,4,3,0,summer,5,35,0,19,217.992,50,2.63,11.473,Zone_A,100.0,local_road,2.83,free_flow,clear,36.3,2,31,8,50,4.39,1.0,3.15,101.68,3.1463,101.6956,612.5,21.35,32.24,2.81
ROUTE_01021,SCH_001,International School A,BUS_008,DRV_001,2024-06-18,2024,6,18,1,0,summer,7,12,1,12,175.046,50,4.17,14.587,Zone_B,100.0,local_road,4.29,moderate,cloudy,34.3,6,28,9,50,2.25,1.0,3.15,101.68,3.1482,101.6788,863.6,12.16,71.97,4.93
ROUTE_01022,SCH_003,Private School C,BUS_002,DRV_033,2024-01-06,2024,1,6,5,1,winter,7,39,1,6,61.304,42,7.0,10.217,Zone_C,100.0,residential,4.49,heavy,clear,24.7,6,27,0,50,4.17,0.84,3.2,101.65,3.1433,101.6781,463.95,7.93,77.32,7.57
ROUTE_01023,SCH_001,International School A,BUS_008,DRV_016,2024-06-07,2024,6,7,4,0,summer,6,57,1,7,111.729,50,7.14,15.961,Zone_D,100.0,local_road,2.54,moderate,cloudy,28.2,24,30,8,50,4.81,1.0,3.15,101.68,3.1907,101.6991,536.13,12.5,76.59,4.8
ROUTE_01024,SCH_002,National School B,BUS_023,DRV_039,2024-01-20,2024,1,20,5,1,winter,7,33,1,6,61.005,44,7.33,10.167,Zone_E,100.0,main_road,3.43,heavy,cloudy,26.6,10,31,4,50,2.83,0.88,3.12,101.7,3.1755,101.7435,276.42,13.24,46.07,4.53
ROUTE_01025,SCH_003,Private School C,BUS_023,DRV_024,2024-09-13,2024,9,13,4,0,monsoon,6,9,1,14,174.777,50,3.57,12.484,Zone_A,100.0,main_road,4.2,light,heavy_rain,25.2,10,37,11,50,3.05,1.0,3.2,101.65,3.1629,101.7195,698.74,15.01,49.91,4.0
ROUTE_01026,SCH_001,International School A,BUS_008,DRV_048,2024-08-13,2024,8,13,1,0,summer,6,3,1,13,165.741,50,3.85,12.749,Zone_B,100.0,main_road,4.21,heavy,clear,30.7,12,45,7,50,3.4,1.0,3.15,101.68,3.1586,101.7051,668.93,14.87,51.46,4.04
ROUTE_01027,SCH_001,International School A,BUS_026,DRV_038,2024-08-17,2024,8,17,5,1,summer,5,3,0,13,198.726,50,3.85,15.287,Zone_C,100.0,main_road,3.81,light,cloudy,37.8,8,36,10,50,2.73,1.0,3.15,101.68,3.17,101.6889,454.88,26.21,34.99,2.29
ROUTE_01028,SCH_001,International School A,BUS_005,DRV_030,2024-09-09,2024,9,9,0,0,monsoon,7,10,1,13,153.37,50,3.85,11.798,Zone_D,100.0,main_road,3.52,moderate,clear,25.3,12,38,5,50,2.12,1.0,3.15,101.68,3.171,101.7331,526.79,17.47,40.52,3.43
ROUTE_01029,SCH_001,International School A,BUS_028,DRV_028,2024-09-06,2024,9,6,4,0,monsoon,5,15,0,13,179.452,50,3.85,13.804,Zone_E,100.0,main_road,2.54,light,heavy_rain,26.9,17,45,9,50,4.39,1.0,3.15,101.68,3.1687,101.7307,576.43,18.68,44.34,3.21
ROUTE_01030,SCH_003,Private School C,BUS_029,DRV_017,2024-04-17,2024,4,17,2,0,spring,7,13,1,12,130.352,50,4.17,10.863,Zone_A,100.0,local_road,2.71,free_flow,fog,32.2,17,38,0,50,4.52,1.0,3.2,101.65,3.1682,101.6935,482.56,16.21,40.21,3.7
ROUTE_01031,SCH_001,International School A,BUS_026,DRV_033,2024-03-19,2024,3,19,1,0,spring,5,40,0,6,81.677,50,8.33,13.613,Zone_B,100.0,local_road,2.63,light,clear,32.7,20,41,14,50,4.75,1.0,3.15,101.68,3.1605,101.7193,248.58,19.71,41.43,3.04
ROUTE_01032,SCH_001,International School A,BUS_026,DRV_020,2024-07-26,2024,7,26,4,0,summer,6,34,1,12,157.424,50,4.17,13.119,Zone_C,100.0,main_road,4.72,moderate,fog,32.6,10,63,6,50,2.7,1.0,3.15,101.68,3.1451,101.6885,762.02,12.4,63.5,4.84
ROUTE_01033,SCH_001,International School A,BUS_028,DRV_036,2024-12-20,2024,12,20,4,0,winter,7,56,1,7,61.746,50,7.14,8.821,Zone_D,100.0,main_road,4.13,heavy,cloudy,22.8,3,58,6,50,3.32,1.0,3.15,101.68,3.1638,101.7397,386.14,9.59,55.16,6.25
ROUTE_01034,SCH_002,National School B,BUS_009,DRV_019,2024-07-07,2024,7,7,6,1,summer,5,42,0,18,248.796,50,2.78,13.822,Zone_E,100.0,highway,3.95,light,light_rain,36.4,24,54,5,50,3.7,1.0,3.12,101.7,3.1437,101.6994,346.86,43.04,19.27,1.39
ROUTE_01035,SCH_002,National School B,BUS_014,DRV_010,2024-09-30,2024,9,30,0,0,monsoon,7,12,1,16,211.196,50,3.12,13.2,Zone_A,100.0,highway,4.85,heavy,heavy_rain,24.3,21,58,2,50,3.49,1.0,3.12,101.7,3.2016,101.7068,880.65,14.39,55.04,4.17
ROUTE_01036,SCH_003,Private School C,BUS_005,DRV_012,2024-08-09,2024,8,9,4,0,summer,6,29,1,5,60.795,36,7.2,12.159,Zone_B,100.0,local_road,4.88,moderate,clear,35.2,7,48,12,50,4.75,0.72,3.2,101.65,3.1335,101.7298,283.66,12.86,56.73,4.67
ROUTE_01037,SCH_003,Private School C,BUS_022,DRV_013,2024-06-22,2024,6,22,5,1,summer,7,1,1,17,222.948,50,2.94,13.115,Zone_C,100.0,local_road,2.51,moderate,clear,37.5,17,64,11,50,3.58,1.0,3.2,101.65,3.1954,101.725,1101.11,12.15,64.77,4.94
ROUTE_01038,SCH_002,National School B,BUS_009,DRV_044,2024-07-15,2024,7,15,0,0,summer,7,58,1,19,206.211,50,2.63,10.853,Zone_D,100.0,local_road,3.37,moderate,light_rain,29.6,3,48,14,50,4.65,1.0,3.12,101.7,3.1887,101.6938,1408.74,8.78,74.14,6.83
ROUTE_01039,SCH_002,National School B,BUS_005,DRV_016,2024-01-27,2024,1,27,5,1,winter,5,3,0,8,93.252,50,6.25,11.657,Zone_E,100.0,main_road,2.54,free_flow,cloudy,23.2,5,58,0,50,3.33,1.0,3.12,101.7,3.1772,101.6708,194.98,28.7,24.37,2.09
ROUTE_01040,SCH_001,International School A,BUS_023,DRV_010,2024-02-05,2024,2,5,0,0,winter,7,14,1,15,205.673,50,3.33,13.712,Zone_A,100.0,local_road,4.1,free_flow,clear,27.8,5,49,11,50,2.08,1.0,3.15,101.68,3.1691,101.6991,803.04,15.37,53.54,3.9
ROUTE_01041,SCH_001,International School A,BUS_029,DRV_030,2024-07-10,2024,7,10,2,0,summer,6,41,1,18,221.909,50,2.78,12.328,Zone_B,100.0,local_road,4.83,congested,light_rain,36.1,3,31,5,50,4.19,1.0,3.15,101.68,3.1655,101.6995,2200.94,6.05,122.27,9.92
ROUTE_01042,SCH_002,National School B,BUS_025,DRV_046,2024-06-25,2024,6,25,1,0,summer,5,38,0,8,97.664,50,6.25,12.208,Zone_C,100.0,local_road,3.06,free_flow,heavy_rain,36.5,12,48,8,50,2.87,1.0,3.12,101.7,3.1656,101.6959,424.56,13.8,53.07,4.35
ROUTE_01043,SCH_003,Private School C,BUS_005,DRV_036,2024-04-12,2024,4,12,4,0,spring,5,12,0,6,78.83,42,7.0,13.138,Zone_D,100.0,local_road,4.92,moderate,storm,24.8,20,54,6,50,2.26,0.84,3.2,101.65,3.1613,101.7286,547.03,8.65,91.17,6.94
ROUTE_01044,SCH_002,National School B,BUS_026,DRV_045,2024-04-16,2024,4,16,1,0,spring,7,36,1,13,184.201,50,3.85,14.169,Zone_E,100.0,local_road,4.44,moderate,light_rain,31.0,6,62,5,50,4.15,1.0,3.12,101.7,3.1599,101.6809,1021.55,10.82,78.58,5.55
ROUTE_01045,SCH_003,Private School C,BUS_015,DRV_006,2024-02-08,2024,2,8,3,0,winter,7,8,1,15,202.81,50,3.33,13.521,Zone_A,100.0,residential,4.06,heavy,light_rain,25.1,4,25,14,50,4.38,1.0,3.2,101.65,3.168,101.7089,2195.27,5.54,146.35,10.82
ROUTE_01046,SCH_002,National School B,BUS_024,DRV_038,2024-07-15,2024,7,15,0,0,summer,5,26,0,10,155.656,50,5.0,15.566,Zone_B,100.0,local_road,4.25,free_flow,cloudy,32.3,22,34,4,50,3.77,1.0,3.12,101.7,3.2001,101.6999,393.51,23.73,39.35,2.53
ROUTE_01047,SCH_001,International School A,BUS_017,DRV_050,2024-11-01,2024,11,1,4,0,monsoon,5,55,0,16,187.858,50,3.12,11.741,Zone_C,100.0,local_road,3.02,free_flow,heavy_rain,31.6,16,34,4,50,4.03,1.0,3.15,101.68,3.1546,101.6931,835.29,13.49,52.21,4.45
ROUTE_01048,SCH_003,Private School C,BUS_007,DRV_001,2024-10-30,2024,10,30,2,0,monsoon,5,33,0,10,160.795,50,5.0,16.08,Zone_D,100.0,main_road,3.59,light,fog,31.7,14,39,13,50,4.63,1.0,3.2,101.65,3.1335,101.7028,516.87,18.67,51.69,3.21
ROUTE_01049,SCH_001,International School A,BUS_012,DRV_050,2024-02-09,2024,2,9,4,0,winter,7,29,1,7,75.432,44,6.29,10.776,Zone_E,100.0,main_road,3.85,heavy,cloudy,28.4,5,57,8,50,4.91,0.88,3.15,101.68,3.1506,101.6747,424.52,10.66,60.65,5.63
ROUTE_01050,SCH_002,National School B,BUS_027,DRV_033,2024-06-29,2024,6,29,5,1,summer,7,35,1,13,114.237,50,3.85,8.787,Zone_A,100.0,local_road,3.15,heavy,cloudy,37.6,7,64,14,50,4.58,1.0,3.12,101.7,3.143,101.7095,757.38,9.05,58.26,6.63
ROUTE_01051,SCH_003,Private School C,BUS_025,DRV_004,2024-07-02,2024,7,2,1,0,summer,6,22,1,18,266.241,50,2.78,14.791,Zone_B,100.0,main_road,4.94,moderate,fog,36.9,13,47,5,50,3.87,1.0,3.2,101.65,3.1817,101.7041,1019.49,15.67,56.64,3.83
ROUTE_01052,SCH_003,Private School C,BUS_012,DRV_008,2024-07-22,2024,7,22,0,0,summer,6,43,1,8,102.692,50,6.25,12.837,Zone_C,100.0,main_road,3.49,heavy,clear,31.6,20,61,1,50,3.99,1.0,3.2,101.65,3.2024,101.6775,461.12,13.36,57.64,4.49
ROUTE_01053,SCH_003,Private School C,BUS_023,DRV_001,2024-08-19,2024,8,19,0,0,summer,7,35,1,12,129.457,50,4.17,10.788,Zone_D,100.0,residential,4.97,heavy,clear,31.4,9,27,8,50,3.57,1.0,3.2,101.65,3.1855,101.6814,1018.73,7.62,84.89,7.87
ROUTE_01054,SCH_001,International School A,BUS_018,DRV_006,2024-05-30,2024,5,30,3,0,spring,5,13,0,6,86.456,40,6.67,14.409,Zone_E,100.0,highway,4.58,light,clear,24.4,5,39,9,50,3.4,0.8,3.15,101.68,3.2004,101.6817,125.73,41.26,20.95,1.45
ROUTE_01055,SCH_002,National School B,BUS_005,DRV_030,2024-07-10,2024,7,10,2,0,summer,6,7,1,15,151.813,50,3.33,10.121,Zone_A,100.0,local_road,2.67,heavy,cloudy,28.9,6,47,10,50,2.31,1.0,3.12,101.7,3.1572,101.702,1055.47,8.63,70.36,6.95
ROUTE_01056,SCH_001,International School A,BUS_022,DRV_039,2024-01-12,2024,1,12,4,0,winter,5,59,0,13,159.955,50,3.85,12.304,Zone_B,100.0,residential,3.99,moderate,heavy_rain,25.2,3,27,3,50,3.15,1.0,3.15,101.68,3.1945,101.7013,1280.45,7.5,98.5,8.01
ROUTE_01057,SCH_003,Private School C,BUS_018,DRV_047,2024-05-12,2024,5,12,6,1,spring,6,42,1,10,163.069,50,5.0,16.307,Zone_C,100.0,main_road,3.41,heavy,cloudy,29.5,15,44,12,50,3.33,1.0,3.2,101.65,3.1658,101.6937,727.23,13.45,72.72,4.46
ROUTE_01058,SCH_001,International School A,BUS_018,DRV_015,2024-05-16,2024,5,16,3,0,spring,6,3,1,19,228.783,50,2.63,12.041,Zone_D,100.0,local_road,2.86,heavy,clear,26.4,12,49,6,50,3.74,1.0,3.15,101.68,3.1772,101.7163,1477.85,9.29,77.78,6.46
ROUTE_01059,SCH_003,Private School C,BUS_029,DRV_034,2024-01-13,2024,1,13,5,1,winter,7,50,1,11,110.374,50,4.55,10.034,Zone_E,100.0,local_road,4.11,moderate,cloudy,25.5,24,50,10,50,2.19,1.0,3.2,101.65,3.1675,101.7327,530.12,12.49,48.19,4.8
ROUTE_01060,SCH_001,International School A,BUS_002,DRV_019,2024-05-26,2024,5,26,6,1,spring,6,31,1,12,132.782,50,4.17,11.065,Zone_A,100.0,local_road,3.67,light,clear,32.6,9,42,9,50,3.79,1.0,3.15,101.68,3.1943,101.6912,440.79,18.07,36.73,3.32
ROUTE_01061,SCH_002,National School B,BUS_022,DRV_040,2024-05-26,2024,5,26,6,1,spring,6,29,1,16,178.917,50,3.12,11.182,Zone_B,100.0,local_road,3.16,congested,clear,24.6,24,43,1,50,4.8,1.0,3.12,101.7,3.2114,101.7182,1141.77,9.4,71.36,6.38
ROUTE_01062,SCH_001,International School A,BUS_016,DRV_023,2024-11-24,2024,11,24,6,1,monsoon,6,40,1,5,76.168,35,7.0,15.234,Zone_C,100.0,main_road,4.88,moderate,clear,24.4,15,61,10,50,3.01,0.7,3.15,101.68,3.2133,101.7222,266.56,17.14,53.31,3.5
ROUTE_01063,SCH_001,International School A,BUS_008,DRV_021,2024-02-05,2024,2,5,0,0,winter,6,23,1,17,263.892,50,2.94,15.523,Zone_D,100.0,highway,4.53,moderate,heavy_rain,28.8,6,43,14,50,4.13,1.0,3.15,101.68,3.1644,101.6703,956.73,16.55,56.28,3.63
ROUTE_01064,SCH_001,International School A,BUS_012,DRV_009,2024-03-22,2024,3,22,4,0,spring,6,30,1,19,234.612,50,2.63,12.348,Zone_E,100.0,residential,3.01,light,light_rain,32.1,11,30,6,50,2.07,1.0,3.15,101.68,3.1785,101.6861,1174.24,11.99,61.8,5.01
ROUTE_01065,SCH_001,International School A,BUS_022,DRV_028,2024-12-06,2024,12,6,4,0,winter,6,13,1,10,103.593,50,5.0,10.359,Zone_A,100.0,main_road,3.59,heavy,clear,29.5,21,50,2,50,2.36,1.0,3.15,101.68,3.1733,101.7059,446.98,13.91,44.7,4.31
ROUTE_01066,SCH_002,National School B,BUS_026,DRV_027,2024-02-27,2024,2,27,1,0,winter,5,52,0,9,93.565,50,5.56,10.396,Zone_B,100.0,local_road,2.83,moderate,cloudy,25.7,4,47,13,50,3.7,1.0,3.12,101.7,3.1424,101.7215,497.65,11.28,55.29,5.32
ROUTE_01067,SCH_003,Private School C,BUS_012,DRV_003,2024-05-12,2024,5,12,6,1,spring,6,48,1,13,151.318,50,3.85,11.64,Zone_C,100.0,main_road,3.78,heavy,fog,25.9,6,52,12,50,2.76,1.0,3.2,101.65,3.206,101.6966,953.5,9.52,73.35,6.3
ROUTE_01068,SCH_003,Private School C,BUS_022,DRV_036,2024-04-25,2024,4,25,3,0,spring,5,51,0,19,185.683,50,2.63,9.773,Zone_D,100.0,main_road,4.8,light,cloudy,32.2,8,56,2,50,3.77,1.0,3.2,101.65,3.1869,101.708,418.69,26.61,22.04,2.25
ROUTE_01069,SCH_003,Private School C,BUS_026,DRV_001,2024-01-28,2024,1,28,6,1,winter,6,8,1,12,176.407,50,4.17,14.701,Zone_E,100.0,highway,4.18,moderate,light_rain,28.3,2,56,13,50,2.71,1.0,3.2,101.65,3.1698,101.7027,528.74,20.02,44.06,3.0
ROUTE_01070,SCH_002,National School B,BUS_029,DRV_018,2024-02-11,2024,2,11,6,1,winter,7,8,1,10,179.114,50,5.0,17.911,Zone_A,100.0,residential,2.59,heavy,storm,24.0,21,61,11,50,4.23,1.0,3.12,101.7,3.1444,101.7007,2441.78,4.4,244.18,13.63
ROUTE_01071,SCH_002,National School B,BUS_004,DRV_019,2024-06-11,2024,6,11,1,0,summer,7,28,1,7,88.947,48,6.86,12.707,Zone_B,100.0,residential,2.6,moderate,cloudy,29.5,22,41,3,50,2.22,0.96,3.12,101.7,3.1784,101.7117,499.7,10.68,71.39,5.62
ROUTE_01072,SCH_001,International School A,BUS_002,DRV_023,2024-02-03,2024,2,3,5,1,winter,6,39,1,7,88.87,50,7.14,12.696,Zone_C,100.0,residential,4.9,heavy,cloudy,26.2,10,56,8,50,4.58,1.0,3.15,101.68,3.1977,101.6727,801.32,6.65,114.47,9.02
ROUTE_01073,SCH_002,National School B,BUS_003,DRV_006,2024-07-26,2024,7,26,4,0,summer,7,46,1,16,153.866,50,3.12,9.617,Zone_D,100.0,residential,3.57,moderate,clear,28.7,3,62,12,50,4.9,1.0,3.12,101.7,3.188,101.7257,1076.37,8.58,67.27,7.0
ROUTE_01074,SCH_003,Private School C,BUS_011,DRV_047,2024-11-09,2024,11,9,5,1,monsoon,7,58,1,16,248.782,50,3.12,15.549,Zone_E,100.0,main_road,4.42,moderate,cloudy,31.1,23,33,4,50,2.3,1.0,3.2,101.65,3.1696,101.6912,731.55,20.4,45.72,2.94
ROUTE_01075,SCH_002,National School B,BUS_027,DRV_047,2024-09-28,2024,9,28,5,1,monsoon,7,9,1,10,190.146,50,5.0,19.015,Zone_A,100.0,local_road,4.77,heavy,light_rain,32.4,12,52,13,50,3.8,1.0,3.12,101.7,3.1791,101.6748,1353.32,8.43,135.33,7.12
ROUTE_01076,SCH_003,Private School C,BUS_006,DRV_019,2024-10-16,2024,10,16,2,0,monsoon,6,53,1,13,147.115,50,3.85,11.317,Zone_B,100.0,main_road,3.02,heavy,clear,29.2,7,55,11,50,3.32,1.0,3.2,101.65,3.167,101.7293,759.42,11.62,58.42,5.16
ROUTE_01077,SCH_002,National School B,BUS_007,DRV_048,2024-07-03,2024,7,3,2,0,summer,6,39,1,11,146.615,50,4.55,13.329,Zone_C,100.0,main_road,3.71,heavy,cloudy,32.2,21,55,11,50,4.35,1.0,3.12,101.7,3.1768,101.708,714.41,12.31,64.95,4.87
ROUTE_01078,SCH_002,National School B,BUS_015,DRV_029,2024-05-30,2024,5,30,3,0,spring,5,43,0,6,82.782,41,6.83,13.797,Zone_D,100.0,local_road,4.76,moderate,cloudy,25.5,21,64,8,50,4.41,0.82,3.12,101.7,3.1543,101.7166,343.04,14.48,57.17,4.14
ROUTE_01079,SCH_003,Private School C,BUS_030,DRV_001,2024-02-02,2024,2,2,4,0,winter,7,54,1,7,133.614,46,6.57,19.088,Zone_E,100.0,highway,2.55,moderate,clear,23.4,12,27,11,50,4.71,0.92,3.2,101.65,3.195,101.6902,284.13,28.22,40.59,2.13
ROUTE_01080,SCH_003,Private School C,BUS_013,DRV_023,2024-07-02,2024,7,2,1,0,summer,7,53,1,19,298.933,50,2.63,15.733,Zone_A,100.0,highway,4.2,light,clear,29.8,8,41,2,50,3.0,1.0,3.2,101.65,3.1742,101.7028,432.31,41.49,22.75,1.45
ROUTE_01081,SCH_002,National School B,BUS_009,DRV_030,2024-03-04,2024,3,4,0,0,spring,6,51,1,12,172.443,50,4.17,14.37,Zone_B,100.0,local_road,3.56,moderate,clear,27.8,14,54,7,50,3.8,1.0,3.12,101.7,3.1913,101.7151,761.49,13.59,63.46,4.42
ROUTE_01082,SCH_002,National School B,BUS_027,DRV_022,2024-12-11,2024,12,11,2,0,winter,6,37,1,10,110.653,50,5.0,11.065,Zone_C,100.0,local_road,4.21,free_flow,clear,29.6,20,39,0,50,2.74,1.0,3.12,101.7,3.1645,101.6963,380.56,17.45,38.06,3.44
ROUTE_01083,SCH_001,International School A,BUS_027,DRV_025,2024-03-30,2024,3,30,5,1,spring,5,34,0,8,87.92,50,6.25,10.99,Zone_D,100.0,highway,4.85,light,clear,25.7,2,31,12,50,4.82,1.0,3.15,101.68,3.1935,101.7193,125.7,41.97,15.71,1.43
ROUTE_01084,SCH_003,Private School C,BUS_030,DRV_004,2024-02-29,2024,2,29,3,0,winter,6,47,1,5,72.592,40,8.0,14.518,Zone_E,100.0,local_road,2.77,heavy,clear,26.2,8,27,11,50,3.98,0.8,3.2,101.65,3.2227,101.6962,529.39,8.23,105.88,7.29
ROUTE_01085,SCH_001,International School A,BUS_013,DRV_047,2024-05-29,2024,5,29,2,0,spring,6,21,1,18,252.642,50,2.78,14.036,Zone_A,100.0,main_road,3.29,moderate,storm,32.8,16,36,9,50,3.75,1.0,3.15,101.68,3.2097,101.718,1296.1,11.7,72.01,5.13
ROUTE_01086,SCH_002,National School B,BUS_022,DRV_043,2024-05-05,2024,5,5,6,1,spring,6,24,1,13,167.824,50,3.85,12.91,Zone_B,100.0,local_road,2.57,free_flow,cloudy,29.5,19,51,4,50,3.28,1.0,3.12,101.7,3.1649,101.7176,487.98,20.63,37.54,2.91
ROUTE_01087,SCH_003,Private School C,BUS_002,DRV_007,2024-09-04,2024,9,4,2,0,monsoon,7,24,1,14,228.242,50,3.57,16.303,Zone_C,100.0,main_road,4.73,heavy,cloudy,30.6,15,59,12,50,2.59,1.0,3.2,101.65,3.1797,101.7165,1302.94,10.51,93.07,5.71
ROUTE_01088,SCH_002,National School B,BUS_022,DRV_005,2024-06-29,2024,6,29,5,1,summer,6,58,1,13,143.513,50,3.85,11.039,Zone_D,100.0,main_road,4.41,light,heavy_rain,37.0,23,62,1,50,4.94,1.0,3.12,101.7,3.21,101.7069,467.1,18.43,35.93,3.25
ROUTE_01089,SCH_003,Private School C,BUS_001,DRV_045,2024-04-05,2024,4,5,4,0,spring,7,48,1,18,239.337,50,2.78,13.296,Zone_E,100.0,main_road,4.0,moderate,cloudy,24.6,1,64,11,50,4.95,1.0,3.2,101.65,3.1661,101.7074,899.35,15.97,49.96,3.76
ROUTE_01090,SCH_002,National School B,BUS_003,DRV_005,2024-11-29,2024,11,29,4,0,monsoon,7,56,1,7,70.545,50,7.14,10.078,Zone_A,100.0,local_road,4.72,heavy,clear,25.9,11,45,8,50,3.46,1.0,3.12,101.7,3.1691,101.671,440.25,9.61,62.89,6.24
ROUTE_01091,SCH_001,International School A,BUS_025,DRV_015,2024-05-27,2024,5,27,0,0,spring,6,31,1,8,96.294,50,6.25,12.037,Zone_B,100.0,main_road,3.31,congested,clear,25.1,12,28,10,50,2.93,1.0,3.15,101.68,3.1915,101.6864,526.56,10.97,65.82,5.47
ROUTE_01092,SCH_001,International School A,BUS_021,DRV_042,2024-08-15,2024,8,15,3,0,summer,6,46,1,6,75.836,43,7.17,12.639,Zone_C,100.0,residential,3.04,congested,heavy_rain,36.1,14,26,1,50,3.85,0.86,3.15,101.68,3.1462,101.6798,1065.44,4.27,177.57,14.05
ROUTE_01093,SCH_001,International School A,BUS_017,DRV_038,2024-08-20,2024,8,20,1,0,summer,6,28,1,10,113.946,50,5.0,11.395,Zone_D,100.0,local_road,2.78,moderate,cloudy,35.0,4,57,10,50,3.49,1.0,3.15,101.68,3.175,101.695,710.58,9.62,71.06,6.24
ROUTE_01094,SCH_003,Private School C,BUS_028,DRV_035,2024-03-08,2024,3,8,4,0,spring,6,39,1,10,141.609,50,5.0,14.161,Zone_E,100.0,residential,3.01,free_flow,cloudy,30.1,11,34,5,50,4.39,1.0,3.2,101.65,3.1775,101.7213,508.99,16.69,50.9,3.59
ROUTE_01095,SCH_003,Private School C,BUS_010,DRV_032,2024-04-11,2024,4,11,3,0,spring,6,37,1,9,123.082,50,5.56,13.676,Zone_A,100.0,residential,3.35,heavy,light_rain,26.1,21,49,4,50,2.03,1.0,3.2,101.65,3.1523,101.7087,1029.47,7.17,114.39,8.36
ROUTE_01096,SCH_003,Private School C,BUS_020,DRV_010,2024-11-24,2024,11,24,6,1,monsoon,7,7,1,6,79.939,45,7.5,13.323,Zone_B,100.0,main_road,3.99,light,heavy_rain,30.4,8,36,8,50,3.35,0.9,3.2,101.65,3.1941,101.6703,299.87,15.99,49.98,3.75
ROUTE_01097,SCH_001,International School A,BUS_007,DRV_008,2024-04-14,2024,4,14,6,1,spring,5,18,0,7,81.945,50,7.14,11.706,Zone_C,100.0,main_road,4.32,light,clear,25.5,7,32,4,50,4.8,1.0,3.15,101.68,3.199,101.7168,156.59,31.4,22.37,1.91
ROUTE_01098,SCH_003,Private School C,BUS_020,DRV_032,2024-06-05,2024,6,5,2,0,summer,6,18,1,16,185.918,50,3.12,11.62,Zone_D,100.0,highway,2.68,moderate,cloudy,34.7,14,50,12,50,2.04,1.0,3.2,101.65,3.1897,101.7037,449.65,24.81,28.1,2.42
ROUTE_01099,SCH_002,National School B,BUS_030,DRV_029,2024-04-11,2024,4,11,3,0,spring,6,23,1,13,191.238,50,3.85,14.711,Zone_E,100.0,highway,4.72,moderate,cloudy,30.7,14,50,4,50,2.92,1.0,3.12,101.7,3.1717,101.69,369.26,31.07,28.4,1.93
ROUTE_01100,SCH_003,Private School C,BUS_003,DRV_001,2024-09-28,2024,9,28,5,1,monsoon,6,41,1,15,197.533,50,3.33,13.169,Zone_A,100.0,main_road,3.46,moderate,clear,29.1,7,36,3,50,3.84,1.0,3.2,101.65,3.1658,101.7055,556.35,21.3,37.09,2.82
ROUTE_01101,SCH_001,International School A,BUS_017,DRV_024,2024-09-15,2024,9,15,6,1,monsoon,7,28,1,18,263.487,50,2.78,14.638,Zone_B,100.0,main_road,3.81,free_flow,clear,27.0,9,63,7,50,4.04,1.0,3.15,101.68,3.1844,101.7183,591.87,26.71,32.88,2.25
ROUTE_01102,SCH_001,International School A,BUS_028,DRV_011,2024-07-23,2024,7,23,1,0,summer,6,53,1,14,162.477,50,3.57,11.605,Zone_C,100.0,highway,3.8,free_flow,cloudy,35.0,11,50,8,50,3.06,1.0,3.15,101.68,3.1619,101.6962,263.54,36.99,18.82,1.62
ROUTE_01103,SCH_002,National School B,BUS_019,DRV_044,2024-07-07,2024,7,7,6,1,summer,6,14,1,6,48.702,50,8.33,8.117,Zone_D,100.0,residential,3.26,free_flow,clear,28.3,1,39,8,50,3.93,1.0,3.12,101.7,3.1781,101.6646,197.94,14.76,32.99,4.06
ROUTE_01104,SCH_003,Private School C,BUS_018,DRV_004,2024-10-27,2024,10,27,6,1,monsoon,5,2,0,17,231.438,50,2.94,13.614,Zone_E,100.0,main_road,3.25,free_flow,cloudy,26.2,4,33,13,50,4.75,1.0,3.2,101.65,3.1816,101.706,497.71,27.9,29.28,2.15
ROUTE_01105,SCH_003,Private School C,BUS_017,DRV_040,2024-10-01,2024,10,1,1,0,monsoon,5,13,0,18,227.345,50,2.78,12.63,Zone_A,100.0,main_road,4.87,free_flow,light_rain,31.9,19,49,9,50,2.2,1.0,3.2,101.65,3.1558,101.7047,503.27,27.1,27.96,2.21
ROUTE_01106,SCH_002,National School B,BUS_019,DRV_023,2024-09-29,2024,9,29,6,1,monsoon,7,30,1,5,58.147,33,6.6,11.629,Zone_B,100.0,highway,3.06,free_flow,heavy_rain,30.3,3,27,9,50,2.77,0.66,3.12,101.7,3.2066,101.6967,145.0,24.06,29.0,2.49
ROUTE_01107,SCH_002,National School B,BUS_022,DRV_011,2024-03-21,2024,3,21,3,0,spring,7,39,1,10,126.688,50,5.0,12.669,Zone_C,100.0,local_road,4.81,heavy,cloudy,26.2,7,25,1,50,4.58,1.0,3.12,101.7,3.1258,101.6976,841.37,9.03,84.14,6.64
ROUTE_01108,SCH_001,International School A,BUS_012,DRV_031,2024-05-01,2024,5,1,2,0,spring,6,43,1,17,302.551,50,2.94,17.797,Zone_D,100.0,main_road,2.66,heavy,clear,29.6,8,42,0,50,3.26,1.0,3.15,101.68,3.1694,101.7053,1284.4,14.13,75.55,4.25
ROUTE_01109,SCH_003,Private School C,BUS_001,DRV_034,2024-07-18,2024,7,18,3,0,summer,7,1,1,17,224.703,50,2.94,13.218,Zone_E,100.0,residential,4.57,light,clear,35.2,10,60,13,50,2.28,1.0,3.2,101.65,3.1733,101.7027,1083.8,12.44,63.75,4.82
ROUTE_01110,SCH_002,National School B,BUS_025,DRV_004,2024-07-17,2024,7,17,2,0,summer,7,20,1,7,90.092,50,7.14,12.87,Zone_A,100.0,local_road,3.35,moderate,cloudy,34.4,9,26,9,50,4.58,1.0,3.12,101.7,3.2067,101.6736,422.98,12.78,60.43,4.69
ROUTE_01111,SCH_003,Private School C,BUS_005,DRV_035,2024-10-09,2024,10,9,2,0,monsoon,5,53,0,15,239.187,50,3.33,15.946,Zone_B,100.0,local_road,4.45,light,cloudy,31.1,23,28,3,50,4.16,1.0,3.2,101.65,3.1982,101.6902,740.63,19.38,49.38,3.1
ROUTE_01112,SCH_002,National School B,BUS_006,DRV_034,2024-03-17,2024,3,17,6,1,spring,6,35,1,19,217.66,50,2.63,11.456,Zone_C,100.0,residential,3.08,moderate,cloudy,27.5,10,28,8,50,2.5,1.0,3.12,101.7,3.1599,101.6735,1303.41,10.02,68.6,5.99
ROUTE_01113,SCH_001,International School A,BUS_019,DRV_036,2024-06-07,2024,6,7,4,0,summer,6,53,1,18,244.658,50,2.78,13.592,Zone_D,100.0,local_road,3.01,free_flow,clear,32.7,8,62,4,50,2.35,1.0,3.15,101.68,3.1874,101.7221,873.56,16.8,48.53,3.57
ROUTE_01114,SCH_002,National School B,BUS_009,DRV_005,2024-03-01,2024,3,1,4,0,spring,5,24,0,18,195.414,50,2.78,10.856,Zone_E,100.0,highway,3.45,light,clear,32.4,18,36,1,50,3.9,1.0,3.12,101.7,3.2094,101.7054,230.8,50.8,12.82,1.18
ROUTE_01115,SCH_002,National School B,BUS_008,DRV_016,2024-06-20,2024,6,20,3,0,summer,7,28,1,6,57.06,41,6.83,9.51,Zone_A,100.0,main_road,4.01,heavy,clear,37.6,10,43,3,50,4.78,0.82,3.12,101.7,3.1883,101.6553,219.32,15.61,36.55,3.84
ROUTE_01116,SCH_002,National School B,BUS_011,DRV_022,2024-03-02,2024,3,2,5,1,spring,6,17,1,8,88.228,48,6.0,11.028,Zone_B,100.0,highway,3.03,light,clear,26.5,15,37,0,50,2.29,0.96,3.12,101.7,3.1627,101.7476,122.96,43.05,15.37,1.39
ROUTE_01117,SCH_002,National School B,BUS_005,DRV_010,2024-10-21,2024,10,21,0,0,monsoon,6,7,1,15,211.055,50,3.33,14.07,Zone_C,100.0,local_road,3.27,heavy,clear,27.1,14,49,11,50,2.73,1.0,3.12,101.7,3.1851,101.7178,1656.62,7.64,110.44,7.85
ROUTE_01118,SCH_002,National School B,BUS_026,DRV_009,2024-07-19,2024,7,19,4,0,summer,6,11,1,12,160.112,50,4.17,13.343,Zone_D,100.0,highway,4.19,light,clear,31.0,7,45,2,50,2.52,1.0,3.12,101.7,3.1761,101.7027,261.34,36.76,21.78,1.63
ROUTE_01119,SCH_003,Private School C,BUS_004,DRV_019,2024-11-07,2024,11,7,3,0,monsoon,6,47,1,13,169.789,50,3.85,13.061,Zone_E,100.0,local_road,4.31,heavy,light_rain,31.6,16,50,14,50,3.96,1.0,3.2,101.65,3.1697,101.7043,1405.65,7.25,108.13,8.28
ROUTE_01120,SCH_001,International School A,BUS_023,DRV_038,2024-05-02,2024,5,2,3,0,spring,6,26,1,7,62.791,50,7.14,8.97,Zone_A,100.0,local_road,3.45,congested,clear,31.5,6,61,11,50,4.99,1.0,3.15,101.68,3.229,101.684,515.66,7.31,73.67,8.21
ROUTE_01121,SCH_001,International School A,BUS_020,DRV_036,2024-05-26,2024,5,26,6,1,spring,6,23,1,13,156.405,50,3.85,12.031,Zone_B,100.0,main_road,3.06,light,clear,25.6,8,27,12,50,4.75,1.0,3.15,101.68,3.1528,101.6906,376.55,24.92,28.97,2.41
ROUTE_01122,SCH_002,National School B,BUS_030,DRV_005,2024-08-04,2024,8,4,6,1,summer,7,35,1,13,159.313,50,3.85,12.255,Zone_C,100.0,local_road,4.32,moderate,clear,37.7,23,35,1,50,2.25,1.0,3.12,101.7,3.1317,101.6868,662.12,14.44,50.93,4.16
ROUTE_01123,SCH_002,National School B,BUS_011,DRV_038,2024-09-15,2024,9,15,6,1,monsoon,6,55,1,14,191.792,50,3.57,13.699,Zone_D,100.0,local_road,2.84,heavy,cloudy,32.2,6,59,8,50,2.14,1.0,3.12,101.7,3.1569,101.709,1499.78,7.67,107.13,7.82
ROUTE_01124,SCH_003,Private School C,BUS_014,DRV_014,2024-07-08,2024,7,8,0,0,summer,6,12,1,10,160.821,50,5.0,16.082,Zone_E,100.0,highway,4.39,heavy,clear,30.1,2,42,6,50,4.86,1.0,3.2,101.65,3.1915,101.7015,459.74,20.99,45.97,2.86
ROUTE_01125,SCH_002,National School B,BUS_016,DRV_048,2024-01-23,2024,1,23,1,0,winter,6,41,1,10,128.488,50,5.0,12.849,Zone_A,100.0,main_road,3.64,light,fog,26.3,4,64,14,50,2.19,1.0,3.12,101.7,3.1496,101.6969,574.15,13.43,57.42,4.47
ROUTE_01126,SCH_002,National School B,BUS_022,DRV_019,2024-12-19,2024,12,19,3,0,winter,7,9,1,17,248.793,50,2.94,14.635,Zone_B,100.0,highway,4.83,heavy,clear,24.7,18,42,5,50,2.32,1.0,3.12,101.7,3.1828,101.7064,709.66,21.03,41.74,2.85
ROUTE_01127,SCH_003,Private School C,BUS_015,DRV_005,2024-04-09,2024,4,9,1,0,spring,6,39,1,10,135.567,50,5.0,13.557,Zone_C,100.0,local_road,3.03,light,clear,28.8,22,61,13,50,2.95,1.0,3.2,101.65,3.1321,101.7117,595.83,13.65,59.58,4.4
ROUTE_01128,SCH_002,National School B,BUS_011,DRV_031,2024-05-23,2024,5,23,3,0,spring,6,26,1,15,181.272,50,3.33,12.085,Zone_D,100.0,local_road,4.09,free_flow,clear,30.7,1,30,3,50,4.72,1.0,3.12,101.7,3.1759,101.6961,618.36,17.59,41.22,3.41
ROUTE_01129,SCH_003,Private School C,BUS_028,DRV_029,2024-10-22,2024,10,22,1,0,monsoon,7,59,1,9,143.79,50,5.56,15.977,Zone_E,100.0,main_road,4.67,heavy,heavy_rain,28.3,2,28,11,50,4.16,1.0,3.2,101.65,3.155,101.7118,1099.58,7.85,122.18,7.65
ROUTE_01130,SCH_001,International School A,BUS_021,DRV_016,2024-06-19,2024,6,19,2,0,summer,6,34,1,18,241.49,50,2.78,13.416,Zone_A,100.0,main_road,4.88,light,cloudy,37.0,4,25,10,50,4.51,1.0,3.15,101.68,3.1781,101.7144,640.96,22.61,35.61,2.65
ROUTE_01131,SCH_002,National School B,BUS_017,DRV_020,2024-11-03,2024,11,3,6,1,monsoon,7,1,1,6,47.784,49,8.17,7.964,Zone_B,100.0,main_road,2.99,heavy,heavy_rain,25.8,4,31,4,50,3.25,0.98,3.12,101.7,3.1763,101.7124,340.55,8.42,56.76,7.13
ROUTE_01132,SCH_001,International School A,BUS_027,DRV_010,2024-03-08,2024,3,8,4,0,spring,7,2,1,17,211.893,50,2.94,12.464,Zone_C,100.0,local_road,3.79,moderate,clear,29.3,21,63,12,50,4.66,1.0,3.15,101.68,3.1715,101.7152,1111.59,11.44,65.39,5.25
ROUTE_01133,SCH_002,National School B,BUS_004,DRV_017,2024-06-22,2024,6,22,5,1,summer,6,14,1,11,109.096,50,4.55,9.918,Zone_D,100.0,local_road,4.31,heavy,clear,30.5,15,44,3,50,2.32,1.0,3.12,101.7,3.1835,101.7267,626.84,10.44,56.99,5.75
ROUTE_01134,SCH_002,National School B,BUS_027,DRV_024,2024-08-25,2024,8,25,6,1,summer,6,32,1,8,95.758,50,6.25,11.97,Zone_E,100.0,local_road,4.99,heavy,clear,34.4,7,59,2,50,2.84,1.0,3.12,101.7,3.14,101.73,543.79,10.57,67.97,5.68
ROUTE_01135,SCH_002,National School B,BUS_006,DRV_050,2024-02-20,2024,2,20,1,0,winter,7,40,1,17,226.201,50,2.94,13.306,Zone_A,100.0,local_road,4.82,moderate,cloudy,22.4,16,51,8,50,2.51,1.0,3.12,101.7,3.1654,101.7203,1116.01,12.16,65.65,4.93
ROUTE_01136,SCH_001,International School A,BUS_028,DRV_008,2024-02-24,2024,2,24,5,1,winter,5,23,0,6,72.794,41,6.83,12.132,Zone_B,100.0,local_road,3.58,moderate,clear,27.3,19,31,10,50,4.34,0.82,3.15,101.68,3.164,101.6831,266.54,16.39,44.42,3.66
ROUTE_01137,SCH_002,National School B,BUS_001,DRV_032,2024-12-10,2024,12,10,1,0,winter,7,15,1,6,62.156,32,5.33,10.359,Zone_C,100.0,highway,4.77,congested,clear,28.7,2,44,1,50,2.33,0.64,3.12,101.7,3.1647,101.7132,278.86,13.37,46.48,4.49
ROUTE_01138,SCH_003,Private School C,BUS_015,DRV_022,2024-07-24,2024,7,24,2,0,summer,6,2,1,17,204.473,50,2.94,12.028,Zone_D,100.0,main_road,3.52,moderate,cloudy,29.1,1,41,3,50,3.81,1.0,3.2,101.65,3.1681,101.7064,741.43,16.55,43.61,3.63
ROUTE_01139,SCH_001,International School A,BUS_018,DRV_014,2024-07-14,2024,7,14,6,1,summer,5,59,0,18,189.776,50,2.78,10.543,Zone_E,100.0,local_road,3.13,light,light_rain,34.2,15,55,11,50,3.02,1.0,3.15,101.68,3.1956,101.6915,638.0,17.85,35.44,3.36
ROUTE_01140,SCH_003,Private School C,BUS_026,DRV_014,2024-05-05,2024,5,5,6,1,spring,6,23,1,8,92.919,50,6.25,11.615,Zone_A,100.0,residential,4.26,moderate,cloudy,27.5,13,31,6,50,3.64,1.0,3.2,101.65,3.1333,101.724,429.17,12.99,53.65,4.62
ROUTE_01141,SCH_003,Private School C,BUS_025,DRV_038,2024-02-02,2024,2,2,4,0,winter,6,34,1,14,258.665,50,3.57,18.476,Zone_B,100.0,main_road,4.07,heavy,cloudy,23.9,12,35,13,50,4.88,1.0,3.2,101.65,3.1747,101.7099,1220.44,12.72,87.17,4.72
ROUTE_01142,SCH_002,National School B,BUS_027,DRV_016,2024-05-11,2024,5,11,5,1,spring,5,59,0,5,64.208,35,7.0,12.842,Zone_C,100.0,main_road,3.17,light,clear,28.4,5,51,6,50,3.1,0.7,3.12,101.7,3.1518,101.7173,145.73,26.44,29.15,2.27
ROUTE_01143,SCH_002,National School B,BUS_023,DRV_004,2024-10-25,2024,10,25,4,0,monsoon,5,20,0,14,184.926,50,3.57,13.209,Zone_D,100.0,main_road,4.53,light,light_rain,31.7,20,35,8,50,4.34,1.0,3.12,101.7,3.176,101.687,492.52,22.53,35.18,2.66
ROUTE_01144,SCH_001,International School A,BUS_017,DRV_015,2024-05-03,2024,5,3,4,0,spring,7,18,1,11,141.318,50,4.55,12.847,Zone_E,100.0,local_road,4.12,moderate,storm,29.2,13,55,4,50,3.97,1.0,3.15,101.68,3.177,101.6844,1058.77,8.01,96.25,7.49
ROUTE_01145,SCH_001,International School A,BUS_012,DRV_019,2024-06-26,2024,6,26,2,0,summer,7,35,1,12,138.127,50,4.17,11.511,Zone_A,100.0,local_road,3.71,light,cloudy,35.3,19,46,8,50,4.21,1.0,3.15,101.68,3.1685,101.7054,488.52,16.96,40.71,3.54
ROUTE_01146,SCH_003,Private School C,BUS_013,DRV_003,2024-10-08,2024,10,8,1,0,monsoon,5,45,0,11,120.761,50,4.55,10.978,Zone_B,100.0,main_road,2.93,light,light_rain,26.2,14,39,11,50,2.05,1.0,3.2,101.65,3.1913,101.6611,338.85,21.38,30.8,2.81
ROUTE_01147,SCH_002,National School B,BUS_023,DRV_023,2024-10-16,2024,10,16,2,0,monsoon,6,12,1,16,245.919,50,3.12,15.37,Zone_C,100.0,residential,3.74,congested,light_rain,28.6,15,41,10,50,2.99,1.0,3.12,101.7,3.1699,101.7123,3299.42,4.47,206.21,13.42
ROUTE_01148,SCH_003,Private School C,BUS_024,DRV_009,2024-08-01,2024,8,1,3,0,summer,7,38,1,10,122.868,50,5.0,12.287,Zone_D,100.0,local_road,3.5,moderate,clear,31.6,1,36,7,50,2.3,1.0,3.2,101.65,3.1454,101.7139,675.92,10.91,67.59,5.5
ROUTE_01149,SCH_002,National School B,BUS_004,DRV_015,2024-04-01,2024,4,1,0,0,spring,7,10,1,19,174.299,50,2.63,9.174,Zone_E,100.0,main_road,4.08,moderate,cloudy,31.0,1,45,1,50,2.27,1.0,3.12,101.7,3.1584,101.6961,596.76,17.52,31.41,3.42
ROUTE_01150,SCH_003,Private School C,BUS_006,DRV_021,2024-01-01,2024,1,1,0,0,winter,6,37,1,18,237.139,50,2.78,13.174,Zone_A,100.0,residential,3.43,moderate,clear,27.7,3,57,0,50,4.94,1.0,3.2,101.65,3.1837,101.708,1460.82,9.74,81.16,6.16
ROUTE_01151,SCH_002,National School B,BUS_016,DRV_016,2024-07-08,2024,7,8,0,0,summer,6,12,1,17,220.26,50,2.94,12.956,Zone_B,100.0,highway,2.66,moderate,light_rain,30.5,14,45,4,50,3.48,1.0,3.12,101.7,3.1744,101.7081,508.67,25.98,29.92,2.31
ROUTE_01152,SCH_001,International School A,BUS_002,DRV_003,2024-05-23,2024,5,23,3,0,spring,6,49,1,19,278.118,50,2.63,14.638,Zone_C,100.0,local_road,2.65,congested,cloudy,24.1,3,58,1,50,4.03,1.0,3.15,101.68,3.1526,101.7115,2841.91,5.87,149.57,10.22
ROUTE_01153,SCH_001,International School A,BUS_001,DRV_009,2024-05-30,2024,5,30,3,0,spring,6,38,1,16,203.787,50,3.12,12.737,Zone_D,100.0,local_road,4.31,light,clear,28.6,19,33,9,50,4.54,1.0,3.15,101.68,3.1525,101.7176,740.14,16.52,46.26,3.63
ROUTE_01154,SCH_002,National School B,BUS_017,DRV_021,2024-10-20,2024,10,20,6,1,monsoon,7,28,1,18,232.275,50,2.78,12.904,Zone_E,100.0,main_road,3.86,light,cloudy,25.0,17,56,3,50,2.17,1.0,3.12,101.7,3.1871,101.6907,590.46,23.6,32.8,2.54
ROUTE_01155,SCH_003,Private School C,BUS_013,DRV_049,2024-04-30,2024,4,30,1,0,spring,6,19,1,12,136.861,50,4.17,11.405,Zone_A,100.0,local_road,3.51,heavy,clear,27.6,12,29,12,50,2.73,1.0,3.2,101.65,3.1928,101.7083,835.52,9.83,69.63,6.1
ROUTE_01156,SCH_001,International School A,BUS_003,DRV_003,2024-01-02,2024,1,2,1,0,winter,5,5,0,5,42.382,43,8.6,8.476,Zone_B,100.0,main_road,4.03,moderate,clear,24.9,2,45,7,50,2.29,0.86,3.15,101.68,3.1198,101.7376,134.91,18.85,26.98,3.18
ROUTE_01157,SCH_002,National School B,BUS_029,DRV_015,2024-02-24,2024,2,24,5,1,winter,6,53,1,17,212.059,50,2.94,12.474,Zone_C,100.0,highway,3.65,heavy,cloudy,26.2,11,32,11,50,4.72,1.0,3.12,101.7,3.1571,101.7126,669.04,19.02,39.36,3.15
ROUTE_01158,SCH_002,National School B,BUS_004,DRV_034,2024-07-26,2024,7,26,4,0,summer,6,21,1,8,106.694,50,6.25,13.337,Zone_D,100.0,residential,2.89,heavy,clear,33.5,3,28,14,50,3.75,1.0,3.12,101.7,3.1313,101.6892,1001.4,6.39,125.18,9.39
ROUTE_01159,SCH_003,Private School C,BUS_012,DRV_014,2024-11-21,2024,11,21,3,0,monsoon,7,34,1,6,72.934,41,6.83,12.156,Zone_E,100.0,residential,4.83,congested,heavy_rain,31.2,4,38,14,50,3.25,0.82,3.2,101.65,3.2029,101.6723,1282.47,3.41,213.74,17.58
ROUTE_01160,SCH_002,National School B,BUS_016,DRV_047,2024-11-16,2024,11,16,5,1,monsoon,6,57,1,15,187.631,50,3.33,12.509,Zone_A,100.0,local_road,4.32,moderate,light_rain,28.6,3,43,11,50,2.95,1.0,3.12,101.7,3.1327,101.6771,1119.86,10.05,74.66,5.97
ROUTE_01161,SCH_001,International School A,BUS_029,DRV_050,2024-06-26,2024,6,26,2,0,summer,7,15,1,15,205.753,50,3.33,13.717,Zone_B,100.0,main_road,3.87,heavy,clear,32.0,12,40,5,50,3.02,1.0,3.15,101.68,3.1841,101.6794,829.95,14.87,55.33,4.03
ROUTE_01162,SCH_001,International School A,BUS_014,DRV_003,2024-01-03,2024,1,3,2,0,winter,7,52,1,12,141.192,50,4.17,11.766,Zone_C,100.0,local_road,4.08,moderate,cloudy,24.9,7,64,3,50,2.36,1.0,3.15,101.68,3.203,101.6855,863.2,9.81,71.93,6.11
ROUTE_01163,SCH_003,Private School C,BUS_007,DRV_034,2024-09-19,2024,9,19,3,0,monsoon,5,12,0,13,191.483,50,3.85,14.729,Zone_D,100.0,main_road,3.91,free_flow,heavy_rain,30.5,21,63,1,50,2.19,1.0,3.2,101.65,3.1773,101.7106,585.86,19.61,45.07,3.06
ROUTE_01164,SCH_003,Private School C,BUS_019,DRV_004,2024-03-24,2024,3,24,6,1,spring,6,54,1,14,209.831,50,3.57,14.988,Zone_E,100.0,local_road,3.37,heavy,heavy_rain,25.1,23,34,0,50,4.5,1.0,3.2,101.65,3.1993,101.6815,1545.51,8.15,110.39,7.37
ROUTE_01165,SCH_001,International School A,BUS_014,DRV_031,2024-05-24,2024,5,24,4,0,spring,6,51,1,15,169.515,50,3.33,11.301,Zone_A,100.0,main_road,4.66,light,clear,27.2,16,61,11,50,3.31,1.0,3.15,101.68,3.2305,101.7011,413.72,24.58,27.58,2.44
ROUTE_01166,SCH_003,Private School C,BUS_010,DRV_013,2024-08-20,2024,8,20,1,0,summer,6,35,1,18,235.979,50,2.78,13.11,Zone_B,100.0,local_road,3.33,moderate,cloudy,36.7,15,47,9,50,2.42,1.0,3.2,101.65,3.1873,101.7026,1164.2,12.16,64.68,4.93
ROUTE_01167,SCH_001,International School A,BUS_020,DRV_042,2024-03-19,2024,3,19,1,0,spring,6,49,1,9,82.707,50,5.56,9.19,Zone_C,100.0,local_road,4.17,moderate,cloudy,29.4,12,28,3,50,2.46,1.0,3.15,101.68,3.1871,101.7349,410.32,12.09,45.59,4.96
ROUTE_01168,SCH_002,National School B,BUS_014,DRV_005,2024-12-03,2024,12,3,1,0,winter,6,27,1,6,102.869,46,7.67,17.145,Zone_D,100.0,local_road,2.54,heavy,clear,25.2,17,60,12,50,3.67,0.92,3.12,101.7,3.1892,101.7298,808.5,7.63,134.75,7.86
ROUTE_01169,SCH_003,Private School C,BUS_014,DRV_025,2024-09-10,2024,9,10,1,0,monsoon,7,54,1,12,172.618,50,4.17,14.385,Zone_E,100.0,local_road,3.81,moderate,light_rain,24.4,13,35,5,50,4.71,1.0,3.2,101.65,3.1618,101.6969,924.9,11.2,77.07,5.36
ROUTE_01170,SCH_001,International School A,BUS_008,DRV_027,2024-12-11,2024,12,11,2,0,winter,6,7,1,8,95.194,50,6.25,11.899,Zone_A,100.0,main_road,2.86,moderate,clear,24.3,21,30,12,50,3.08,1.0,3.15,101.68,3.153,101.67,314.32,18.17,39.29,3.3
ROUTE_01171,SCH_003,Private School C,BUS_009,DRV_045,2024-10-19,2024,10,19,5,1,monsoon,6,9,1,13,143.712,50,3.85,11.055,Zone_B,100.0,local_road,4.25,heavy,light_rain,30.9,5,30,7,50,4.97,1.0,3.2,101.65,3.182,101.7012,1162.4,7.42,89.42,8.09
ROUTE_01172,SCH_002,National School B,BUS_009,DRV_026,2024-02-29,2024,2,29,3,0,winter,7,19,1,12,186.362,50,4.17,15.53,Zone_C,100.0,main_road,3.78,heavy,clear,29.4,9,38,0,50,4.67,1.0,3.12,101.7,3.1898,101.6993,873.69,12.8,72.81,4.69
ROUTE_01173,SCH_001,International School A,BUS_006,DRV_021,2024-03-12,2024,3,12,1,0,spring,6,42,1,19,232.72,50,2.63,12.248,Zone_D,100.0,local_road,3.04,heavy,fog,32.4,23,48,0,50,2.77,1.0,3.15,101.68,3.1819,101.7151,1941.86,7.19,102.2,8.34
ROUTE_01174,SCH_001,International School A,BUS_007,DRV_001,2024-06-02,2024,6,2,6,1,summer,5,19,0,6,98.661,50,8.33,16.443,Zone_E,100.0,main_road,3.98,light,cloudy,28.8,14,44,4,50,4.17,1.0,3.15,101.68,3.2,101.7062,169.66,34.89,28.28,1.72
ROUTE_01175,SCH_001,International School A,BUS_003,DRV_034,2024-11-05,2024,11,5,1,0,monsoon,6,44,1,5,71.031,42,8.4,14.206,Zone_A,100.0,local_road,2.67,light,heavy_rain,30.7,20,42,11,50,3.73,0.84,3.15,101.68,3.1851,101.6943,403.04,10.57,80.61,5.67
ROUTE_01176,SCH_002,National School B,BUS_025,DRV_007,2024-01-12,2024,1,12,4,0,winter,6,19,1,10,97.913,50,5.0,9.791,Zone_B,100.0,highway,2.6,heavy,cloudy,29.0,2,45,0,50,4.35,1.0,3.12,101.7,3.1378,101.6807,340.79,17.24,34.08,3.48
ROUTE_01177,SCH_001,International School A,BUS_008,DRV_014,2024-01-16,2024,1,16,1,0,winter,7,0,1,9,104.088,50,5.56,11.565,Zone_C,100.0,main_road,2.53,heavy,clear,22.1,18,37,3,50,3.93,1.0,3.15,101.68,3.1633,101.6846,506.49,12.33,56.28,4.87
ROUTE_01178,SCH_003,Private School C,BUS_003,DRV_011,2024-05-16,2024,5,16,3,0,spring,6,48,1,12,140.181,50,4.17,11.682,Zone_D,100.0,local_road,2.79,light,cloudy,30.2,15,38,13,50,4.54,1.0,3.2,101.65,3.178,101.7018,562.41,14.96,46.87,4.01
ROUTE_01179,SCH_001,International School A,BUS_019,DRV_040,2024-02-17,2024,2,17,5,1,winter,7,21,1,6,85.282,43,7.17,14.214,Zone_E,100.0,residential,4.96,moderate,clear,23.7,24,31,5,50,4.78,0.86,3.15,101.68,3.1927,101.7633,404.55,12.65,67.43,4.74
ROUTE_01180,SCH_002,National School B,BUS_013,DRV_002,2024-12-30,2024,12,30,0,0,winter,7,11,1,17,197.113,50,2.94,11.595,Zone_A,100.0,residential,4.09,moderate,clear,27.3,23,56,1,50,2.47,1.0,3.12,101.7,3.1913,101.7216,1109.08,10.66,65.24,5.63
ROUTE_01181,SCH_003,Private School C,BUS_025,DRV_019,2024-01-06,2024,1,6,5,1,winter,6,9,1,9,102.93,50,5.56,11.437,Zone_B,100.0,main_road,2.9,moderate,clear,23.6,17,55,4,50,4.71,1.0,3.2,101.65,3.1581,101.6953,299.07,20.65,33.23,2.91
ROUTE_01182,SCH_002,National School B,BUS_013,DRV_047,2024-05-22,2024,5,22,2,0,spring,7,35,1,7,65.573,46,6.57,9.368,Zone_C,100.0,main_road,3.72,moderate,cloudy,27.3,3,45,13,50,4.61,0.92,3.12,101.7,3.1638,101.726,287.64,13.68,41.09,4.39
ROUTE_01183,SCH_003,Private School C,BUS_011,DRV_050,2024-05-11,2024,5,11,5,1,spring,7,25,1,19,238.232,50,2.63,12.539,Zone_D,100.0,main_road,2.8,heavy,clear,31.9,6,55,11,50,2.29,1.0,3.2,101.65,3.164,101.6855,1070.36,13.35,56.33,4.49
ROUTE_01184,SCH_003,Private School C,BUS_004,DRV_008,2024-09-28,2024,9,28,5,1,monsoon,6,4,1,6,84.826,35,5.83,14.138,Zone_E,100.0,highway,3.39,moderate,cloudy,24.5,5,36,13,50,2.27,0.7,3.2,101.65,3.1875,101.72,226.99,22.42,37.83,2.68
ROUTE_01185,SCH_002,National School B,BUS_013,DRV_025,2024-09-10,2024,9,10,1,0,monsoon,5,36,0,12,145.652,50,4.17,12.138,Zone_A,100.0,main_road,2.66,free_flow,clear,26.2,5,52,0,50,2.33,1.0,3.12,101.7,3.2006,101.7378,295.0,29.62,24.58,2.03
ROUTE_01186,SCH_002,National School B,BUS_002,DRV_001,2024-11-28,2024,11,28,3,0,monsoon,6,51,1,6,65.752,50,8.33,10.959,Zone_B,100.0,local_road,3.0,moderate,cloudy,24.8,8,43,5,50,3.26,1.0,3.12,101.7,3.2271,101.7104,355.63,11.09,59.27,5.41
ROUTE_01187,SCH_002,National School B,BUS_026,DRV_002,2024-01-28,2024,1,28,6,1,winter,6,50,1,11,152.72,50,4.55,13.884,Zone_C,100.0,local_road,3.41,congested,cloudy,23.8,12,25,1,50,3.0,1.0,3.12,101.7,3.1867,101.6864,1269.72,7.22,115.43,8.31
ROUTE_01188,SCH_002,National School B,BUS_023,DRV_018,2024-03-20,2024,3,20,2,0,spring,7,11,1,7,82.424,50,7.14,11.775,Zone_D,100.0,main_road,2.95,moderate,cloudy,27.4,6,42,7,50,2.01,1.0,3.12,101.7,3.1993,101.6721,293.95,16.82,41.99,3.57
ROUTE_01189,SCH_001,International School A,BUS_022,DRV_004,2024-01-09,2024,1,9,1,0,winter,7,46,1,16,268.991,50,3.12,16.812,Zone_E,100.0,local_road,2.82,light,clear,23.2,23,32,9,50,4.22,1.0,3.15,101.68,3.1775,101.7114,1013.88,15.92,63.37,3.77
ROUTE_01190,SCH_002,National School B,BUS_017,DRV_006,2024-02-25,2024,2,25,6,1,winter,6,37,1,5,62.74,36,7.2,12.548,Zone_A,100.0,local_road,2.54,light,clear,22.3,11,50,8,50,3.39,0.72,3.12,101.7,3.218,101.6814,216.87,17.36,43.37,3.46
ROUTE_01191,SCH_003,Private School C,BUS_005,DRV_021,2024-02-18,2024,2,18,6,1,winter,6,42,1,7,105.05,50,7.14,15.007,Zone_B,100.0,local_road,2.89,moderate,clear,24.1,9,31,10,50,2.78,1.0,3.2,101.65,3.1948,101.6951,505.96,12.46,72.28,4.82
ROUTE_01192,SCH_001,International School A,BUS_022,DRV_033,2024-09-19,2024,9,19,3,0,monsoon,6,6,1,8,80.167,50,6.25,10.021,Zone_C,100.0,highway,2.5,moderate,cloudy,27.4,18,52,13,50,3.95,1.0,3.15,101.68,3.1914,101.7234,220.84,21.78,27.61,2.75
ROUTE_01193,SCH_002,National School B,BUS_015,DRV_046,2024-05-20,2024,5,20,0,0,spring,5,23,0,7,105.29,50,7.14,15.041,Zone_D,100.0,local_road,3.26,free_flow,cloudy,29.8,1,28,6,50,3.94,1.0,3.12,101.7,3.1779,101.6898,336.88,18.75,48.13,3.2
ROUTE_01194,SCH_001,International School A,BUS_015,DRV_013,2024-07-24,2024,7,24,2,0,summer,7,59,1,15,199.227,50,3.33,13.282,Zone_E,100.0,local_road,4.53,light,clear,35.8,4,55,6,50,3.05,1.0,3.15,101.68,3.1722,101.7217,784.32,15.24,52.29,3.94
ROUTE_01195,SCH_003,Private School C,BUS_019,DRV_039,2024-08-22,2024,8,22,3,0,summer,6,49,1,18,230.371,50,2.78,12.798,Zone_A,100.0,highway,2.87,moderate,cloudy,31.8,3,28,12,50,2.08,1.0,3.2,101.65,3.1645,101.7037,562.84,24.56,31.27,2.44
ROUTE_01196,SCH_003,Private School C,BUS_006,DRV_032,2024-06-19,2024,6,19,2,0,summer,5,58,0,9,112.714,50,5.56,12.524,Zone_B,100.0,main_road,3.57,moderate,clear,36.6,4,28,10,50,2.57,1.0,3.2,101.65,3.1839,101.7108,337.39,20.04,37.49,2.99
ROUTE_01197,SCH_003,Private School C,BUS_028,DRV_021,2024-08-28,2024,8,28,2,0,summer,7,25,1,11,152.796,50,4.55,13.891,Zone_C,100.0,local_road,4.39,heavy,heavy_rain,36.8,7,33,5,50,3.08,1.0,3.2,101.65,3.1794,101.6769,1550.68,5.91,140.97,10.15
ROUTE_01198,SCH_001,International School A,BUS_030,DRV_026,2024-01-15,2024,1,15,0,0,winter,7,26,1,18,259.25,50,2.78,14.403,Zone_D,100.0,local_road,3.76,heavy,heavy_rain,28.5,8,48,1,50,4.03,1.0,3.15,101.68,3.1618,101.7014,2694.71,5.77,149.71,10.39
ROUTE_01199,SCH_001,International School A,BUS_010,DRV_046,2024-09-06,2024,9,6,4,0,monsoon,7,28,1,7,88.087,48,6.86,12.584,Zone_E,100.0,main_road,3.21,heavy,light_rain,30.4,7,39,10,50,4.89,0.96,3.15,101.68,3.2035,101.7235,495.86,10.66,70.84,5.63
ROUTE_01200,SCH_002,National School B,BUS_029,DRV_039,2024-02-13,2024,2,13,1,0,winter,6,45,1,13,196.059,50,3.85,15.081,Zone_A,100.0,local_road,3.66,light,clear,26.7,22,43,2,50,4.3,1.0,3.12,101.7,3.1595,101.6828,670.85,17.54,51.6,3.42
ROUTE_01201,SCH_002,National School B,BUS_013,DRV_006,2024-12-11,2024,12,11,2,0,winter,6,46,1,19,210.957,50,2.63,11.103,Zone_B,100.0,main_road,2.94,moderate,storm,26.4,16,30,2,50,3.79,1.0,3.12,101.7,3.1689,101.685,1190.05,10.64,62.63,5.64
ROUTE_01202,SCH_002,National School B,BUS_009,DRV_004,2024-04-21,2024,4,21,6,1,spring,5,30,0,5,65.715,35,7.0,13.143,Zone_C,100.0,residential,3.7,light,cloudy,32.2,14,27,7,50,3.99,0.7,3.12,101.7,3.1722,101.6882,233.85,16.86,46.77,3.56
ROUTE_01203,SCH_003,Private School C,BUS_022,DRV_021,2024-10-22,2024,10,22,1,0,monsoon,7,40,1,14,163.87,50,3.57,11.705,Zone_D,100.0,main_road,4.0,moderate,light_rain,31.3,8,52,9,50,3.2,1.0,3.2,101.65,3.1886,101.7158,732.3,13.43,52.31,4.47
ROUTE_01204,SCH_002,National School B,BUS_027,DRV_037,2024-05-03,2024,5,3,4,0,spring,6,10,1,16,124.141,50,3.12,7.759,Zone_E,100.0,local_road,4.83,congested,clear,32.1,13,47,11,50,3.49,1.0,3.12,101.7,3.1502,101.7174,965.18,7.72,60.32,7.77
ROUTE_01205,SCH_001,International School A,BUS_014,DRV_038,2024-01-02,2024,1,2,1,0,winter,6,47,1,13,170.423,50,3.85,13.109,Zone_A,100.0,main_road,3.24,moderate,clear,29.2,18,40,4,50,3.09,1.0,3.15,101.68,3.1789,101.708,526.9,19.41,40.53,3.09
ROUTE_01206,SCH_002,National School B,BUS_010,DRV_003,2024-07-14,2024,7,14,6,1,summer,6,11,1,11,180.17,50,4.55,16.379,Zone_B,100.0,residential,3.46,light,clear,37.2,12,35,6,50,3.68,1.0,3.12,101.7,3.1921,101.69,663.04,16.3,60.28,3.68
ROUTE_01207,SCH_003,Private School C,BUS_006,DRV_036,2024-09-19,2024,9,19,3,0,monsoon,6,26,1,14,166.232,50,3.57,11.874,Zone_C,100.0,main_road,3.34,heavy,light_rain,24.8,10,56,1,50,4.27,1.0,3.2,101.65,3.1553,101.6982,1037.55,9.61,74.11,6.24
ROUTE_01208,SCH_002,National School B,BUS_019,DRV_029,2024-01-23,2024,1,23,1,0,winter,5,45,0,13,160.455,50,3.85,12.343,Zone_D,100.0,local_road,3.09,light,clear,22.4,22,61,8,50,3.62,1.0,3.12,101.7,3.1706,101.7077,583.01,16.51,44.85,3.63
ROUTE_01209,SCH_003,Private School C,BUS_004,DRV_038,2024-05-26,2024,5,26,6,1,spring,6,12,1,15,219.566,50,3.33,14.638,Zone_E,100.0,local_road,3.61,moderate,storm,25.2,6,31,2,50,3.36,1.0,3.2,101.65,3.1943,101.7136,1539.63,8.56,102.64,7.01
ROUTE_01210,SCH_003,Private School C,BUS_022,DRV_011,2024-02-25,2024,2,25,6,1,winter,6,39,1,15,195.053,50,3.33,13.004,Zone_A,100.0,residential,3.75,heavy,clear,24.2,11,50,4,50,4.69,1.0,3.2,101.65,3.2086,101.714,1285.81,9.1,85.72,6.59
ROUTE_01211,SCH_003,Private School C,BUS_016,DRV_033,2024-03-18,2024,3,18,0,0,spring,6,38,1,17,221.159,50,2.94,13.009,Zone_B,100.0,main_road,3.49,moderate,cloudy,30.1,9,46,12,50,3.89,1.0,3.2,101.65,3.201,101.6775,763.64,17.38,44.92,3.45
ROUTE_01212,SCH_002,National School B,BUS_010,DRV_018,2024-08-04,2024,8,4,6,1,summer,6,53,1,11,135.827,50,4.55,12.348,Zone_C,100.0,residential,2.64,moderate,cloudy,29.3,18,30,14,50,4.14,1.0,3.12,101.7,3.1979,101.6957,799.18,10.2,72.65,5.88
ROUTE_01213,SCH_001,International School A,BUS_019,DRV_009,2024-08-02,2024,8,2,4,0,summer,6,19,1,9,107.363,50,5.56,11.929,Zone_D,100.0,main_road,3.66,moderate,light_rain,32.6,7,61,3,50,2.48,1.0,3.15,101.68,3.2215,101.7055,441.14,14.6,49.02,4.11
ROUTE_01214,SCH_002,National School B,BUS_025,DRV_036,2024-01-25,2024,1,25,3,0,winter,5,14,0,13,160.714,50,3.85,12.363,Zone_E,100.0,local_road,4.63,light,clear,26.7,2,30,5,50,2.85,1.0,3.12,101.7,3.1664,101.6747,563.22,17.12,43.32,3.5
ROUTE_01215,SCH_003,Private School C,BUS_018,DRV_030,2024-01-24,2024,1,24,2,0,winter,6,36,1,15,167.282,50,3.33,11.152,Zone_A,100.0,local_road,3.96,heavy,light_rain,29.7,2,31,1,50,3.46,1.0,3.2,101.65,3.1722,101.6915,1372.44,7.31,91.5,8.2
ROUTE_01216,SCH_002,National School B,BUS_011,DRV_035,2024-07-11,2024,7,11,3,0,summer,6,49,1,5,56.256,44,8.8,11.251,Zone_B,100.0,residential,4.34,congested,light_rain,37.3,6,35,5,50,2.1,0.88,3.12,101.7,3.2047,101.67,636.47,5.3,127.29,11.31
ROUTE_01217,SCH_002,National School B,BUS_021,DRV_038,2024-12-23,2024,12,23,0,0,winter,6,28,1,16,179.869,50,3.12,11.242,Zone_C,100.0,main_road,2.69,moderate,cloudy,27.5,19,39,6,50,2.26,1.0,3.12,101.7,3.1542,101.6901,700.74,15.4,43.8,3.9
ROUTE_01218,SCH_002,National School B,BUS_009,DRV_031,2024-10-12,2024,10,12,5,1,monsoon,7,30,1,11,128.652,50,4.55,11.696,Zone_D,100.0,main_road,4.89,congested,storm,31.9,16,29,14,50,2.33,1.0,3.12,101.7,3.1925,101.712,1319.17,5.85,119.92,10.25
ROUTE_01219,SCH_003,Private School C,BUS_001,DRV_007,2024-11-15,2024,11,15,4,0,monsoon,7,59,1,9,104.235,50,5.56,11.582,Zone_E,100.0,main_road,2.7,moderate,cloudy,29.0,17,61,14,50,2.68,1.0,3.2,101.65,3.1912,101.7124,418.0,14.96,46.44,4.01
ROUTE_01220,SCH_003,Private School C,BUS_005,DRV_005,2024-05-23,2024,5,23,3,0,spring,7,1,1,6,66.757,47,7.83,11.126,Zone_A,100.0,main_road,4.18,moderate,cloudy,25.9,5,47,8,50,3.7,0.94,3.2,101.65,3.2058,101.7025,232.14,17.25,38.69,3.48
ROUTE_01221,SCH_002,National School B,BUS_012,DRV_035,2024-11-14,2024,11,14,3,0,monsoon,7,51,1,18,263.952,50,2.78,14.664,Zone_B,100.0,local_road,3.21,congested,light_rain,30.3,1,26,9,50,3.62,1.0,3.12,101.7,3.1911,101.6829,3109.32,5.09,172.74,11.78
ROUTE_01222,SCH_002,National School B,BUS_007,DRV_006,2024-02-24,2024,2,24,5,1,winter,6,31,1,18,193.696,50,2.78,10.761,Zone_C,100.0,main_road,3.83,moderate,clear,23.2,19,51,5,50,4.58,1.0,3.12,101.7,3.162,101.7042,621.81,18.69,34.54,3.21
ROUTE_01223,SCH_002,National School B,BUS_016,DRV_011,2024-07-19,2024,7,19,4,0,summer,7,51,1,9,88.658,50,5.56,9.851,Zone_D,100.0,highway,4.15,heavy,light_rain,28.4,4,33,2,50,3.45,1.0,3.12,101.7,3.15,101.6564,343.54,15.48,38.17,3.87
ROUTE_01224,SCH_001,International School A,BUS_004,DRV_018,2024-10-29,2024,10,29,1,0,monsoon,6,56,1,19,231.384,50,2.63,12.178,Zone_E,100.0,residential,3.93,moderate,clear,27.3,10,62,5,50,2.18,1.0,3.15,101.68,3.1942,101.6945,1463.15,9.49,77.01,6.32
ROUTE_01225,SCH_003,Private School C,BUS_006,DRV_041,2024-05-18,2024,5,18,5,1,spring,6,9,1,9,118.246,50,5.56,13.138,Zone_A,100.0,residential,4.26,free_flow,cloudy,31.7,14,29,14,50,3.88,1.0,3.2,101.65,3.1669,101.6945,403.14,17.6,44.79,3.41
ROUTE_01226,SCH_001,International School A,BUS_019,DRV_039,2024-06-24,2024,6,24,0,0,summer,7,26,1,18,250.411,50,2.78,13.912,Zone_B,100.0,main_road,3.03,heavy,clear,35.6,21,60,11,50,3.26,1.0,3.15,101.68,3.1633,101.6856,1150.2,13.06,63.9,4.59
ROUTE_01227,SCH_003,Private School C,BUS_008,DRV_024,2024-08-04,2024,8,4,6,1,summer,7,23,1,6,46.263,43,7.17,7.71,Zone_C,100.0,highway,4.13,free_flow,clear,35.3,18,64,12,50,2.59,0.86,3.2,101.65,3.1844,101.6908,71.93,38.59,11.99,1.55
ROUTE_01228,SCH_002,National School B,BUS_011,DRV_008,2024-10-17,2024,10,17,3,0,monsoon,7,5,1,10,123.896,50,5.0,12.39,Zone_D,100.0,main_road,4.62,light,clear,30.3,8,35,4,50,3.01,1.0,3.12,101.7,3.2064,101.7018,337.47,22.03,33.75,2.72
ROUTE_01229,SCH_001,International School A,BUS_008,DRV_006,2024-11-10,2024,11,10,6,1,monsoon,5,59,0,8,99.407,49,6.12,12.426,Zone_E,100.0,local_road,3.29,free_flow,cloudy,24.8,3,37,6,50,3.95,0.98,3.15,101.68,3.1854,101.6915,299.01,19.95,37.38,3.01
ROUTE_01230,SCH_002,National School B,BUS_012,DRV_005,2024-01-03,2024,1,3,2,0,winter,6,3,1,8,164.828,50,6.25,20.603,Zone_A,100.0,residential,4.91,heavy,fog,27.7,8,37,13,50,4.75,1.0,3.12,101.7,3.1854,101.6922,1748.79,5.66,218.6,10.61
ROUTE_01231,SCH_001,International School A,BUS_001,DRV_005,2024-12-24,2024,12,24,1,0,winter,7,58,1,16,197.161,50,3.12,12.323,Zone_B,100.0,main_road,3.91,heavy,cloudy,22.9,5,27,2,50,3.3,1.0,3.15,101.68,3.198,101.6859,1020.57,11.59,63.79,5.18
ROUTE_01232,SCH_002,National School B,BUS_004,DRV_047,2024-09-10,2024,9,10,1,0,monsoon,5,44,0,12,149.821,50,4.17,12.485,Zone_C,100.0,highway,2.82,light,cloudy,26.9,21,51,6,50,3.89,1.0,3.12,101.7,3.1515,101.7295,252.76,35.56,21.06,1.69
ROUTE_01233,SCH_003,Private School C,BUS_009,DRV_035,2024-12-09,2024,12,9,0,0,winter,6,44,1,15,179.794,50,3.33,11.986,Zone_D,100.0,local_road,2.94,congested,cloudy,23.5,12,25,3,50,3.51,1.0,3.2,101.65,3.204,101.7176,1599.84,6.74,106.66,8.9
ROUTE_01234,SCH_002,National School B,BUS_017,DRV_030,2024-09-13,2024,9,13,4,0,monsoon,6,27,1,11,145.361,50,4.55,13.215,Zone_E,100.0,local_road,3.34,congested,clear,27.3,2,47,5,50,2.18,1.0,3.12,101.7,3.1868,101.716,1403.74,6.21,127.61,9.66
ROUTE_01235,SCH_003,Private School C,BUS_024,DRV_033,2024-05-30,2024,5,30,3,0,spring,6,1,1,18,261.256,50,2.78,14.514,Zone_A,100.0,main_road,4.72,moderate,clear,25.6,15,58,4,50,4.01,1.0,3.2,101.65,3.162,101.6899,740.86,21.16,41.16,2.84
ROUTE_01236,SCH_002,National School B,BUS_022,DRV_020,2024-06-30,2024,6,30,6,1,summer,6,2,1,15,201.741,50,3.33,13.449,Zone_B,100.0,local_road,4.45,heavy,clear,30.8,10,45,3,50,4.49,1.0,3.12,101.7,3.1735,101.6849,1075.1,11.26,71.67,5.33
ROUTE_01237,SCH_002,National School B,BUS_011,DRV_004,2024-06-12,2024,6,12,2,0,summer,7,42,1,6,81.518,48,8.0,13.586,Zone_C,100.0,highway,2.75,congested,clear,30.3,4,39,4,50,2.2,0.96,3.12,101.7,3.1416,101.6869,349.35,14.0,58.22,4.29
ROUTE_01238,SCH_003,Private School C,BUS_003,DRV_038,2024-07-02,2024,7,2,1,0,summer,7,49,1,10,98.584,50,5.0,9.858,Zone_D,100.0,residential,2.52,light,clear,28.3,4,44,11,50,2.78,1.0,3.2,101.65,3.1903,101.6798,534.32,11.07,53.43,5.42
ROUTE_01239,SCH_003,Private School C,BUS_013,DRV_014,2024-12-01,2024,12,1,6,1,winter,7,40,1,8,131.65,50,6.25,16.456,Zone_E,100.0,highway,4.57,moderate,heavy_rain,27.2,1,62,3,50,2.7,1.0,3.2,101.65,3.1965,101.6732,450.55,17.53,56.32,3.42
ROUTE_01240,SCH_001,International School A,BUS_018,DRV_015,2024-01-22,2024,1,22,0,0,winter,5,41,0,16,185.052,50,3.12,11.566,Zone_A,100.0,local_road,2.57,light,cloudy,22.8,16,51,8,50,4.75,1.0,3.15,101.68,3.2012,101.7065,603.54,18.4,37.72,3.26
ROUTE_01241,SCH_002,National School B,BUS_005,DRV_016,2024-09-27,2024,9,27,4,0,monsoon,7,56,1,13,133.81,50,3.85,10.293,Zone_B,100.0,local_road,4.71,light,light_rain,27.2,18,60,10,50,2.52,1.0,3.12,101.7,3.1799,101.679,675.79,11.88,51.98,5.05
ROUTE_01242,SCH_001,International School A,BUS_027,DRV_039,2024-01-02,2024,1,2,1,0,winter,6,40,1,5,49.076,41,8.2,9.815,Zone_C,100.0,local_road,2.62,free_flow,light_rain,25.6,23,60,7,50,2.48,0.82,3.15,101.68,3.1872,101.6409,241.33,12.2,48.27,4.92
ROUTE_01243,SCH_001,International School A,BUS_002,DRV_034,2024-04-16,2024,4,16,1,0,spring,7,7,1,5,77.769,29,5.8,15.554,Zone_D,100.0,residential,4.67,moderate,clear,30.9,24,37,14,50,3.7,0.58,3.15,101.68,3.1731,101.676,446.62,10.45,89.32,5.74
ROUTE_01244,SCH_003,Private School C,BUS_020,DRV_001,2024-05-25,2024,5,25,5,1,spring,7,19,1,13,146.604,50,3.85,11.277,Zone_E,100.0,main_road,2.62,heavy,clear,27.3,12,54,14,50,2.47,1.0,3.2,101.65,3.2035,101.6943,603.23,14.58,46.4,4.11
ROUTE_01245,SCH_003,Private School C,BUS_027,DRV_047,2024-03-24,2024,3,24,6,1,spring,6,35,1,14,172.853,50,3.57,12.347,Zone_A,100.0,residential,3.97,light,cloudy,29.0,24,52,14,50,2.08,1.0,3.2,101.65,3.1872,101.6925,719.99,14.4,51.43,4.17
ROUTE_01246,SCH_002,National School B,BUS_029,DRV_049,2024-02-18,2024,2,18,6,1,winter,6,53,1,14,217.174,50,3.57,15.512,Zone_B,100.0,residential,4.84,moderate,cloudy,28.5,11,56,4,50,4.53,1.0,3.12,101.7,3.1644,101.6816,1189.5,10.95,84.96,5.48
ROUTE_01247,SCH_001,International School A,BUS_010,DRV_030,2024-09-28,2024,9,28,5,1,monsoon,6,1,1,16,174.502,50,3.12,10.906,Zone_C,100.0,local_road,3.97,free_flow,clear,26.9,18,49,10,50,2.27,1.0,3.15,101.68,3.2241,101.6895,616.28,16.99,38.52,3.53
ROUTE_01248,SCH_002,National School B,BUS_030,DRV_007,2024-06-19,2024,6,19,2,0,summer,7,45,1,16,218.298,50,3.12,13.644,Zone_D,100.0,main_road,3.26,heavy,clear,31.4,7,39,1,50,3.19,1.0,3.12,101.7,3.1806,101.7331,939.17,13.95,58.7,4.3
ROUTE_01249,SCH_001,International School A,BUS_009,DRV_043,2024-10-03,2024,10,3,3,0,monsoon,7,27,1,12,117.906,50,4.17,9.825,Zone_E,100.0,highway,3.88,heavy,heavy_rain,31.2,18,31,8,50,2.58,1.0,3.15,101.68,3.1882,101.6772,538.31,13.14,44.86,4.57
ROUTE_01250,SCH_003,Private School C,BUS_029,DRV_014,2024-11-24,2024,11,24,6,1,monsoon,6,15,1,7,95.075,48,6.86,13.582,Zone_A,100.0,main_road,4.02,free_flow,light_rain,28.8,12,56,3,50,4.07,0.96,3.2,101.65,3.183,101.707,225.54,25.29,32.22,2.37
ROUTE_01251,SCH_002,National School B,BUS_001,DRV_007,2024-01-17,2024,1,17,2,0,winter,6,4,1,7,96.197,42,6.0,13.742,Zone_B,100.0,local_road,3.99,heavy,cloudy,29.9,8,48,1,50,4.87,0.84,3.12,101.7,3.1822,101.6957,667.75,8.64,95.39,6.94
ROUTE_01252,SCH_001,International School A,BUS_027,DRV_005,2024-10-18,2024,10,18,4,0,monsoon,5,55,0,18,252.51,50,2.78,14.028,Zone_C,100.0,highway,3.68,light,clear,25.0,5,50,11,50,2.92,1.0,3.15,101.68,3.1585,101.695,493.74,30.69,27.43,1.96
ROUTE_01253,SCH_003,Private School C,BUS_022,DRV_047,2024-09-04,2024,9,4,2,0,monsoon,6,29,1,18,258.567,50,2.78,14.365,Zone_D,100.0,residential,3.08,free_flow,light_rain,28.0,12,35,1,50,3.37,1.0,3.2,101.65,3.1996,101.678,1224.1,12.67,68.01,4.73
ROUTE_01254,SCH_001,International School A,BUS_021,DRV_033,2024-12-12,2024,12,12,3,0,winter,7,41,1,12,130.34,50,4.17,10.862,Zone_E,100.0,local_road,3.86,heavy,clear,25.9,7,31,9,50,3.95,1.0,3.15,101.68,3.1745,101.6881,898.17,8.71,74.85,6.89
ROUTE_01255,SCH_002,National School B,BUS_015,DRV_042,2024-08-22,2024,8,22,3,0,summer,6,44,1,10,106.338,50,5.0,10.634,Zone_A,100.0,local_road,3.25,heavy,light_rain,30.6,24,32,5,50,3.68,1.0,3.12,101.7,3.1708,101.6683,724.44,8.81,72.44,6.81
ROUTE_01256,SCH_003,Private School C,BUS_030,DRV_026,2024-04-02,2024,4,2,1,0,spring,7,20,1,10,121.261,50,5.0,12.126,Zone_B,100.0,main_road,2.97,free_flow,clear,24.3,1,37,8,50,3.05,1.0,3.2,101.65,3.178,101.6555,296.38,24.55,29.64,2.44
ROUTE_01257,SCH_001,International School A,BUS_029,DRV_022,2024-10-23,2024,10,23,2,0,monsoon,5,54,0,18,248.307,50,2.78,13.795,Zone_C,100.0,main_road,3.7,moderate,clear,31.2,4,39,6,50,4.17,1.0,3.15,101.68,3.1812,101.6929,830.75,17.93,46.15,3.35
ROUTE_01258,SCH_001,International School A,BUS_028,DRV_019,2024-04-05,2024,4,5,4,0,spring,7,35,1,8,59.029,50,6.25,7.379,Zone_D,100.0,local_road,3.1,heavy,fog,27.5,19,45,1,50,2.54,1.0,3.15,101.68,3.2037,101.6696,500.54,7.08,62.57,8.48
ROUTE_01259,SCH_002,National School B,BUS_007,DRV_032,2024-05-06,2024,5,6,0,0,spring,7,47,1,18,188.281,50,2.78,10.46,Zone_E,100.0,highway,3.26,free_flow,clear,31.1,3,31,5,50,3.37,1.0,3.12,101.7,3.1431,101.6568,296.91,38.05,16.49,1.58
ROUTE_01260,SCH_002,National School B,BUS_008,DRV_049,2024-09-01,2024,9,1,6,1,monsoon,7,7,1,14,193.683,50,3.57,13.834,Zone_A,100.0,local_road,4.1,moderate,heavy_rain,25.4,17,41,6,50,2.61,1.0,3.12,101.7,3.1438,101.7034,1196.57,9.71,85.47,6.18
ROUTE_01261,SCH_002,National School B,BUS_004,DRV_021,2024-06-16,2024,6,16,6,1,summer,6,31,1,5,33.68,26,5.2,6.736,Zone_B,100.0,highway,4.53,heavy,cloudy,31.1,10,54,10,50,4.78,0.52,3.12,101.7,3.1245,101.7298,97.67,20.69,19.53,2.9
ROUTE_01262,SCH_003,Private School C,BUS_010,DRV_016,2024-10-13,2024,10,13,6,1,monsoon,6,38,1,15,201.86,50,3.33,13.457,Zone_C,100.0,highway,3.3,moderate,clear,31.5,6,31,1,50,4.77,1.0,3.2,101.65,3.1829,101.7046,420.58,28.8,28.04,2.08
ROUTE_01263,SCH_003,Private School C,BUS_022,DRV_041,2024-02-13,2024,2,13,1,0,winter,6,2,1,5,55.198,44,8.8,11.04,Zone_D,100.0,local_road,4.08,heavy,cloudy,25.0,19,37,11,50,4.31,0.88,3.2,101.65,3.1735,101.7057,408.61,8.11,81.72,7.4
ROUTE_01264,SCH_002,National School B,BUS_025,DRV_038,2024-03-11,2024,3,11,0,0,spring,7,4,1,9,116.804,50,5.56,12.978,Zone_E,100.0,residential,3.4,free_flow,cloudy,30.5,14,28,3,50,3.46,1.0,3.12,101.7,3.1848,101.68,422.81,16.58,46.98,3.62
ROUTE_01265,SCH_003,Private School C,BUS_006,DRV_011,2024-05-07,2024,5,7,1,0,spring,7,1,1,12,182.875,50,4.17,15.24,Zone_A,100.0,local_road,2.67,free_flow,clear,29.3,13,34,4,50,2.68,1.0,3.2,101.65,3.2051,101.7096,522.64,20.99,43.55,2.86
ROUTE_01266,SCH_001,International School A,BUS_010,DRV_016,2024-05-24,2024,5,24,4,0,spring,6,31,1,7,63.982,50,7.14,9.14,Zone_B,100.0,highway,3.25,moderate,cloudy,29.3,22,58,6,50,4.29,1.0,3.15,101.68,3.1766,101.6927,142.33,26.97,20.33,2.22
ROUTE_01267,SCH_002,National School B,BUS_006,DRV_042,2024-08-01,2024,8,1,3,0,summer,7,2,1,8,82.632,50,6.25,10.329,Zone_C,100.0,main_road,4.48,congested,clear,37.4,6,60,5,50,4.92,1.0,3.12,101.7,3.1405,101.6724,495.51,10.01,61.94,6.0
ROUTE_01268,SCH_003,Private School C,BUS_016,DRV_028,2024-10-26,2024,10,26,5,1,monsoon,6,26,1,11,122.048,50,4.55,11.095,Zone_D,100.0,local_road,4.11,light,clear,24.5,6,58,0,50,2.83,1.0,3.2,101.65,3.1671,101.7186,471.02,15.55,42.82,3.86
ROUTE_01269,SCH_003,Private School C,BUS_002,DRV_025,2024-11-23,2024,11,23,5,1,monsoon,5,4,0,18,225.89,50,2.78,12.549,Zone_E,100.0,local_road,4.31,heavy,cloudy,27.7,3,64,6,50,3.66,1.0,3.2,101.65,3.1594,101.7142,1406.55,9.64,78.14,6.23
ROUTE_01270,SCH_002,National School B,BUS_016,DRV_031,2024-07-21,2024,7,21,6,1,summer,6,33,1,16,162.488,50,3.12,10.155,Zone_A,100.0,highway,3.69,heavy,clear,28.6,2,35,8,50,4.1,1.0,3.12,101.7,3.1829,101.7246,440.63,22.13,27.54,2.71
ROUTE_01271,SCH_002,National School B,BUS_027,DRV_035,2024-03-29,2024,3,29,4,0,spring,5,40,0,16,182.234,50,3.12,11.39,Zone_B,100.0,main_road,3.54,free_flow,cloudy,31.0,5,43,3,50,3.26,1.0,3.12,101.7,3.1775,101.6872,380.96,28.7,23.81,2.09
ROUTE_01272,SCH_003,Private School C,BUS_019,DRV_005,2024-08-30,2024,8,30,4,0,summer,5,12,0,10,148.721,50,5.0,14.872,Zone_C,100.0,local_road,3.63,free_flow,clear,32.3,10,35,5,50,3.2,1.0,3.2,101.65,3.1566,101.6999,421.52,21.17,42.15,2.83
ROUTE_01273,SCH_003,Private School C,BUS_022,DRV_047,2024-11-26,2024,11,26,1,0,monsoon,7,27,1,19,262.209,50,2.63,13.8,Zone_D,100.0,main_road,4.43,heavy,light_rain,30.4,12,27,3,50,2.79,1.0,3.2,101.65,3.1606,101.709,1421.19,11.07,74.8,5.42
ROUTE_01274,SCH_002,National School B,BUS_015,DRV_047,2024-05-14,2024,5,14,1,0,spring,5,4,0,5,94.706,36,7.2,18.941,Zone_E,100.0,local_road,4.73,moderate,cloudy,33.0,21,57,0,50,3.13,0.72,3.12,101.7,3.195,101.6846,347.74,16.34,69.55,3.67
ROUTE_01275,SCH_003,Private School C,BUS_030,DRV_038,2024-06-18,2024,6,18,1,0,summer,5,44,0,8,131.175,50,6.25,16.397,Zone_A,100.0,main_road,2.72,moderate,clear,35.4,23,56,0,50,3.79,1.0,3.2,101.65,3.1719,101.7054,310.71,25.33,38.84,2.37
ROUTE_01276,SCH_001,International School A,BUS_004,DRV_023,2024-07-12,2024,7,12,4,0,summer,6,10,1,12,140.046,50,4.17,11.67,Zone_B,100.0,local_road,2.65,moderate,clear,35.0,1,35,14,50,3.91,1.0,3.15,101.68,3.1509,101.7056,775.64,10.83,64.64,5.54
ROUTE_01277,SCH_003,Private School C,BUS_008,DRV_050,2024-08-24,2024,8,24,5,1,summer,6,46,1,5,91.985,41,8.2,18.397,Zone_C,100.0,residential,4.56,moderate,cloudy,32.6,16,60,0,50,4.45,0.82,3.2,101.65,3.2112,101.7001,481.8,11.46,96.36,5.24
ROUTE_01278,SCH_001,International School A,BUS_027,DRV_019,2024-03-30,2024,3,30,5,1,spring,5,9,0,14,206.873,50,3.57,14.777,Zone_D,100.0,main_road,3.54,free_flow,clear,28.6,10,25,11,50,2.14,1.0,3.15,101.68,3.199,101.6989,374.47,33.15,26.75,1.81
ROUTE_01279,SCH_001,International School A,BUS_021,DRV_027,2024-02-07,2024,2,7,2,0,winter,7,1,1,17,252.659,50,2.94,14.862,Zone_E,100.0,main_road,4.08,light,clear,29.7,19,30,8,50,4.26,1.0,3.15,101.68,3.1854,101.719,624.33,24.28,36.73,2.47
ROUTE_01280,SCH_003,Private School C,BUS_024,DRV_039,2024-09-30,2024,9,30,0,0,monsoon,6,59,1,17,207.87,50,2.94,12.228,Zone_A,100.0,local_road,4.86,congested,cloudy,29.3,21,47,6,50,4.15,1.0,3.2,101.65,3.1679,101.6893,1678.17,7.43,98.72,8.07
ROUTE_01281,SCH_003,Private School C,BUS_006,DRV_020,2024-12-16,2024,12,16,0,0,winter,6,37,1,16,159.519,50,3.12,9.97,Zone_B,100.0,main_road,3.14,moderate,clear,29.4,14,52,6,50,4.28,1.0,3.2,101.65,3.181,101.6792,526.08,18.19,32.88,3.3
ROUTE_01282,SCH_002,National School B,BUS_015,DRV_012,2024-01-30,2024,1,30,1,0,winter,6,40,1,11,129.937,50,4.55,11.812,Zone_C,100.0,local_road,4.7,heavy,heavy_rain,23.4,15,35,9,50,3.18,1.0,3.12,101.7,3.1856,101.6679,1422.73,5.48,129.34,10.95
ROUTE_01283,SCH_001,International School A,BUS_023,DRV_044,2024-03-18,2024,3,18,0,0,spring,6,32,1,12,115.005,50,4.17,9.584,Zone_D,100.0,local_road,4.55,congested,clear,24.2,17,56,10,50,2.68,1.0,3.15,101.68,3.1751,101.7301,1006.56,6.86,83.88,8.75
ROUTE_01284,SCH_003,Private School C,BUS_017,DRV_033,2024-09-28,2024,9,28,5,1,monsoon,6,54,1,6,82.306,41,6.83,13.718,Zone_E,100.0,residential,4.6,light,cloudy,29.3,20,31,8,50,4.25,0.82,3.2,101.65,3.1733,101.6643,341.66,14.45,56.94,4.15
ROUTE_01285,SCH_001,International School A,BUS_016,DRV_045,2024-04-24,2024,4,24,2,0,spring,6,54,1,10,138.506,50,5.0,13.851,Zone_A,100.0,local_road,3.32,moderate,cloudy,30.5,5,26,14,50,2.51,1.0,3.15,101.68,3.1323,101.7003,757.21,10.97,75.72,5.47
ROUTE_01286,SCH_002,National School B,BUS_002,DRV_003,2024-04-10,2024,4,10,2,0,spring,6,23,1,9,114.056,50,5.56,12.673,Zone_B,100.0,local_road,3.06,moderate,clear,26.3,21,61,5,50,4.01,1.0,3.12,101.7,3.2124,101.6791,528.06,12.96,58.67,4.63
ROUTE_01287,SCH_001,International School A,BUS_028,DRV_037,2024-03-08,2024,3,8,4,0,spring,6,42,1,16,178.574,50,3.12,11.161,Zone_C,100.0,local_road,2.93,free_flow,clear,24.9,18,25,0,50,2.88,1.0,3.15,101.68,3.2078,101.7055,567.75,18.87,35.48,3.18
ROUTE_01288,SCH_003,Private School C,BUS_025,DRV_032,2024-12-26,2024,12,26,3,0,winter,6,43,1,6,63.148,43,7.17,10.525,Zone_D,100.0,main_road,3.55,light,clear,29.6,8,48,14,50,2.82,0.86,3.2,101.65,3.1862,101.6759,198.85,19.05,33.14,3.15
ROUTE_01289,SCH_003,Private School C,BUS_009,DRV_016,2024-08-22,2024,8,22,3,0,summer,5,55,0,15,167.527,50,3.33,11.168,Zone_E,100.0,local_road,4.94,light,clear,31.5,21,63,13,50,3.41,1.0,3.2,101.65,3.1771,101.7022,524.22,19.17,34.95,3.13
ROUTE_01290,SCH_001,International School A,BUS_003,DRV_008,2024-06-05,2024,6,5,2,0,summer,7,29,1,7,74.315,49,7.0,10.616,Zone_A,100.0,main_road,3.47,light,clear,28.9,9,63,8,50,4.2,0.98,3.15,101.68,3.1474,101.6987,185.46,24.04,26.49,2.5
ROUTE_01291,SCH_002,National School B,BUS_022,DRV_030,2024-11-13,2024,11,13,2,0,monsoon,6,0,1,13,140.069,50,3.85,10.775,Zone_B,100.0,local_road,3.79,moderate,clear,25.3,21,41,10,50,3.58,1.0,3.12,101.7,3.1719,101.6796,689.08,12.2,53.01,4.92
ROUTE_01292,SCH_001,International School A,BUS_027,DRV_008,2024-08-11,2024,8,11,6,1,summer,6,23,1,12,160.322,50,4.17,13.36,Zone_C,100.0,residential,4.78,free_flow,storm,30.8,15,30,0,50,4.64,1.0,3.15,101.68,3.174,101.7096,924.51,10.4,77.04,5.77
ROUTE_01293,SCH_003,Private School C,BUS_028,DRV_020,2024-12-22,2024,12,22,6,1,winter,5,35,0,12,149.121,50,4.17,12.427,Zone_D,100.0,residential,4.05,free_flow,storm,24.5,19,43,11,50,2.26,1.0,3.2,101.65,3.1816,101.7246,899.34,9.95,74.95,6.03
ROUTE_01294,SCH_002,National School B,BUS_018,DRV_024,2024-02-12,2024,2,12,0,0,winter,6,29,1,11,155.979,50,4.55,14.18,Zone_E,100.0,residential,4.59,moderate,heavy_rain,28.5,15,53,2,50,3.77,1.0,3.12,101.7,3.1934,101.7144,1247.03,7.5,113.37,7.99
ROUTE_01295,SCH_001,International School A,BUS_026,DRV_004,2024-11-24,2024,11,24,6,1,monsoon,6,15,1,14,176.114,50,3.57,12.58,Zone_A,100.0,main_road,3.44,light,storm,28.4,10,45,14,50,2.45,1.0,3.15,101.68,3.1791,101.6816,813.45,12.99,58.1,4.62
ROUTE_01296,SCH_001,International School A,BUS_021,DRV_004,2024-03-12,2024,3,12,1,0,spring,5,11,0,13,253.188,50,3.85,19.476,Zone_B,100.0,main_road,3.72,heavy,light_rain,30.2,13,34,0,50,2.43,1.0,3.15,101.68,3.176,101.7168,967.22,15.71,74.4,3.82
ROUTE_01297,SCH_002,National School B,BUS_024,DRV_042,2024-07-06,2024,7,6,5,1,summer,6,47,1,15,174.663,50,3.33,11.644,Zone_C,100.0,local_road,2.71,moderate,clear,30.5,19,39,12,50,2.84,1.0,3.12,101.7,3.2017,101.706,827.15,12.67,55.14,4.74
ROUTE_01298,SCH_001,International School A,BUS_001,DRV_028,2024-09-27,2024,9,27,4,0,monsoon,6,24,1,17,263.501,50,2.94,15.5,Zone_D,100.0,highway,5.0,heavy,light_rain,30.6,15,51,7,50,3.55,1.0,3.15,101.68,3.1709,101.719,959.65,16.47,56.45,3.64
ROUTE_01299,SCH_002,National School B,BUS_012,DRV_002,2024-03-24,2024,3,24,6,1,spring,6,2,1,15,196.265,50,3.33,13.084,Zone_E,100.0,highway,2.77,free_flow,clear,24.2,2,41,6,50,3.09,1.0,3.12,101.7,3.1601,101.6815,284.04,41.46,18.94,1.45
ROUTE_01300,SCH_002,National School B,BUS_012,DRV_005,2024-07-13,2024,7,13,5,1,summer,6,28,1,13,147.469,50,3.85,11.344,Zone_A,100.0,local_road,2.93,moderate,cloudy,36.7,21,44,0,50,2.38,1.0,3.12,101.7,3.1678,101.6902,570.02,15.52,43.85,3.87
ROUTE_01301,SCH_002,National School B,BUS_011,DRV_001,2024-03-22,2024,3,22,4,0,spring,6,28,1,5,68.069,29,5.8,13.614,Zone_B,100.0,main_road,4.56,heavy,light_rain,25.1,21,52,1,50,2.83,0.58,3.12,101.7,3.1794,101.6967,328.68,12.43,65.74,4.83
ROUTE_01302,SCH_002,National School B,BUS_003,DRV_033,2024-01-03,2024,1,3,2,0,winter,7,13,1,13,157.595,50,3.85,12.123,Zone_C,100.0,local_road,3.49,heavy,clear,24.3,12,49,4,50,4.0,1.0,3.12,101.7,3.209,101.7085,1129.39,8.37,86.88,7.17
ROUTE_01303,SCH_001,International School A,BUS_004,DRV_016,2024-06-19,2024,6,19,2,0,summer,6,38,1,15,172.337,50,3.33,11.489,Zone_D,100.0,highway,3.85,light,cloudy,33.6,15,52,3,50,4.26,1.0,3.15,101.68,3.1357,101.6989,284.95,36.29,19.0,1.65
ROUTE_01304,SCH_001,International School A,BUS_006,DRV_037,2024-03-21,2024,3,21,3,0,spring,7,37,1,15,194.159,50,3.33,12.944,Zone_E,100.0,highway,4.58,heavy,light_rain,25.3,14,35,7,50,2.47,1.0,3.15,101.68,3.2018,101.711,610.84,19.07,40.72,3.15
ROUTE_01305,SCH_003,Private School C,BUS_017,DRV_026,2024-06-11,2024,6,11,1,0,summer,7,21,1,12,128.797,50,4.17,10.733,Zone_A,100.0,residential,4.27,free_flow,cloudy,28.4,9,62,5,50,4.02,1.0,3.2,101.65,3.187,101.7015,499.39,15.47,41.62,3.88
ROUTE_01306,SCH_002,National School B,BUS_030,DRV_007,2024-11-09,2024,11,9,5,1,monsoon,6,37,1,14,133.003,50,3.57,9.5,Zone_B,100.0,highway,4.62,heavy,light_rain,28.1,2,39,2,50,2.39,1.0,3.12,101.7,3.2123,101.7325,484.81,16.46,34.63,3.65
ROUTE_01307,SCH_003,Private School C,BUS_013,DRV_040,2024-04-16,2024,4,16,1,0,spring,7,44,1,9,109.712,50,5.56,12.19,Zone_C,100.0,highway,4.1,free_flow,cloudy,27.3,18,25,11,50,3.8,1.0,3.2,101.65,3.1583,101.6977,172.34,38.2,19.15,1.57
ROUTE_01308,SCH_003,Private School C,BUS_028,DRV_002,2024-12-01,2024,12,1,6,1,winter,5,46,0,5,45.837,35,7.0,9.167,Zone_D,100.0,highway,2.51,free_flow,heavy_rain,26.5,14,63,5,50,2.81,0.7,3.2,101.65,3.1343,101.717,94.72,29.03,18.94,2.07
ROUTE_01309,SCH_001,International School A,BUS_019,DRV_017,2024-04-03,2024,4,3,2,0,spring,7,30,1,10,134.29,50,5.0,13.429,Zone_E,100.0,residential,3.2,light,cloudy,30.4,17,38,10,50,2.07,1.0,3.15,101.68,3.1787,101.6986,606.49,13.29,60.65,4.52
ROUTE_01310,SCH_001,International School A,BUS_013,DRV_040,2024-01-04,2024,1,4,3,0,winter,6,6,1,13,227.125,50,3.85,17.471,Zone_A,100.0,main_road,3.46,moderate,cloudy,27.4,22,44,3,50,2.72,1.0,3.15,101.68,3.1628,101.6871,711.85,19.14,54.76,3.13
ROUTE_01311,SCH_001,International School A,BUS_030,DRV_008,2024-12-21,2024,12,21,5,1,winter,6,18,1,10,143.028,50,5.0,14.303,Zone_B,100.0,main_road,4.57,moderate,cloudy,22.0,20,44,10,50,3.68,1.0,3.15,101.68,3.1885,101.713,441.75,19.43,44.17,3.09
ROUTE_01312,SCH_001,International School A,BUS_003,DRV_037,2024-03-29,2024,3,29,4,0,spring,7,37,1,12,165.35,50,4.17,13.779,Zone_C,100.0,main_road,4.38,free_flow,clear,32.8,1,61,0,50,4.51,1.0,3.15,101.68,3.194,101.709,413.25,24.01,34.44,2.5
ROUTE_01313,SCH_003,Private School C,BUS_008,DRV_017,2024-10-04,2024,10,4,4,0,monsoon,6,26,1,12,186.674,50,4.17,15.556,Zone_D,100.0,highway,3.97,moderate,heavy_rain,32.4,22,31,8,50,4.32,1.0,3.2,101.65,3.1682,101.6983,610.93,18.33,50.91,3.27
ROUTE_01314,SCH_002,National School B,BUS_019,DRV_028,2024-03-22,2024,3,22,4,0,spring,6,57,1,8,133.615,44,5.5,16.702,Zone_E,100.0,residential,4.26,heavy,clear,31.2,8,59,13,50,2.01,0.88,3.12,101.7,3.1676,101.6904,1131.88,7.08,141.48,8.47
ROUTE_01315,SCH_003,Private School C,BUS_023,DRV_034,2024-01-02,2024,1,2,1,0,winter,5,31,0,9,124.326,50,5.56,13.814,Zone_A,100.0,local_road,3.24,free_flow,light_rain,22.1,24,41,14,50,3.35,1.0,3.2,101.65,3.1543,101.6825,421.53,17.7,46.84,3.39
ROUTE_01316,SCH_003,Private School C,BUS_006,DRV_002,2024-04-28,2024,4,28,6,1,spring,5,26,0,12,162.098,50,4.17,13.508,Zone_B,100.0,main_road,4.09,moderate,cloudy,27.6,19,64,1,50,3.19,1.0,3.2,101.65,3.1515,101.7288,381.61,25.49,31.8,2.35
ROUTE_01317,SCH_001,International School A,BUS_008,DRV_009,2024-07-27,2024,7,27,5,1,summer,5,49,0,11,150.544,50,4.55,13.686,Zone_C,100.0,main_road,3.17,light,cloudy,32.0,2,30,11,50,4.59,1.0,3.15,101.68,3.2012,101.6773,365.08,24.74,33.19,2.43
ROUTE_01318,SCH_002,National School B,BUS_028,DRV_041,2024-04-07,2024,4,7,6,1,spring,6,36,1,5,75.669,29,5.8,15.134,Zone_D,100.0,local_road,3.52,free_flow,fog,30.9,12,62,14,50,2.23,0.58,3.12,101.7,3.213,101.6645,340.36,13.34,68.07,4.5
ROUTE_01319,SCH_003,Private School C,BUS_027,DRV_024,2024-03-27,2024,3,27,2,0,spring,5,34,0,15,162.999,50,3.33,10.867,Zone_E,100.0,local_road,4.26,free_flow,cloudy,25.1,13,37,7,50,2.14,1.0,3.2,101.65,3.2078,101.7004,429.55,22.77,28.64,2.64
ROUTE_01320,SCH_001,International School A,BUS_016,DRV_022,2024-12-27,2024,12,27,4,0,winter,6,25,1,11,113.378,50,4.55,10.307,Zone_A,100.0,local_road,2.73,light,light_rain,26.5,23,59,12,50,3.0,1.0,3.15,101.68,3.1744,101.702,583.97,11.65,53.09,5.15
ROUTE_01321,SCH_001,International School A,BUS_019,DRV_018,2024-05-08,2024,5,8,2,0,spring,6,49,1,9,130.75,50,5.56,14.528,Zone_B,100.0,main_road,3.09,heavy,clear,24.4,13,44,6,50,2.71,1.0,3.15,101.68,3.2046,101.7082,538.53,14.57,59.84,4.12
ROUTE_01322,SCH_002,National School B,BUS_015,DRV_019,2024-11-05,2024,11,5,1,0,monsoon,7,27,1,8,101.496,50,6.25,12.687,Zone_C,100.0,highway,3.61,free_flow,light_rain,32.3,3,46,7,50,4.74,1.0,3.12,101.7,3.1406,101.6751,225.42,27.02,28.18,2.22
ROUTE_01323,SCH_003,Private School C,BUS_012,DRV_037,2024-10-12,2024,10,12,5,1,monsoon,6,14,1,5,55.906,32,6.4,11.181,Zone_D,100.0,local_road,4.74,moderate,fog,28.0,13,32,1,50,3.63,0.64,3.2,101.65,3.1558,101.7068,321.25,10.44,64.25,5.75
ROUTE_01324,SCH_002,National School B,BUS_005,DRV_002,2024-04-21,2024,4,21,6,1,spring,6,27,1,17,269.487,50,2.94,15.852,Zone_E,100.0,local_road,4.96,light,cloudy,28.5,17,32,13,50,2.41,1.0,3.12,101.7,3.1537,101.7111,910.29,17.76,53.55,3.38
ROUTE_01325,SCH_002,National School B,BUS_028,DRV_035,2024-09-07,2024,9,7,5,1,monsoon,7,3,1,11,131.754,50,4.55,11.978,Zone_A,100.0,residential,3.13,congested,clear,24.8,7,61,2,50,2.14,1.0,3.12,101.7,3.2168,101.7211,1253.01,6.31,113.91,9.51
ROUTE_01326,SCH_002,National School B,BUS_017,DRV_031,2024-11-30,2024,11,30,5,1,monsoon,6,3,1,15,185.917,50,3.33,12.394,Zone_B,100.0,main_road,2.52,heavy,light_rain,28.9,8,64,10,50,3.31,1.0,3.12,101.7,3.1855,101.7087,1085.27,10.28,72.35,5.84
ROUTE_01327,SCH_003,Private School C,BUS_016,DRV_030,2024-07-24,2024,7,24,2,0,summer,6,38,1,15,184.125,50,3.33,12.275,Zone_C,100.0,main_road,4.99,moderate,clear,33.1,9,41,1,50,4.79,1.0,3.2,101.65,3.1716,101.6802,568.61,19.43,37.91,3.09
ROUTE_01328,SCH_001,International School A,BUS_019,DRV_043,2024-07-24,2024,7,24,2,0,summer,7,1,1,6,90.577,47,7.83,15.096,Zone_D,100.0,local_road,4.82,moderate,cloudy,33.2,24,62,2,50,2.65,0.94,3.15,101.68,3.1396,101.7191,438.24,12.4,73.04,4.84
ROUTE_01329,SCH_002,National School B,BUS_004,DRV_018,2024-12-06,2024,12,6,4,0,winter,7,17,1,16,198.298,50,3.12,12.394,Zone_E,100.0,local_road,5.0,heavy,cloudy,22.2,1,38,12,50,2.63,1.0,3.12,101.7,3.1765,101.6652,1616.94,7.36,101.06,8.15
ROUTE_01330,SCH_002,National School B,BUS_023,DRV_013,2024-10-29,2024,10,29,1,0,monsoon,5,37,0,9,142.173,50,5.56,15.797,Zone_A,100.0,highway,4.25,moderate,light_rain,31.4,7,55,13,50,2.37,1.0,3.12,101.7,3.205,101.6679,324.52,26.29,36.06,2.28
ROUTE_01331,SCH_003,Private School C,BUS_024,DRV_002,2024-05-12,2024,5,12,6,1,spring,7,11,1,19,194.776,50,2.63,10.251,Zone_B,100.0,main_road,4.01,heavy,cloudy,28.9,20,58,1,50,3.27,1.0,3.2,101.65,3.1751,101.6999,776.25,15.06,40.86,3.99
ROUTE_01332,SCH_003,Private School C,BUS_023,DRV_047,2024-04-22,2024,4,22,0,0,spring,7,22,1,19,242.006,50,2.63,12.737,Zone_C,100.0,highway,4.95,moderate,clear,30.1,6,62,5,50,2.9,1.0,3.2,101.65,3.1688,101.7185,561.96,25.84,29.58,2.32
ROUTE_01333,SCH_001,International School A,BUS_004,DRV_022,2024-04-01,2024,4,1,0,0,spring,5,4,0,7,95.497,41,5.86,13.642,Zone_D,100.0,main_road,4.91,light,clear,28.3,3,44,13,50,2.44,0.82,3.15,101.68,3.1816,101.7584,237.71,24.1,33.96,2.49
ROUTE_01334,SCH_001,International School A,BUS_021,DRV_046,2024-08-13,2024,8,13,1,0,summer,7,15,1,7,76.905,50,7.14,10.986,Zone_E,100.0,local_road,3.54,heavy,cloudy,32.7,23,61,8,50,5.0,1.0,3.15,101.68,3.223,101.7123,510.97,9.03,73.0,6.64
ROUTE_01335,SCH_002,National School B,BUS_009,DRV_027,2024-08-15,2024,8,15,3,0,summer,5,48,0,6,86.625,40,6.67,14.438,Zone_A,100.0,local_road,2.77,light,light_rain,35.4,15,59,10,50,2.53,0.8,3.12,101.7,3.1757,101.7193,321.14,16.18,53.52,3.71
ROUTE_01336,SCH_002,National School B,BUS_012,DRV_033,2024-08-07,2024,8,7,2,0,summer,6,54,1,8,130.261,50,6.25,16.283,Zone_B,100.0,residential,4.64,light,light_rain,37.4,22,26,5,50,4.31,1.0,3.12,101.7,3.1669,101.7069,609.6,12.82,76.2,4.68
ROUTE_01337,SCH_003,Private School C,BUS_020,DRV_029,2024-05-02,2024,5,2,3,0,spring,6,32,1,7,96.51,36,5.14,13.787,Zone_C,100.0,main_road,4.28,moderate,cloudy,26.6,2,25,8,50,2.47,0.72,3.2,101.65,3.1342,101.6706,388.06,14.92,55.44,4.02
ROUTE_01338,SCH_002,National School B,BUS_022,DRV_001,2024-03-17,2024,3,17,6,1,spring,5,13,0,16,213.211,50,3.12,13.326,Zone_D,100.0,main_road,4.92,light,clear,27.1,8,29,7,50,3.59,1.0,3.12,101.7,3.1525,101.7123,408.48,31.32,25.53,1.92
ROUTE_01339,SCH_003,Private School C,BUS_002,DRV_039,2024-01-21,2024,1,21,6,1,winter,7,14,1,18,197.997,50,2.78,11.0,Zone_E,100.0,main_road,4.28,heavy,clear,28.3,2,41,7,50,3.85,1.0,3.2,101.65,3.1387,101.7143,916.47,12.96,50.92,4.63
ROUTE_01340,SCH_002,National School B,BUS_001,DRV_014,2024-07-04,2024,7,4,3,0,summer,6,9,1,6,74.826,42,7.0,12.471,Zone_A,100.0,main_road,3.9,heavy,clear,37.5,9,31,10,50,3.17,0.84,3.12,101.7,3.1595,101.712,313.31,14.33,52.22,4.19
ROUTE_01341,SCH_003,Private School C,BUS_016,DRV_044,2024-11-29,2024,11,29,4,0,monsoon,7,24,1,13,145.645,50,3.85,11.203,Zone_B,100.0,local_road,4.8,heavy,storm,30.6,13,33,13,50,3.37,1.0,3.2,101.65,3.1332,101.6787,1803.72,4.84,138.75,12.38
ROUTE_01342,SCH_002,National School B,BUS_021,DRV_005,2024-10-12,2024,10,12,5,1,monsoon,6,6,1,19,285.189,50,2.63,15.01,Zone_C,100.0,residential,4.9,moderate,cloudy,26.8,18,29,13,50,4.24,1.0,3.12,101.7,3.1555,101.726,1734.05,9.87,91.27,6.08
ROUTE_01343,SCH_002,National School B,BUS_020,DRV_050,2024-03-01,2024,3,1,4,0,spring,5,9,0,6,52.257,41,6.83,8.71,Zone_D,100.0,local_road,4.78,free_flow,clear,25.9,23,44,13,50,2.28,0.82,3.12,101.7,3.1789,101.6915,153.85,20.38,25.64,2.94
ROUTE_01344,SCH_002,National School B,BUS_012,DRV_043,2024-07-07,2024,7,7,6,1,summer,6,47,1,7,117.559,44,6.29,16.794,Zone_E,100.0,local_road,3.51,light,storm,29.0,8,25,3,50,4.78,0.88,3.12,101.7,3.1793,101.7112,643.04,10.97,91.86,5.47
ROUTE_01345,SCH_001,International School A,BUS_028,DRV_029,2024-03-02,2024,3,2,5,1,spring,7,39,1,9,114.668,50,5.56,12.741,Zone_A,100.0,residential,4.54,moderate,clear,31.3,23,38,0,50,4.95,1.0,3.15,101.68,3.1892,101.7381,458.24,15.01,50.92,4.0
ROUTE_01346,SCH_002,National School B,BUS_021,DRV_006,2024-04-11,2024,4,11,3,0,spring,6,32,1,5,94.332,34,6.8,18.866,Zone_B,100.0,residential,4.76,heavy,clear,31.7,9,61,3,50,3.92,0.68,3.12,101.7,3.2138,101.7171,709.12,7.98,141.82,7.52
ROUTE_01347,SCH_002,National School B,BUS_002,DRV_027,2024-05-07,2024,5,7,1,0,spring,6,33,1,15,189.902,50,3.33,12.66,Zone_C,100.0,main_road,3.15,heavy,light_rain,24.5,4,51,5,50,2.03,1.0,3.12,101.7,3.1804,101.7125,1225.99,9.29,81.73,6.46
ROUTE_01348,SCH_001,International School A,BUS_020,DRV_014,2024-02-06,2024,2,6,1,0,winter,5,30,0,18,267.246,50,2.78,14.847,Zone_D,100.0,main_road,3.11,free_flow,clear,23.0,11,25,4,50,3.61,1.0,3.15,101.68,3.1812,101.704,508.66,31.52,28.26,1.9
ROUTE_01349,SCH_001,International School A,BUS_004,DRV_032,2024-07-02,2024,7,2,1,0,summer,5,27,0,7,64.155,50,7.14,9.165,Zone_E,100.0,residential,4.34,free_flow,light_rain,30.6,15,43,6,50,3.53,1.0,3.15,101.68,3.1918,101.7367,225.21,17.09,32.17,3.51
ROUTE_01350,SCH_002,National School B,BUS_007,DRV_036,2024-10-05,2024,10,5,5,1,monsoon,7,37,1,5,34.88,35,7.0,6.976,Zone_A,100.0,highway,3.09,light,light_rain,27.7,1,51,5,50,3.56,0.7,3.12,101.7,3.1071,101.7406,76.35,27.41,15.27,2.19
ROUTE_01351,SCH_003,Private School C,BUS_015,DRV_011,2024-09-20,2024,9,20,4,0,monsoon,7,55,1,7,92.843,36,5.14,13.263,Zone_B,100.0,main_road,3.9,free_flow,clear,29.5,16,57,10,50,3.08,0.72,3.2,101.65,3.1782,101.6989,229.08,24.32,32.73,2.47
ROUTE_01352,SCH_002,National School B,BUS_002,DRV_028,2024-09-22,2024,9,22,6,1,monsoon,6,17,1,14,181.592,50,3.57,12.971,Zone_C,100.0,main_road,2.96,light,clear,32.9,16,48,0,50,3.11,1.0,3.12,101.7,3.2136,101.6947,470.05,23.18,33.57,2.59
ROUTE_01353,SCH_003,Private School C,BUS_017,DRV_023,2024-02-19,2024,2,19,0,0,winter,6,45,1,15,161.746,50,3.33,10.783,Zone_D,100.0,highway,3.75,heavy,clear,26.3,19,25,4,50,2.89,1.0,3.2,101.65,3.1681,101.6943,495.92,19.57,33.06,3.07
ROUTE_01354,SCH_002,National School B,BUS_012,DRV_021,2024-12-12,2024,12,12,3,0,winter,5,4,0,19,204.364,50,2.63,10.756,Zone_E,100.0,local_road,3.25,moderate,heavy_rain,23.2,15,26,6,50,4.0,1.0,3.12,101.7,3.1897,101.7378,1194.08,10.27,62.85,5.84
ROUTE_01355,SCH_003,Private School C,BUS_004,DRV_029,2024-03-19,2024,3,19,1,0,spring,6,18,1,17,213.385,50,2.94,12.552,Zone_A,100.0,main_road,2.74,congested,clear,27.4,6,54,14,50,4.19,1.0,3.2,101.65,3.1625,101.7073,1183.34,10.82,69.61,5.55
ROUTE_01356,SCH_002,National School B,BUS_006,DRV_031,2024-03-06,2024,3,6,2,0,spring,5,57,0,10,102.115,50,5.0,10.211,Zone_B,100.0,main_road,3.26,free_flow,clear,31.8,2,26,0,50,2.51,1.0,3.12,101.7,3.1978,101.6792,196.68,31.15,19.67,1.93
ROUTE_01357,SCH_001,International School A,BUS_011,DRV_041,2024-09-23,2024,9,23,0,0,monsoon,6,7,1,19,239.305,50,2.63,12.595,Zone_C,100.0,main_road,4.07,free_flow,fog,31.1,7,60,7,50,2.22,1.0,3.15,101.68,3.1701,101.6875,915.49,15.68,48.18,3.83
ROUTE_01358,SCH_003,Private School C,BUS_023,DRV_050,2024-11-02,2024,11,2,5,1,monsoon,6,0,1,11,152.616,50,4.55,13.874,Zone_D,100.0,residential,2.58,moderate,storm,27.0,3,32,4,50,2.18,1.0,3.2,101.65,3.1774,101.7155,1773.85,5.16,161.26,11.62
ROUTE_01359,SCH_002,National School B,BUS_001,DRV_027,2024-09-22,2024,9,22,6,1,monsoon,6,12,1,17,216.832,50,2.94,12.755,Zone_E,100.0,highway,4.95,light,cloudy,27.9,10,38,13,50,3.21,1.0,3.12,101.7,3.18,101.6752,374.11,34.78,22.01,1.73
ROUTE_01360,SCH_002,National School B,BUS_022,DRV_027,2024-05-23,2024,5,23,3,0,spring,6,33,1,6,58.715,43,7.17,9.786,Zone_A,100.0,highway,4.92,moderate,clear,28.4,16,64,0,50,2.95,0.86,3.12,101.7,3.1537,101.7359,110.97,31.75,18.5,1.89
ROUTE_01361,SCH_001,International School A,BUS_019,DRV_045,2024-08-10,2024,8,10,5,1,summer,6,32,1,19,211.225,50,2.63,11.117,Zone_B,100.0,local_road,2.86,heavy,cloudy,28.9,19,52,8,50,4.79,1.0,3.15,101.68,3.19,101.6987,1257.1,10.08,66.16,5.95
ROUTE_01362,SCH_003,Private School C,BUS_029,DRV_029,2024-05-16,2024,5,16,3,0,spring,7,27,1,7,94.222,50,7.14,13.46,Zone_C,100.0,main_road,4.14,moderate,storm,30.4,9,59,5,50,4.13,1.0,3.2,101.65,3.1932,101.6989,593.4,9.53,84.77,6.3
ROUTE_01363,SCH_003,Private School C,BUS_025,DRV_006,2024-10-16,2024,10,16,2,0,monsoon,6,45,1,17,190.294,50,2.94,11.194,Zone_D,100.0,main_road,3.89,light,fog,30.3,6,50,8,50,3.92,1.0,3.2,101.65,3.1887,101.7096,751.45,15.19,44.2,3.95
ROUTE_01364,SCH_003,Private School C,BUS_026,DRV_026,2024-07-15,2024,7,15,0,0,summer,6,18,1,12,122.21,50,4.17,10.184,Zone_E,100.0,highway,4.06,free_flow,cloudy,36.0,1,25,7,50,3.77,1.0,3.2,101.65,3.1792,101.6826,196.04,37.4,16.34,1.6
ROUTE_01365,SCH_001,International School A,BUS_026,DRV_034,2024-04-20,2024,4,20,5,1,spring,6,16,1,10,109.723,50,5.0,10.972,Zone_A,100.0,main_road,3.94,congested,cloudy,31.4,23,64,6,50,2.84,1.0,3.15,101.68,3.1724,101.695,545.3,12.07,54.53,4.97
ROUTE_01366,SCH_003,Private School C,BUS_015,DRV_027,2024-09-09,2024,9,9,0,0,monsoon,6,24,1,8,92.814,50,6.25,11.602,Zone_B,100.0,local_road,3.91,congested,light_rain,24.3,15,52,12,50,4.37,1.0,3.2,101.65,3.147,101.6854,963.07,5.78,120.38,10.38
ROUTE_01367,SCH_003,Private School C,BUS_022,DRV_012,2024-10-20,2024,10,20,6,1,monsoon,7,35,1,5,53.372,35,7.0,10.674,Zone_C,100.0,main_road,3.13,heavy,clear,28.4,7,47,6,50,4.13,0.7,3.2,101.65,3.1922,101.7097,255.67,12.53,51.13,4.79
ROUTE_01368,SCH_002,National School B,BUS_017,DRV_012,2024-11-29,2024,11,29,4,0,monsoon,6,5,1,6,75.621,50,8.33,12.604,Zone_D,100.0,main_road,3.53,moderate,light_rain,29.4,18,55,7,50,2.45,1.0,3.12,101.7,3.202,101.6692,327.21,13.87,54.54,4.33
ROUTE_01369,SCH_002,National School B,BUS_023,DRV_022,2024-01-16,2024,1,16,1,0,winter,6,41,1,7,96.104,47,6.71,13.729,Zone_E,100.0,highway,2.62,free_flow,cloudy,25.3,4,44,8,50,2.63,0.94,3.12,101.7,3.1546,101.7099,175.14,32.92,25.02,1.82
ROUTE_01370,SCH_001,International School A,BUS_017,DRV_030,2024-02-11,2024,2,11,6,1,winter,6,22,1,9,106.972,50,5.56,11.886,Zone_A,100.0,main_road,3.75,heavy,clear,25.6,16,48,8,50,2.52,1.0,3.15,101.68,3.2243,101.7243,434.58,14.77,48.29,4.06
ROUTE_01371,SCH_003,Private School C,BUS_001,DRV_011,2024-10-25,2024,10,25,4,0,monsoon,7,39,1,9,124.882,50,5.56,13.876,Zone_B,100.0,main_road,4.16,heavy,light_rain,29.4,10,57,4,50,4.01,1.0,3.2,101.65,3.2036,101.7018,725.1,10.33,80.57,5.81
ROUTE_01372,SCH_002,National School B,BUS_030,DRV_047,2024-05-28,2024,5,28,1,0,spring,7,7,1,5,54.113,42,8.4,10.823,Zone_C,100.0,local_road,4.74,congested,cloudy,25.8,11,50,6,50,2.9,0.84,3.12,101.7,3.1265,101.7062,484.81,6.7,96.96,8.96
ROUTE_01373,SCH_001,International School A,BUS_006,DRV_018,2024-09-21,2024,9,21,5,1,monsoon,5,18,0,12,163.043,50,4.17,13.587,Zone_D,100.0,main_road,4.55,light,heavy_rain,32.7,5,55,2,50,2.67,1.0,3.15,101.68,3.1645,101.6999,562.5,17.39,46.87,3.45
ROUTE_01374,SCH_003,Private School C,BUS_027,DRV_012,2024-03-09,2024,3,9,5,1,spring,7,45,1,16,200.98,50,3.12,12.561,Zone_E,100.0,highway,4.9,heavy,clear,27.7,4,46,1,50,4.09,1.0,3.2,101.65,3.1588,101.7151,516.25,23.36,32.27,2.57
ROUTE_01375,SCH_001,International School A,BUS_021,DRV_031,2024-09-07,2024,9,7,5,1,monsoon,7,43,1,10,108.642,50,5.0,10.864,Zone_A,100.0,main_road,3.44,light,clear,28.8,11,49,1,50,4.95,1.0,3.15,101.68,3.1509,101.6847,225.66,28.89,22.57,2.08
ROUTE_01376,SCH_003,Private School C,BUS_011,DRV_035,2024-01-22,2024,1,22,0,0,winter,5,30,0,17,171.131,50,2.94,10.067,Zone_B,100.0,local_road,2.95,free_flow,cloudy,25.0,10,58,5,50,4.12,1.0,3.2,101.65,3.1945,101.7046,554.84,18.51,32.64,3.24
ROUTE_01377,SCH_002,National School B,BUS_029,DRV_008,2024-05-14,2024,5,14,1,0,spring,5,47,0,5,63.992,38,7.6,12.798,Zone_C,100.0,local_road,3.95,free_flow,clear,32.2,1,33,1,50,2.94,0.76,3.12,101.7,3.2251,101.6578,203.33,18.88,40.67,3.18
ROUTE_01378,SCH_003,Private School C,BUS_010,DRV_004,2024-05-10,2024,5,10,4,0,spring,6,52,1,18,247.705,50,2.78,13.761,Zone_D,100.0,main_road,2.6,moderate,clear,30.6,24,61,9,50,4.46,1.0,3.2,101.65,3.1767,101.7122,835.05,17.8,46.39,3.37
ROUTE_01379,SCH_003,Private School C,BUS_014,DRV_049,2024-09-21,2024,9,21,5,1,monsoon,5,54,0,19,268.593,50,2.63,14.136,Zone_E,100.0,residential,3.45,light,clear,32.5,19,44,7,50,2.27,1.0,3.2,101.65,3.1594,101.7195,930.47,17.32,48.97,3.46
ROUTE_01380,SCH_003,Private School C,BUS_007,DRV_049,2024-04-08,2024,4,8,0,0,spring,7,0,1,14,189.389,50,3.57,13.528,Zone_A,100.0,local_road,2.91,moderate,light_rain,27.3,16,61,2,50,4.84,1.0,3.2,101.65,3.1706,101.7118,955.66,11.89,68.26,5.05
ROUTE_01381,SCH_003,Private School C,BUS_021,DRV_009,2024-06-24,2024,6,24,0,0,summer,7,18,1,10,128.594,50,5.0,12.859,Zone_B,100.0,local_road,4.17,moderate,clear,35.5,18,56,2,50,4.65,1.0,3.2,101.65,3.157,101.7286,554.26,13.92,55.43,4.31
ROUTE_01382,SCH_001,International School A,BUS_009,DRV_049,2024-12-29,2024,12,29,6,1,winter,6,7,1,12,127.076,50,4.17,10.59,Zone_C,100.0,main_road,4.57,heavy,clear,25.8,14,63,11,50,4.16,1.0,3.15,101.68,3.1774,101.6745,626.56,12.17,52.21,4.93
ROUTE_01383,SCH_003,Private School C,BUS_015,DRV_008,2024-12-27,2024,12,27,4,0,winter,6,43,1,11,137.735,50,4.55,12.521,Zone_D,100.0,highway,3.96,congested,cloudy,22.8,7,25,10,50,2.58,1.0,3.2,101.65,3.2041,101.6924,612.58,13.49,55.69,4.45
ROUTE_01384,SCH_001,International School A,BUS_013,DRV_034,2024-06-16,2024,6,16,6,1,summer,5,57,0,17,230.966,50,2.94,13.586,Zone_E,100.0,local_road,4.27,light,clear,32.6,8,56,3,50,3.73,1.0,3.15,101.68,3.1878,101.6988,632.76,21.9,37.22,2.74
ROUTE_01385,SCH_003,Private School C,BUS_014,DRV_043,2024-06-27,2024,6,27,3,0,summer,5,9,0,13,163.671,50,3.85,12.59,Zone_A,100.0,local_road,4.75,moderate,clear,30.1,6,45,0,50,2.85,1.0,3.2,101.65,3.2052,101.709,550.9,17.83,42.38,3.37
ROUTE_01386,SCH_003,Private School C,BUS_024,DRV_027,2024-10-12,2024,10,12,5,1,monsoon,6,45,1,8,94.863,50,6.25,11.858,Zone_B,100.0,local_road,3.43,heavy,cloudy,31.5,13,60,10,50,4.97,1.0,3.2,101.65,3.1522,101.6897,646.36,8.81,80.79,6.81
ROUTE_01387,SCH_001,International School A,BUS_014,DRV_030,2024-06-22,2024,6,22,5,1,summer,7,41,1,7,107.96,46,6.57,15.423,Zone_C,100.0,main_road,4.74,free_flow,clear,28.4,10,25,5,50,2.71,0.92,3.15,101.68,3.1147,101.7019,219.91,29.46,31.42,2.04
ROUTE_01388,SCH_002,National School B,BUS_016,DRV_041,2024-11-01,2024,11,1,4,0,monsoon,7,17,1,19,215.785,50,2.63,11.357,Zone_D,100.0,highway,3.8,light,fog,28.8,12,50,3,50,4.75,1.0,3.12,101.7,3.1814,101.6902,510.21,25.38,26.85,2.36
ROUTE_01389,SCH_002,National School B,BUS_029,DRV_007,2024-11-20,2024,11,20,2,0,monsoon,6,56,1,6,80.241,50,8.33,13.373,Zone_E,100.0,local_road,4.44,moderate,clear,29.0,16,50,2,50,3.35,1.0,3.12,101.7,3.1808,101.7386,361.47,13.32,60.25,4.5
ROUTE_01390,SCH_001,International School A,BUS_028,DRV_030,2024-11-18,2024,11,18,0,0,monsoon,7,51,1,18,233.55,50,2.78,12.975,Zone_A,100.0,residential,4.36,heavy,clear,26.8,24,33,2,50,4.4,1.0,3.15,101.68,3.1646,101.6929,1622.51,8.64,90.14,6.95
ROUTE_01391,SCH_003,Private School C,BUS_019,DRV_021,2024-03-29,2024,3,29,4,0,spring,6,2,1,14,212.553,50,3.57,15.182,Zone_B,100.0,main_road,4.66,moderate,clear,29.0,18,41,14,50,4.44,1.0,3.2,101.65,3.1558,101.7041,635.2,20.08,45.37,2.99
ROUTE_01392,SCH_002,National School B,BUS_002,DRV_031,2024-12-07,2024,12,7,5,1,winter,7,45,1,17,214.638,50,2.94,12.626,Zone_C,100.0,highway,4.24,light,clear,24.1,16,61,9,50,2.22,1.0,3.12,101.7,3.1747,101.7093,402.74,31.98,23.69,1.88
ROUTE_01393,SCH_003,Private School C,BUS_001,DRV_036,2024-09-16,2024,9,16,0,0,monsoon,6,7,1,11,174.246,50,4.55,15.841,Zone_D,100.0,highway,2.95,heavy,cloudy,24.8,19,43,12,50,4.73,1.0,3.2,101.65,3.1812,101.7138,576.62,18.13,52.42,3.31
ROUTE_01394,SCH_001,International School A,BUS_019,DRV_014,2024-01-18,2024,1,18,3,0,winter,6,19,1,9,122.638,50,5.56,13.626,Zone_E,100.0,local_road,4.56,moderate,cloudy,27.2,7,45,12,50,2.15,1.0,3.15,101.68,3.141,101.6931,683.8,10.76,75.98,5.58
ROUTE_01395,SCH_001,International School A,BUS_013,DRV_009,2024-04-21,2024,4,21,6,1,spring,7,19,1,18,226.777,50,2.78,12.599,Zone_A,100.0,residential,2.83,moderate,light_rain,29.6,11,33,12,50,3.35,1.0,3.15,101.68,3.1515,101.6939,1303.02,10.44,72.39,5.75
ROUTE_01396,SCH_002,National School B,BUS_012,DRV_022,2024-09-17,2024,9,17,1,0,monsoon,5,59,0,10,124.917,50,5.0,12.492,Zone_B,100.0,highway,3.3,light,fog,30.7,7,63,4,50,2.24,1.0,3.12,101.7,3.1922,101.676,270.5,27.71,27.05,2.17
ROUTE_01397,SCH_002,National School B,BUS_028,DRV_034,2024-06-30,2024,6,30,6,1,summer,7,23,1,19,222.964,50,2.63,11.735,Zone_C,100.0,residential,4.83,light,cloudy,31.3,20,32,4,50,3.05,1.0,3.12,101.7,3.1606,101.7034,925.99,14.45,48.74,4.15
ROUTE_01398,SCH_003,Private School C,BUS_030,DRV_018,2024-07-12,2024,7,12,4,0,summer,6,32,1,9,110.11,50,5.56,12.234,Zone_D,100.0,local_road,4.92,moderate,cloudy,32.0,5,58,9,50,4.33,1.0,3.2,101.65,3.1338,101.6897,647.83,10.2,71.98,5.88
ROUTE_01399,SCH_002,National School B,BUS_004,DRV_029,2024-09-24,2024,9,24,1,0,monsoon,7,9,1,14,180.344,50,3.57,12.882,Zone_E,100.0,local_road,4.0,free_flow,clear,29.9,12,29,7,50,4.7,1.0,3.12,101.7,3.1825,101.6752,566.94,19.09,40.5,3.14
ROUTE_01400,SCH_001,International School A,BUS_019,DRV_043,2024-07-06,2024,7,6,5,1,summer,5,31,0,9,156.884,50,5.56,17.432,Zone_A,100.0,main_road,2.67,heavy,light_rain,34.0,1,58,1,50,2.29,1.0,3.15,101.68,3.137,101.7109,661.44,14.23,73.49,4.22
ROUTE_01401,SCH_001,International School A,BUS_022,DRV_016,2024-05-06,2024,5,6,0,0,spring,6,47,1,6,110.526,38,6.33,18.421,Zone_B,100.0,residential,3.66,heavy,clear,27.1,9,38,0,50,3.15,0.76,3.15,101.68,3.1525,101.7043,784.77,8.45,130.79,7.1
ROUTE_01402,SCH_001,International School A,BUS_012,DRV_007,2024-05-21,2024,5,21,1,0,spring,6,23,1,7,94.239,50,7.14,13.463,Zone_C,100.0,highway,3.38,heavy,heavy_rain,25.6,3,43,8,50,3.45,1.0,3.15,101.68,3.2275,101.7013,491.27,11.51,70.18,5.21
ROUTE_01403,SCH_003,Private School C,BUS_016,DRV_032,2024-04-22,2024,4,22,0,0,spring,7,28,1,15,158.653,50,3.33,10.577,Zone_D,100.0,main_road,2.51,moderate,cloudy,28.5,1,48,14,50,3.68,1.0,3.2,101.65,3.1585,101.7063,663.94,14.34,44.26,4.18
ROUTE_01404,SCH_002,National School B,BUS_014,DRV_045,2024-10-26,2024,10,26,5,1,monsoon,7,59,1,9,104.691,46,5.11,11.632,Zone_E,100.0,highway,3.81,heavy,heavy_rain,24.5,15,50,10,50,3.46,0.92,3.12,101.7,3.1947,101.6992,433.01,14.51,48.11,4.14
ROUTE_01405,SCH_003,Private School C,BUS_026,DRV_001,2024-03-05,2024,3,5,1,0,spring,6,48,1,19,282.853,50,2.63,14.887,Zone_A,100.0,highway,2.69,light,clear,25.5,16,63,4,50,2.72,1.0,3.2,101.65,3.1585,101.6906,440.76,38.5,23.2,1.56
ROUTE_01406,SCH_003,Private School C,BUS_026,DRV_018,2024-11-12,2024,11,12,1,0,monsoon,6,6,1,14,184.8,50,3.57,13.2,Zone_B,100.0,highway,3.34,light,light_rain,25.4,7,55,10,50,3.29,1.0,3.2,101.65,3.1882,101.6796,418.38,26.5,29.88,2.26
ROUTE_01407,SCH_002,National School B,BUS_020,DRV_026,2024-09-04,2024,9,4,2,0,monsoon,6,43,1,8,96.93,50,6.25,12.116,Zone_C,100.0,local_road,2.55,moderate,clear,24.1,12,46,10,50,2.26,1.0,3.12,101.7,3.1747,101.6889,564.93,10.29,70.62,5.83
ROUTE_01408,SCH_001,International School A,BUS_029,DRV_036,2024-05-27,2024,5,27,0,0,spring,6,44,1,9,117.486,50,5.56,13.054,Zone_D,100.0,highway,4.05,heavy,clear,26.8,5,47,11,50,4.86,1.0,3.15,101.68,3.1756,101.686,393.51,17.91,43.72,3.35
ROUTE_01409,SCH_002,National School B,BUS_013,DRV_007,2024-07-19,2024,7,19,4,0,summer,6,31,1,16,242.237,50,3.12,15.14,Zone_E,100.0,local_road,4.68,moderate,clear,31.4,12,56,0,50,3.04,1.0,3.12,101.7,3.1512,101.6865,1024.11,14.19,64.01,4.23
ROUTE_01410,SCH_002,National School B,BUS_030,DRV_006,2024-01-01,2024,1,1,0,0,winter,6,40,1,6,71.867,49,8.17,11.978,Zone_A,100.0,residential,4.23,heavy,clear,29.6,1,55,8,50,4.19,0.98,3.12,101.7,3.1651,101.7161,625.17,6.9,104.2,8.7
ROUTE_01411,SCH_002,National School B,BUS_015,DRV_038,2024-03-02,2024,3,2,5,1,spring,6,58,1,8,117.959,50,6.25,14.745,Zone_B,100.0,local_road,3.54,moderate,clear,28.4,12,54,9,50,3.8,1.0,3.12,101.7,3.1845,101.6791,489.39,14.46,61.17,4.15
ROUTE_01412,SCH_003,Private School C,BUS_025,DRV_013,2024-06-03,2024,6,3,0,0,summer,6,3,1,7,96.998,50,7.14,13.857,Zone_C,100.0,local_road,3.99,congested,clear,37.7,5,46,0,50,4.8,1.0,3.2,101.65,3.1921,101.6728,859.19,6.77,122.74,8.86
ROUTE_01413,SCH_002,National School B,BUS_017,DRV_028,2024-08-24,2024,8,24,5,1,summer,7,6,1,10,120.48,50,5.0,12.048,Zone_D,100.0,local_road,3.24,moderate,heavy_rain,34.7,2,40,0,50,3.31,1.0,3.12,101.7,3.1728,101.6982,823.33,8.78,82.33,6.83
ROUTE_01414,SCH_001,International School A,BUS_023,DRV_016,2024-04-14,2024,4,14,6,1,spring,6,27,1,6,58.188,43,7.17,9.698,Zone_E,100.0,main_road,4.07,congested,cloudy,28.5,16,63,6,50,4.5,0.86,3.15,101.68,3.2111,101.6596,289.85,12.05,48.31,4.98
ROUTE_01415,SCH_002,National School B,BUS_023,DRV_004,2024-08-13,2024,8,13,1,0,summer,7,46,1,5,63.686,41,8.2,12.737,Zone_A,100.0,main_road,3.56,moderate,heavy_rain,28.0,20,56,13,50,3.54,0.82,3.12,101.7,3.1301,101.6868,304.95,12.53,60.99,4.79
ROUTE_01416,SCH_001,International School A,BUS_017,DRV_036,2024-05-05,2024,5,5,6,1,spring,7,42,1,18,220.087,50,2.78,12.227,Zone_B,100.0,main_road,4.05,moderate,clear,26.9,11,55,3,50,2.3,1.0,3.15,101.68,3.1519,101.6937,588.78,22.43,32.71,2.68
ROUTE_01417,SCH_001,International School A,BUS_013,DRV_003,2024-05-09,2024,5,9,3,0,spring,6,35,1,9,134.251,50,5.56,14.917,Zone_C,100.0,main_road,3.09,light,clear,28.6,24,42,4,50,2.9,1.0,3.15,101.68,3.1753,101.6907,340.68,23.64,37.85,2.54
ROUTE_01418,SCH_001,International School A,BUS_017,DRV_026,2024-09-27,2024,9,27,4,0,monsoon,7,47,1,5,57.432,37,7.4,11.486,Zone_D,100.0,highway,2.91,light,light_rain,28.1,2,49,7,50,3.8,0.74,3.15,101.68,3.1996,101.6901,146.73,23.48,29.35,2.55
ROUTE_01419,SCH_003,Private School C,BUS_005,DRV_030,2024-08-15,2024,8,15,3,0,summer,7,16,1,6,89.739,44,7.33,14.957,Zone_E,100.0,main_road,4.21,light,clear,37.7,2,31,8,50,4.13,0.88,3.2,101.65,3.1477,101.7215,236.75,22.74,39.46,2.64
ROUTE_01420,SCH_003,Private School C,BUS_015,DRV_049,2024-12-12,2024,12,12,3,0,winter,6,46,1,11,179.904,50,4.55,16.355,Zone_A,100.0,main_road,4.35,free_flow,cloudy,23.8,6,58,1,50,4.17,1.0,3.2,101.65,3.1767,101.6867,416.98,25.89,37.91,2.32
ROUTE_01421,SCH_003,Private School C,BUS_029,DRV_039,2024-11-19,2024,11,19,1,0,monsoon,6,2,1,13,140.976,50,3.85,10.844,Zone_B,100.0,local_road,4.73,light,storm,24.7,23,33,1,50,3.29,1.0,3.2,101.65,3.1598,101.6788,898.25,9.42,69.1,6.37
ROUTE_01422,SCH_002,National School B,BUS_021,DRV_030,2024-10-15,2024,10,15,1,0,monsoon,6,30,1,19,255.288,50,2.63,13.436,Zone_C,100.0,main_road,2.6,moderate,cloudy,31.0,20,38,9,50,2.87,1.0,3.12,101.7,3.1507,101.6843,1003.96,15.26,52.84,3.93
ROUTE_01423,SCH_003,Private School C,BUS_001,DRV_049,2024-11-01,2024,11,1,4,0,monsoon,6,5,1,9,121.387,50,5.56,13.487,Zone_D,100.0,local_road,4.85,heavy,cloudy,29.5,23,30,3,50,4.25,1.0,3.2,101.65,3.1975,101.707,818.37,8.9,90.93,6.74
ROUTE_01424,SCH_002,National School B,BUS_020,DRV_012,2024-12-01,2024,12,1,6,1,winter,7,18,1,17,189.085,50,2.94,11.123,Zone_E,100.0,highway,4.7,moderate,clear,24.8,9,59,5,50,3.21,1.0,3.12,101.7,3.1911,101.6781,396.93,28.58,23.35,2.1
ROUTE_01425,SCH_001,International School A,BUS_023,DRV_023,2024-06-29,2024,6,29,5,1,summer,7,33,1,13,215.816,50,3.85,16.601,Zone_A,100.0,local_road,3.6,free_flow,clear,34.0,5,59,8,50,3.4,1.0,3.15,101.68,3.1842,101.6836,696.82,18.58,53.6,3.23
ROUTE_01426,SCH_002,National School B,BUS_021,DRV_010,2024-12-30,2024,12,30,0,0,winter,6,8,1,11,138.063,50,4.55,12.551,Zone_B,100.0,main_road,3.98,heavy,cloudy,23.0,9,39,8,50,3.57,1.0,3.12,101.7,3.1804,101.6914,684.55,12.1,62.23,4.96
ROUTE_01427,SCH_001,International School A,BUS_025,DRV_041,2024-03-25,2024,3,25,0,0,spring,7,48,1,14,197.885,50,3.57,14.135,Zone_C,100.0,residential,2.55,heavy,clear,31.2,11,48,13,50,3.94,1.0,3.15,101.68,3.1844,101.6833,1699.1,6.99,121.36,8.59
ROUTE_01428,SCH_002,National School B,BUS_012,DRV_013,2024-09-25,2024,9,25,2,0,monsoon,7,51,1,16,227.168,50,3.12,14.198,Zone_D,100.0,local_road,4.9,heavy,cloudy,31.3,1,29,12,50,3.93,1.0,3.12,101.7,3.1771,101.693,1934.55,7.05,120.91,8.52
ROUTE_01429,SCH_003,Private School C,BUS_011,DRV_008,2024-11-01,2024,11,1,4,0,monsoon,7,5,1,5,72.097,35,7.0,14.419,Zone_E,100.0,residential,4.64,heavy,storm,28.9,16,29,7,50,2.4,0.7,3.2,101.65,3.1737,101.6952,1011.45,4.28,202.29,14.03
ROUTE_01430,SCH_001,International School A,BUS_020,DRV_012,2024-05-25,2024,5,25,5,1,spring,6,31,1,11,131.814,50,4.55,11.983,Zone_A,100.0,highway,4.41,moderate,clear,26.3,13,40,6,50,3.45,1.0,3.15,101.68,3.1499,101.6935,216.23,36.58,19.66,1.64
ROUTE_01431,SCH_002,National School B,BUS_014,DRV_024,2024-09-12,2024,9,12,3,0,monsoon,6,7,1,11,149.4,50,4.55,13.582,Zone_B,100.0,local_road,4.78,light,cloudy,30.5,20,39,14,50,4.31,1.0,3.12,101.7,3.19,101.711,609.7,14.7,55.43,4.08
ROUTE_01432,SCH_002,National School B,BUS_016,DRV_011,2024-11-15,2024,11,15,4,0,monsoon,7,28,1,10,136.171,50,5.0,13.617,Zone_C,100.0,local_road,4.93,moderate,cloudy,27.2,7,42,11,50,2.16,1.0,3.12,101.7,3.1604,101.6948,819.44,9.97,81.94,6.02
ROUTE_01433,SCH_003,Private School C,BUS_009,DRV_007,2024-04-04,2024,4,4,3,0,spring,7,48,1,6,59.557,42,7.0,9.926,Zone_D,100.0,main_road,3.19,moderate,cloudy,26.7,19,26,12,50,3.74,0.84,3.2,101.65,3.1937,101.7103,208.4,17.15,34.73,3.5
ROUTE_01434,SCH_003,Private School C,BUS_029,DRV_035,2024-12-01,2024,12,1,6,1,winter,7,45,1,11,155.34,50,4.55,14.122,Zone_E,100.0,local_road,4.25,heavy,light_rain,22.2,14,47,13,50,3.18,1.0,3.2,101.65,3.1652,101.6934,1190.22,7.83,108.2,7.66
ROUTE_01435,SCH_003,Private School C,BUS_023,DRV_035,2024-01-18,2024,1,18,3,0,winter,7,31,1,6,85.534,48,8.0,14.256,Zone_A,100.0,main_road,4.99,congested,clear,26.6,24,53,7,50,3.51,0.96,3.2,101.65,3.1318,101.7002,447.83,11.46,74.64,5.24
ROUTE_01436,SCH_002,National School B,BUS_030,DRV_001,2024-03-16,2024,3,16,5,1,spring,5,13,0,15,231.177,50,3.33,15.412,Zone_B,100.0,main_road,4.11,free_flow,clear,30.7,13,40,2,50,3.15,1.0,3.12,101.7,3.1592,101.7009,333.37,41.61,22.22,1.44
ROUTE_01437,SCH_003,Private School C,BUS_001,DRV_011,2024-05-11,2024,5,11,5,1,spring,5,11,0,15,135.454,50,3.33,9.03,Zone_C,100.0,main_road,2.67,light,cloudy,25.8,18,32,8,50,4.67,1.0,3.2,101.65,3.1829,101.7193,297.1,27.36,19.81,2.19
ROUTE_01438,SCH_002,National School B,BUS_019,DRV_001,2024-01-17,2024,1,17,2,0,winter,7,57,1,8,82.344,50,6.25,10.293,Zone_D,100.0,main_road,3.5,moderate,clear,23.9,19,46,4,50,4.43,1.0,3.12,101.7,3.1683,101.7064,275.49,17.93,34.44,3.35
ROUTE_01439,SCH_003,Private School C,BUS_024,DRV_038,2024-06-16,2024,6,16,6,1,summer,6,19,1,19,266.911,50,2.63,14.048,Zone_E,100.0,local_road,2.7,free_flow,cloudy,36.5,24,46,5,50,4.74,1.0,3.2,101.65,3.1601,101.6849,748.01,21.41,39.37,2.8
ROUTE_01440,SCH_002,National School B,BUS_019,DRV_032,2024-06-26,2024,6,26,2,0,summer,5,56,0,18,214.009,50,2.78,11.889,Zone_A,100.0,main_road,4.82,light,clear,32.1,4,43,7,50,3.45,1.0,3.12,101.7,3.1594,101.7114,448.54,28.63,24.92,2.1
ROUTE_01441,SCH_001,International School A,BUS_006,DRV_002,2024-04-23,2024,4,23,1,0,spring,7,4,1,9,107.927,50,5.56,11.992,Zone_B,100.0,local_road,4.01,congested,clear,25.1,1,40,10,50,3.83,1.0,3.15,101.68,3.1622,101.6865,953.23,6.79,105.91,8.83
ROUTE_01442,SCH_003,Private School C,BUS_023,DRV_024,2024-03-24,2024,3,24,6,1,spring,6,41,1,5,77.677,43,8.6,15.535,Zone_C,100.0,local_road,3.47,moderate,clear,30.8,1,50,5,50,2.84,0.86,3.2,101.65,3.1905,101.6969,400.27,11.64,80.05,5.15
ROUTE_01443,SCH_001,International School A,BUS_005,DRV_037,2024-05-07,2024,5,7,1,0,spring,6,17,1,14,176.452,50,3.57,12.604,Zone_D,100.0,highway,4.77,moderate,light_rain,25.6,16,55,2,50,3.07,1.0,3.15,101.68,3.1912,101.7109,414.49,25.54,29.61,2.35
ROUTE_01444,SCH_002,National School B,BUS_012,DRV_018,2024-02-16,2024,2,16,4,0,winter,6,10,1,13,158.068,50,3.85,12.159,Zone_E,100.0,local_road,4.18,moderate,light_rain,25.0,24,62,10,50,3.51,1.0,3.12,101.7,3.1523,101.6846,970.86,9.77,74.68,6.14
ROUTE_01445,SCH_001,International School A,BUS_009,DRV_050,2024-07-17,2024,7,17,2,0,summer,6,36,1,11,129.473,50,4.55,11.77,Zone_A,100.0,main_road,4.66,heavy,cloudy,31.0,16,61,10,50,2.15,1.0,3.15,101.68,3.1596,101.7055,580.4,13.38,52.76,4.48
ROUTE_01446,SCH_003,Private School C,BUS_026,DRV_039,2024-01-08,2024,1,8,0,0,winter,6,13,1,14,164.394,50,3.57,11.742,Zone_B,100.0,local_road,3.45,congested,light_rain,27.1,7,29,1,50,3.62,1.0,3.2,101.65,3.1915,101.6909,1625.99,6.07,116.14,9.89
ROUTE_01447,SCH_003,Private School C,BUS_012,DRV_046,2024-07-17,2024,7,17,2,0,summer,6,14,1,8,105.013,50,6.25,13.127,Zone_C,100.0,main_road,4.78,heavy,heavy_rain,35.6,8,42,1,50,4.98,1.0,3.2,101.65,3.1469,101.7132,662.64,9.51,82.83,6.31
ROUTE_01448,SCH_002,National School B,BUS_016,DRV_041,2024-10-24,2024,10,24,3,0,monsoon,6,39,1,9,83.726,50,5.56,9.303,Zone_D,100.0,main_road,4.95,heavy,light_rain,30.3,14,37,4,50,2.86,1.0,3.12,101.7,3.232,101.7195,474.21,10.59,52.69,5.66
ROUTE_01449,SCH_003,Private School C,BUS_023,DRV_011,2024-07-03,2024,7,3,2,0,summer,6,1,1,5,85.658,37,7.4,17.132,Zone_E,100.0,local_road,4.87,moderate,clear,33.3,21,48,7,50,2.73,0.74,3.2,101.65,3.167,101.7143,366.35,14.03,73.27,4.28
ROUTE_01450,SCH_001,International School A,BUS_020,DRV_046,2024-10-11,2024,10,11,4,0,monsoon,5,15,0,14,171.093,50,3.57,12.221,Zone_A,100.0,highway,3.78,light,cloudy,31.5,4,47,2,50,4.79,1.0,3.15,101.68,3.2156,101.7004,268.47,38.24,19.18,1.57
ROUTE_01451,SCH_003,Private School C,BUS_011,DRV_037,2024-12-30,2024,12,30,0,0,winter,7,42,1,18,279.251,50,2.78,15.514,Zone_B,100.0,main_road,2.83,moderate,cloudy,23.2,20,52,4,50,2.05,1.0,3.2,101.65,3.1664,101.7068,976.21,17.16,54.23,3.5
ROUTE_01452,SCH_001,International School A,BUS_018,DRV_042,2024-07-18,2024,7,18,3,0,summer,7,12,1,14,173.129,50,3.57,12.366,Zone_C,100.0,main_road,3.52,heavy,clear,31.8,7,32,11,50,4.96,1.0,3.15,101.68,3.1821,101.6797,823.39,12.62,58.81,4.76
ROUTE_01453,SCH_003,Private School C,BUS_004,DRV_011,2024-01-11,2024,1,11,3,0,winter,7,0,1,11,119.035,50,4.55,10.821,Zone_D,100.0,local_road,4.72,heavy,clear,28.0,1,55,0,50,4.62,1.0,3.2,101.65,3.1665,101.7,880.95,8.11,80.09,7.4
ROUTE_01454,SCH_002,National School B,BUS_028,DRV_008,2024-07-19,2024,7,19,4,0,summer,6,16,1,14,163.635,50,3.57,11.688,Zone_E,100.0,main_road,2.63,moderate,clear,29.7,8,44,5,50,3.51,1.0,3.12,101.7,3.1614,101.7205,502.9,19.52,35.92,3.07
ROUTE_01455,SCH_003,Private School C,BUS_001,DRV_043,2024-08-10,2024,8,10,5,1,summer,6,25,1,10,120.174,50,5.0,12.017,Zone_A,100.0,local_road,3.93,light,clear,32.9,18,59,4,50,4.11,1.0,3.2,101.65,3.1787,101.6858,368.25,19.58,36.82,3.06
ROUTE_01456,SCH_002,National School B,BUS_024,DRV_012,2024-07-26,2024,7,26,4,0,summer,7,18,1,7,98.732,50,7.14,14.105,Zone_B,100.0,local_road,3.25,light,storm,29.4,13,35,2,50,3.5,1.0,3.12,101.7,3.1784,101.6987,586.21,10.11,83.74,5.94
ROUTE_01457,SCH_003,Private School C,BUS_012,DRV_019,2024-04-24,2024,4,24,2,0,spring,5,44,0,6,86.902,45,7.5,14.484,Zone_C,100.0,local_road,4.43,free_flow,clear,24.2,13,38,13,50,3.06,0.9,3.2,101.65,3.2211,101.7024,250.08,20.85,41.68,2.88
ROUTE_01458,SCH_002,National School B,BUS_024,DRV_012,2024-08-01,2024,8,1,3,0,summer,6,29,1,12,155.38,50,4.17,12.948,Zone_D,100.0,highway,3.28,congested,cloudy,32.4,12,41,2,50,4.0,1.0,3.12,101.7,3.1797,101.6986,538.71,17.31,44.89,3.47
ROUTE_01459,SCH_001,International School A,BUS_022,DRV_037,2024-04-12,2024,4,12,4,0,spring,7,59,1,11,161.563,50,4.55,14.688,Zone_E,100.0,local_road,3.61,light,storm,28.2,5,53,0,50,2.52,1.0,3.15,101.68,3.1572,101.7093,1103.01,8.79,100.27,6.83
ROUTE_01460,SCH_001,International School A,BUS_023,DRV_042,2024-10-27,2024,10,27,6,1,monsoon,7,45,1,15,216.891,50,3.33,14.459,Zone_A,100.0,residential,3.34,heavy,cloudy,28.9,12,27,8,50,3.35,1.0,3.15,101.68,3.1629,101.6852,1581.55,8.23,105.44,7.29
ROUTE_01461,SCH_001,International School A,BUS_005,DRV_027,2024-04-12,2024,4,12,4,0,spring,7,48,1,12,183.107,50,4.17,15.259,Zone_B,100.0,local_road,4.89,light,clear,29.5,16,43,10,50,3.65,1.0,3.15,101.68,3.156,101.7038,628.83,17.47,52.4,3.43
ROUTE_01462,SCH_001,International School A,BUS_020,DRV_039,2024-01-11,2024,1,11,3,0,winter,6,39,1,15,205.033,50,3.33,13.669,Zone_C,100.0,main_road,3.41,moderate,cloudy,25.7,2,53,8,50,3.46,1.0,3.15,101.68,3.1725,101.6805,917.66,13.41,61.18,4.48
ROUTE_01463,SCH_002,National School B,BUS_026,DRV_047,2024-05-31,2024,5,31,4,0,spring,6,1,1,5,49.819,36,7.2,9.964,Zone_D,100.0,main_road,2.74,moderate,clear,24.2,14,30,9,50,3.1,0.72,3.12,101.7,3.1463,101.6844,164.68,18.15,32.94,3.31
ROUTE_01464,SCH_002,National School B,BUS_004,DRV_009,2024-07-04,2024,7,4,3,0,summer,7,52,1,17,183.302,50,2.94,10.782,Zone_E,100.0,main_road,4.21,moderate,heavy_rain,32.7,1,43,13,50,3.56,1.0,3.12,101.7,3.1292,101.6964,964.9,11.4,56.76,5.26
ROUTE_01465,SCH_001,International School A,BUS_018,DRV_001,2024-05-22,2024,5,22,2,0,spring,6,42,1,12,160.569,50,4.17,13.381,Zone_A,100.0,main_road,2.91,light,cloudy,29.8,8,38,3,50,4.9,1.0,3.15,101.68,3.176,101.6874,378.02,25.49,31.5,2.35
ROUTE_01466,SCH_001,International School A,BUS_004,DRV_047,2024-11-24,2024,11,24,6,1,monsoon,5,26,0,19,214.582,50,2.63,11.294,Zone_B,100.0,main_road,3.68,moderate,fog,29.9,18,45,9,50,3.62,1.0,3.15,101.68,3.1679,101.7017,739.3,17.41,38.91,3.45
ROUTE_01467,SCH_001,International School A,BUS_030,DRV_050,2024-04-03,2024,4,3,2,0,spring,5,25,0,16,222.405,50,3.12,13.9,Zone_C,100.0,main_road,3.51,heavy,clear,26.9,17,35,10,50,3.64,1.0,3.15,101.68,3.1609,101.7035,846.54,15.76,52.91,3.81
ROUTE_01468,SCH_003,Private School C,BUS_015,DRV_012,2024-03-13,2024,3,13,2,0,spring,5,20,0,18,204.601,50,2.78,11.367,Zone_D,100.0,local_road,3.31,light,cloudy,29.5,20,56,12,50,4.13,1.0,3.2,101.65,3.172,101.6984,724.49,16.94,40.25,3.54
ROUTE_01469,SCH_001,International School A,BUS_007,DRV_027,2024-06-12,2024,6,12,2,0,summer,6,27,1,7,97.57,50,7.14,13.939,Zone_E,100.0,main_road,2.71,moderate,cloudy,37.8,4,29,6,50,3.8,1.0,3.15,101.68,3.1454,101.6962,347.37,16.85,49.62,3.56
ROUTE_01470,SCH_002,National School B,BUS_014,DRV_022,2024-09-09,2024,9,9,0,0,monsoon,6,22,1,17,209.052,50,2.94,12.297,Zone_A,100.0,highway,4.09,heavy,clear,27.7,3,61,3,50,4.42,1.0,3.12,101.7,3.1849,101.7048,680.83,18.42,40.05,3.26
ROUTE_01471,SCH_002,National School B,BUS_025,DRV_038,2024-02-25,2024,2,25,6,1,winter,6,41,1,15,223.523,50,3.33,14.902,Zone_B,100.0,main_road,4.28,heavy,clear,27.7,21,50,6,50,3.7,1.0,3.12,101.7,3.1678,101.6765,904.26,14.83,60.28,4.05
ROUTE_01472,SCH_002,National School B,BUS_002,DRV_038,2024-06-20,2024,6,20,3,0,summer,6,47,1,12,113.214,50,4.17,9.435,Zone_C,100.0,main_road,3.78,congested,clear,36.6,14,35,8,50,2.13,1.0,3.12,101.7,3.1701,101.7031,663.35,10.24,55.28,5.86
ROUTE_01473,SCH_003,Private School C,BUS_019,DRV_047,2024-03-09,2024,3,9,5,1,spring,6,49,1,19,207.817,50,2.63,10.938,Zone_D,100.0,highway,3.38,congested,cloudy,28.7,15,59,6,50,4.82,1.0,3.2,101.65,3.1678,101.7218,746.46,16.7,39.29,3.59
ROUTE_01474,SCH_003,Private School C,BUS_001,DRV_021,2024-09-01,2024,9,1,6,1,monsoon,7,24,1,11,143.164,50,4.55,13.015,Zone_E,100.0,local_road,3.18,heavy,cloudy,27.7,23,34,5,50,2.25,1.0,3.2,101.65,3.1527,101.6689,898.2,9.56,81.65,6.27
ROUTE_01475,SCH_003,Private School C,BUS_008,DRV_009,2024-02-06,2024,2,6,1,0,winter,7,34,1,12,161.283,50,4.17,13.44,Zone_A,100.0,main_road,2.91,free_flow,cloudy,23.1,24,50,14,50,4.48,1.0,3.2,101.65,3.207,101.6944,392.79,24.64,32.73,2.44
ROUTE_01476,SCH_003,Private School C,BUS_026,DRV_006,2024-06-30,2024,6,30,6,1,summer,6,9,1,8,91.13,50,6.25,11.391,Zone_B,100.0,local_road,4.01,moderate,heavy_rain,28.9,8,56,0,50,3.73,1.0,3.2,101.65,3.2217,101.7109,571.32,9.57,71.41,6.27
ROUTE_01477,SCH_002,National School B,BUS_018,DRV_050,2024-11-19,2024,11,19,1,0,monsoon,7,24,1,11,147.825,50,4.55,13.439,Zone_C,100.0,highway,3.19,light,fog,25.3,12,56,9,50,3.62,1.0,3.12,101.7,3.1686,101.7091,404.32,21.94,36.76,2.74
ROUTE_01478,SCH_003,Private School C,BUS_003,DRV_042,2024-11-28,2024,11,28,3,0,monsoon,7,29,1,7,58.94,49,7.0,8.42,Zone_D,100.0,main_road,4.8,moderate,clear,28.6,5,44,4,50,2.13,0.98,3.2,101.65,3.1239,101.6774,230.99,15.31,33.0,3.92
ROUTE_01479,SCH_003,Private School C,BUS_019,DRV_049,2024-01-03,2024,1,3,2,0,winter,6,10,1,18,250.213,50,2.78,13.901,Zone_E,100.0,main_road,2.74,heavy,cloudy,24.4,6,59,12,50,3.37,1.0,3.2,101.65,3.1657,101.7311,1384.45,10.84,76.91,5.53
ROUTE_01480,SCH_003,Private School C,BUS_026,DRV_040,2024-09-11,2024,9,11,2,0,monsoon,5,59,0,10,122.364,50,5.0,12.236,Zone_A,100.0,main_road,2.85,light,cloudy,29.0,11,63,12,50,4.54,1.0,3.2,101.65,3.2033,101.7097,293.4,25.02,29.34,2.4
ROUTE_01481,SCH_001,International School A,BUS_010,DRV_044,2024-02-01,2024,2,1,3,0,winter,6,3,1,10,170.545,50,5.0,17.055,Zone_B,100.0,local_road,2.89,heavy,cloudy,23.3,4,49,12,50,2.75,1.0,3.15,101.68,3.1733,101.7105,1507.74,6.79,150.77,8.84
ROUTE_01482,SCH_002,National School B,BUS_004,DRV_012,2024-02-11,2024,2,11,6,1,winter,6,34,1,17,259.204,50,2.94,15.247,Zone_C,100.0,local_road,4.32,moderate,clear,24.3,12,38,8,50,3.68,1.0,3.12,101.7,3.1774,101.6988,1233.9,12.6,72.58,4.76
ROUTE_01483,SCH_003,Private School C,BUS_025,DRV_034,2024-08-06,2024,8,6,1,0,summer,7,54,1,7,107.649,50,7.14,15.378,Zone_D,100.0,main_road,3.04,heavy,clear,35.0,2,32,0,50,3.61,1.0,3.2,101.65,3.1263,101.7114,499.53,12.93,71.36,4.64
ROUTE_01484,SCH_001,International School A,BUS_008,DRV_017,2024-11-18,2024,11,18,0,0,monsoon,7,10,1,17,197.106,50,2.94,11.594,Zone_E,100.0,highway,4.92,heavy,clear,31.4,17,36,3,50,2.66,1.0,3.15,101.68,3.1469,101.6975,548.46,21.56,32.26,2.78
ROUTE_01485,SCH_002,National School B,BUS_029,DRV_049,2024-10-26,2024,10,26,5,1,monsoon,6,58,1,5,36.994,40,8.0,7.399,Zone_A,100.0,main_road,3.51,congested,light_rain,30.6,1,56,3,50,2.64,0.8,3.12,101.7,3.1342,101.7417,271.21,8.18,54.24,7.33
ROUTE_01486,SCH_003,Private School C,BUS_017,DRV_019,2024-08-23,2024,8,23,4,0,summer,5,4,0,5,71.722,39,7.8,14.344,Zone_B,100.0,local_road,4.18,free_flow,clear,35.4,12,51,4,50,4.94,0.78,3.2,101.65,3.1598,101.6912,169.73,25.35,33.95,2.37
ROUTE_01487,SCH_002,National School B,BUS_020,DRV_040,2024-08-05,2024,8,5,0,0,summer,6,26,1,12,138.805,50,4.17,11.567,Zone_C,100.0,highway,4.99,light,cloudy,31.4,19,35,11,50,2.51,1.0,3.12,101.7,3.2077,101.6913,255.56,32.59,21.3,1.84
ROUTE_01488,SCH_002,National School B,BUS_022,DRV_038,2024-08-25,2024,8,25,6,1,summer,6,34,1,9,140.033,50,5.56,15.559,Zone_D,100.0,residential,3.62,moderate,clear,34.4,2,34,13,50,3.28,1.0,3.12,101.7,3.1666,101.7087,856.79,9.81,95.2,6.12
ROUTE_01489,SCH_001,International School A,BUS_026,DRV_045,2024-06-23,2024,6,23,6,1,summer,6,33,1,18,211.959,50,2.78,11.775,Zone_E,100.0,local_road,4.73,moderate,clear,34.4,8,35,4,50,2.7,1.0,3.15,101.68,3.2076,101.6967,836.84,15.2,46.49,3.95
ROUTE_01490,SCH_003,Private School C,BUS_008,DRV_021,2024-03-02,2024,3,2,5,1,spring,6,46,1,12,140.575,50,4.17,11.715,Zone_A,100.0,main_road,2.69,heavy,clear,28.5,20,51,4,50,2.33,1.0,3.2,101.65,3.2003,101.6964,521.0,16.19,43.42,3.71
ROUTE_01491,SCH_002,National School B,BUS_018,DRV_031,2024-06-29,2024,6,29,5,1,summer,5,51,0,11,109.725,50,4.55,9.975,Zone_B,100.0,main_road,3.97,light,clear,34.9,8,33,6,50,3.4,1.0,3.12,101.7,3.165,101.6836,213.03,30.9,19.37,1.94
ROUTE_01492,SCH_001,International School A,BUS_030,DRV_007,2024-02-27,2024,2,27,1,0,winter,7,7,1,16,191.122,50,3.12,11.945,Zone_C,100.0,local_road,3.74,moderate,light_rain,24.8,15,63,6,50,2.3,1.0,3.15,101.68,3.1779,101.698,1312.17,8.74,82.01,6.87
ROUTE_01493,SCH_002,National School B,BUS_025,DRV_049,2024-09-04,2024,9,4,2,0,monsoon,6,37,1,17,198.745,50,2.94,11.691,Zone_D,100.0,residential,4.42,moderate,clear,27.5,13,47,8,50,4.46,1.0,3.12,101.7,3.1629,101.698,1192.7,10.0,70.16,6.0
ROUTE_01494,SCH_002,National School B,BUS_009,DRV_005,2024-07-08,2024,7,8,0,0,summer,6,4,1,14,183.092,50,3.57,13.078,Zone_E,100.0,main_road,4.3,heavy,clear,31.0,19,41,12,50,4.87,1.0,3.12,101.7,3.1336,101.7009,734.04,14.97,52.43,4.01
ROUTE_01495,SCH_001,International School A,BUS_023,DRV_035,2024-12-19,2024,12,19,3,0,winter,5,8,0,7,137.975,43,6.14,19.711,Zone_A,100.0,local_road,4.32,free_flow,clear,22.9,7,34,1,50,3.74,0.86,3.15,101.68,3.1833,101.6779,350.89,23.59,50.13,2.54
ROUTE_01496,SCH_002,National School B,BUS_003,DRV_026,2024-02-29,2024,2,29,3,0,winter,6,17,1,18,231.927,50,2.78,12.885,Zone_B,100.0,main_road,4.43,heavy,clear,26.0,20,43,14,50,4.79,1.0,3.12,101.7,3.1706,101.6752,1058.94,13.14,58.83,4.57
ROUTE_01497,SCH_001,International School A,BUS_023,DRV_012,2024-08-02,2024,8,2,4,0,summer,5,33,0,10,122.675,50,5.0,12.268,Zone_C,100.0,local_road,4.56,free_flow,clear,35.1,20,39,5,50,2.35,1.0,3.15,101.68,3.1461,101.7179,341.14,21.58,34.11,2.78
ROUTE_01498,SCH_003,Private School C,BUS_008,DRV_002,2024-04-17,2024,4,17,2,0,spring,7,49,1,12,174.335,50,4.17,14.528,Zone_D,100.0,main_road,3.86,light,clear,26.2,8,38,12,50,3.83,1.0,3.2,101.65,3.1788,101.7171,462.71,22.61,38.56,2.65
ROUTE_01499,SCH_002,National School B,BUS_021,DRV_040,2024-01-14,2024,1,14,6,1,winter,5,58,0,6,68.965,50,8.33,11.494,Zone_E,100.0,highway,2.97,free_flow,storm,23.5,16,32,12,50,2.88,1.0,3.12,101.7,3.1492,101.7013,149.45,27.69,24.91,2.17
ROUTE_01500,SCH_003,Private School C,BUS_028,DRV_049,2024-11-16,2024,11,16,5,1,monsoon,7,34,1,12,151.678,50,4.17,12.64,Zone_A,100.0,main_road,4.32,moderate,cloudy,30.6,7,31,2,50,4.7,1.0,3.2,101.65,3.1603,101.7151,433.03,21.02,36.09,2.85
ROUTE_01501,SCH_003,Private School C,BUS_007,DRV_032,2024-09-17,2024,9,17,1,0,monsoon,7,20,1,13,199.397,50,3.85,15.338,Zone_B,100.0,main_road,2.52,heavy,fog,28.5,22,55,6,50,3.55,1.0,3.2,101.65,3.1812,101.6862,1231.04,9.72,94.7,6.17
ROUTE_01502,SCH_002,National School B,BUS_030,DRV_022,2024-03-29,2024,3,29,4,0,spring,6,59,1,11,136.375,50,4.55,12.398,Zone_C,100.0,local_road,2.85,moderate,light_rain,29.7,7,62,14,50,3.97,1.0,3.12,101.7,3.1621,101.682,952.78,8.59,86.62,6.99
ROUTE_01503,SCH_001,International School A,BUS_030,DRV_010,2024-11-09,2024,11,9,5,1,monsoon,6,51,1,13,193.181,50,3.85,14.86,Zone_D,100.0,highway,3.27,moderate,light_rain,29.9,15,25,11,50,4.19,1.0,3.15,101.68,3.1795,101.6956,481.78,24.06,37.06,2.49
ROUTE_01504,SCH_002,National School B,BUS_004,DRV_030,2024-09-15,2024,9,15,6,1,monsoon,7,51,1,14,218.202,50,3.57,15.586,Zone_E,100.0,local_road,4.46,light,clear,31.4,19,34,0,50,2.74,1.0,3.12,101.7,3.1648,101.7005,685.69,19.09,48.98,3.14
ROUTE_01505,SCH_002,National School B,BUS_025,DRV_022,2024-08-01,2024,8,1,3,0,summer,7,36,1,15,168.253,50,3.33,11.217,Zone_A,100.0,local_road,3.39,heavy,cloudy,28.9,18,44,6,50,3.19,1.0,3.12,101.7,3.1668,101.6863,1014.99,9.95,67.67,6.03
ROUTE_01506,SCH_001,International School A,BUS_026,DRV_024,2024-06-11,2024,6,11,1,0,summer,6,50,1,18,273.342,50,2.78,15.186,Zone_B,100.0,main_road,4.86,light,clear,29.4,16,32,13,50,3.16,1.0,3.15,101.68,3.1897,101.6983,659.76,24.86,36.65,2.41
ROUTE_01507,SCH_001,International School A,BUS_018,DRV_005,2024-05-14,2024,5,14,1,0,spring,6,7,1,9,154.869,50,5.56,17.208,Zone_C,100.0,local_road,4.99,moderate,clear,32.3,24,61,12,50,3.64,1.0,3.15,101.68,3.1661,101.6777,802.52,11.58,89.17,5.18
ROUTE_01508,SCH_002,National School B,BUS_006,DRV_014,2024-08-07,2024,8,7,2,0,summer,6,29,1,10,119.263,50,5.0,11.926,Zone_D,100.0,local_road,4.91,moderate,clear,28.5,12,58,4,50,4.76,1.0,3.12,101.7,3.1423,101.7306,545.8,13.11,54.58,4.58
ROUTE_01509,SCH_001,International School A,BUS_012,DRV_043,2024-03-19,2024,3,19,1,0,spring,6,25,1,14,199.396,50,3.57,14.243,Zone_E,100.0,local_road,4.5,light,clear,28.5,20,60,1,50,2.59,1.0,3.15,101.68,3.16,101.71,679.53,17.61,48.54,3.41
ROUTE_01510,SCH_003,Private School C,BUS_003,DRV_027,2024-10-20,2024,10,20,6,1,monsoon,7,45,1,19,265.299,50,2.63,13.963,Zone_A,100.0,main_road,2.96,moderate,storm,26.9,13,58,8,50,3.68,1.0,3.2,101.65,3.1668,101.6811,1458.81,10.91,76.78,5.5
ROUTE_01511,SCH_001,International School A,BUS_020,DRV_050,2024-10-31,2024,10,31,3,0,monsoon,6,41,1,11,130.007,50,4.55,11.819,Zone_B,100.0,local_road,2.66,heavy,light_rain,28.3,10,52,5,50,4.99,1.0,3.15,101.68,3.1938,101.721,1093.41,7.13,99.4,8.41
ROUTE_01512,SCH_003,Private School C,BUS_008,DRV_040,2024-01-14,2024,1,14,6,1,winter,6,39,1,19,249.483,50,2.63,13.131,Zone_C,100.0,highway,4.49,heavy,clear,29.9,20,33,4,50,4.55,1.0,3.2,101.65,3.1487,101.7065,684.94,21.85,36.05,2.75
ROUTE_01513,SCH_003,Private School C,BUS_021,DRV_007,2024-02-07,2024,2,7,2,0,winter,7,39,1,12,186.678,50,4.17,15.556,Zone_D,100.0,main_road,2.9,light,clear,28.5,12,35,14,50,3.38,1.0,3.2,101.65,3.1899,101.6907,539.99,20.74,45.0,2.89
ROUTE_01514,SCH_003,Private School C,BUS_029,DRV_003,2024-03-06,2024,3,6,2,0,spring,6,37,1,18,267.329,50,2.78,14.852,Zone_E,100.0,main_road,3.18,moderate,clear,27.6,16,31,8,50,4.88,1.0,3.2,101.65,3.1803,101.7155,759.88,21.11,42.22,2.84
ROUTE_01515,SCH_001,International School A,BUS_020,DRV_003,2024-02-23,2024,2,23,4,0,winter,6,56,1,12,143.491,50,4.17,11.958,Zone_A,100.0,highway,3.02,free_flow,clear,26.8,3,59,13,50,3.33,1.0,3.15,101.68,3.1462,101.6898,268.35,32.08,22.36,1.87
ROUTE_01516,SCH_001,International School A,BUS_025,DRV_017,2024-07-23,2024,7,23,1,0,summer,7,38,1,6,68.567,45,7.5,11.428,Zone_B,100.0,main_road,3.68,moderate,heavy_rain,35.9,11,55,9,50,4.3,0.9,3.15,101.68,3.1803,101.7101,312.59,13.16,52.1,4.56
ROUTE_01517,SCH_002,National School B,BUS_019,DRV_045,2024-12-12,2024,12,12,3,0,winter,7,44,1,16,187.689,50,3.12,11.731,Zone_C,100.0,main_road,3.85,moderate,clear,27.7,19,49,12,50,3.3,1.0,3.12,101.7,3.2023,101.6978,722.5,15.59,45.16,3.85
ROUTE_01518,SCH_001,International School A,BUS_007,DRV_046,2024-04-16,2024,4,16,1,0,spring,6,23,1,6,88.84,42,7.0,14.807,Zone_D,100.0,highway,4.3,heavy,cloudy,25.1,13,37,1,50,3.9,0.84,3.15,101.68,3.2111,101.698,246.94,21.59,41.16,2.78
ROUTE_01519,SCH_001,International School A,BUS_019,DRV_033,2024-05-02,2024,5,2,3,0,spring,6,47,1,14,193.891,50,3.57,13.849,Zone_E,100.0,main_road,4.98,moderate,light_rain,31.0,10,50,11,50,4.9,1.0,3.15,101.68,3.1604,101.7076,709.07,16.41,50.65,3.66
ROUTE_01520,SCH_003,Private School C,BUS_006,DRV_008,2024-07-04,2024,7,4,3,0,summer,7,37,1,11,154.423,50,4.55,14.038,Zone_A,100.0,residential,2.64,free_flow,cloudy,36.0,20,51,3,50,3.14,1.0,3.2,101.65,3.197,101.7063,554.74,16.7,50.43,3.59
ROUTE_01521,SCH_001,International School A,BUS_024,DRV_045,2024-08-19,2024,8,19,0,0,summer,6,5,1,15,163.232,50,3.33,10.882,Zone_B,100.0,highway,4.41,heavy,cloudy,34.0,20,41,5,50,3.21,1.0,3.15,101.68,3.161,101.6979,448.57,21.83,29.9,2.75
ROUTE_01522,SCH_001,International School A,BUS_005,DRV_047,2024-09-14,2024,9,14,5,1,monsoon,6,22,1,11,143.252,50,4.55,13.023,Zone_C,100.0,main_road,3.84,moderate,clear,28.8,21,62,4,50,4.08,1.0,3.15,101.68,3.1682,101.6735,478.79,17.95,43.53,3.34
ROUTE_01523,SCH_003,Private School C,BUS_007,DRV_049,2024-04-03,2024,4,3,2,0,spring,7,40,1,18,254.739,50,2.78,14.152,Zone_D,100.0,local_road,2.62,moderate,light_rain,24.8,13,50,8,50,3.09,1.0,3.2,101.65,3.1473,101.7056,1475.73,10.36,81.98,5.79
ROUTE_01524,SCH_001,International School A,BUS_019,DRV_028,2024-09-14,2024,9,14,5,1,monsoon,7,51,1,12,160.607,50,4.17,13.384,Zone_E,100.0,main_road,3.95,congested,clear,30.8,4,44,8,50,2.15,1.0,3.15,101.68,3.1773,101.6798,950.1,10.14,79.17,5.92
ROUTE_01525,SCH_003,Private School C,BUS_004,DRV_030,2024-03-27,2024,3,27,2,0,spring,7,14,1,18,283.783,50,2.78,15.766,Zone_A,100.0,main_road,4.48,free_flow,clear,28.2,5,56,5,50,2.61,1.0,3.2,101.65,3.1698,101.6987,661.68,25.73,36.76,2.33
ROUTE_01526,SCH_001,International School A,BUS_015,DRV_011,2024-07-09,2024,7,9,1,0,summer,7,5,1,13,138.108,50,3.85,10.624,Zone_B,100.0,highway,3.17,light,cloudy,36.9,6,50,6,50,2.7,1.0,3.15,101.68,3.1393,101.6989,246.07,33.68,18.93,1.78
ROUTE_01527,SCH_001,International School A,BUS_023,DRV_002,2024-03-02,2024,3,2,5,1,spring,6,55,1,19,254.521,50,2.63,13.396,Zone_C,100.0,main_road,3.94,free_flow,clear,28.0,13,33,0,50,3.0,1.0,3.15,101.68,3.1612,101.6881,487.17,31.35,25.64,1.91
ROUTE_01528,SCH_002,National School B,BUS_023,DRV_043,2024-04-17,2024,4,17,2,0,spring,7,11,1,8,93.901,50,6.25,11.738,Zone_D,100.0,main_road,3.62,moderate,clear,31.7,21,60,5,50,3.84,1.0,3.12,101.7,3.1313,101.6732,306.05,18.41,38.26,3.26
ROUTE_01529,SCH_001,International School A,BUS_020,DRV_049,2024-04-07,2024,4,7,6,1,spring,6,33,1,14,259.94,50,3.57,18.567,Zone_E,100.0,local_road,4.62,light,light_rain,32.4,21,37,6,50,4.09,1.0,3.15,101.68,3.1578,101.6918,918.03,16.99,65.57,3.53
ROUTE_01530,SCH_003,Private School C,BUS_021,DRV_028,2024-10-12,2024,10,12,5,1,monsoon,7,42,1,11,119.917,50,4.55,10.902,Zone_A,100.0,highway,4.01,moderate,cloudy,26.1,5,58,12,50,3.42,1.0,3.2,101.65,3.156,101.6988,301.82,23.84,27.44,2.52
ROUTE_01531,SCH_001,International School A,BUS_001,DRV_007,2024-07-12,2024,7,12,4,0,summer,6,33,1,19,252.424,50,2.63,13.285,Zone_B,100.0,local_road,4.44,light,clear,30.0,6,44,12,50,4.3,1.0,3.15,101.68,3.1941,101.6995,930.47,16.28,48.97,3.69
ROUTE_01532,SCH_002,National School B,BUS_024,DRV_011,2024-07-01,2024,7,1,0,0,summer,7,2,1,13,203.829,50,3.85,15.679,Zone_C,100.0,highway,4.31,moderate,clear,31.4,15,31,4,50,4.71,1.0,3.12,101.7,3.2025,101.692,417.2,29.31,32.09,2.05
ROUTE_01533,SCH_001,International School A,BUS_026,DRV_035,2024-06-10,2024,6,10,0,0,summer,6,57,1,6,85.945,41,6.83,14.324,Zone_D,100.0,residential,2.61,heavy,cloudy,33.8,9,43,1,50,2.64,0.82,3.15,101.68,3.1331,101.712,698.08,7.39,116.35,8.12
ROUTE_01534,SCH_001,International School A,BUS_006,DRV_048,2024-08-07,2024,8,7,2,0,summer,5,49,0,13,182.211,50,3.85,14.016,Zone_E,100.0,local_road,4.06,free_flow,clear,35.6,16,32,5,50,4.19,1.0,3.15,101.68,3.2212,101.6992,432.32,25.29,33.26,2.37
ROUTE_01535,SCH_003,Private School C,BUS_001,DRV_043,2024-10-26,2024,10,26,5,1,monsoon,5,43,0,9,112.087,50,5.56,12.454,Zone_A,100.0,local_road,4.52,free_flow,cloudy,30.6,7,57,3,50,3.76,1.0,3.2,101.65,3.1957,101.7226,299.59,22.45,33.29,2.67
ROUTE_01536,SCH_002,National School B,BUS_025,DRV_013,2024-02-17,2024,2,17,5,1,winter,6,45,1,16,196.311,50,3.12,12.269,Zone_B,100.0,main_road,4.8,moderate,cloudy,22.2,15,42,8,50,2.48,1.0,3.12,101.7,3.1665,101.7171,621.23,18.96,38.83,3.16
ROUTE_01537,SCH_001,International School A,BUS_020,DRV_003,2024-08-17,2024,8,17,5,1,summer,5,45,0,10,126.596,50,5.0,12.66,Zone_C,100.0,main_road,2.97,moderate,cloudy,31.2,23,53,11,50,4.64,1.0,3.15,101.68,3.1951,101.7253,343.91,22.09,34.39,2.72
ROUTE_01538,SCH_001,International School A,BUS_025,DRV_028,2024-06-01,2024,6,1,5,1,summer,7,34,1,11,163.003,50,4.55,14.818,Zone_D,100.0,main_road,4.04,moderate,cloudy,36.5,12,41,11,50,2.88,1.0,3.15,101.68,3.2094,101.6902,495.8,19.73,45.07,3.04
ROUTE_01539,SCH_003,Private School C,BUS_014,DRV_048,2024-11-16,2024,11,16,5,1,monsoon,6,18,1,7,87.587,44,6.29,12.512,Zone_E,100.0,local_road,4.1,moderate,clear,26.7,16,48,11,50,4.42,0.88,3.2,101.65,3.1702,101.705,385.32,13.64,55.05,4.4
ROUTE_01540,SCH_001,International School A,BUS_013,DRV_046,2024-01-25,2024,1,25,3,0,winter,6,12,1,9,124.586,50,5.56,13.843,Zone_A,100.0,local_road,4.91,congested,clear,29.9,20,57,5,50,4.32,1.0,3.15,101.68,3.1435,101.6777,985.44,7.59,109.49,7.91
ROUTE_01541,SCH_001,International School A,BUS_003,DRV_029,2024-05-25,2024,5,25,5,1,spring,7,11,1,9,154.355,50,5.56,17.151,Zone_B,100.0,residential,2.53,moderate,cloudy,29.7,8,39,2,50,3.84,1.0,3.15,101.68,3.1805,101.6947,780.89,11.86,86.77,5.06
ROUTE_01542,SCH_001,International School A,BUS_020,DRV_013,2024-08-20,2024,8,20,1,0,summer,6,1,1,16,224.826,50,3.12,14.052,Zone_C,100.0,main_road,3.33,congested,clear,35.6,21,60,7,50,2.16,1.0,3.15,101.68,3.1887,101.6885,1379.53,9.78,86.22,6.14
ROUTE_01543,SCH_002,National School B,BUS_022,DRV_048,2024-07-18,2024,7,18,3,0,summer,7,10,1,18,193.371,50,2.78,10.743,Zone_D,100.0,highway,4.89,heavy,heavy_rain,28.1,11,62,13,50,2.53,1.0,3.12,101.7,3.1727,101.6984,927.76,12.51,51.54,4.8
ROUTE_01544,SCH_001,International School A,BUS_024,DRV_030,2024-08-17,2024,8,17,5,1,summer,5,28,0,14,204.043,50,3.57,14.575,Zone_E,100.0,main_road,2.59,light,clear,32.4,20,57,10,50,3.5,1.0,3.15,101.68,3.1466,101.7093,395.58,30.95,28.26,1.94
ROUTE_01545,SCH_003,Private School C,BUS_020,DRV_011,2024-08-10,2024,8,10,5,1,summer,6,50,1,9,115.303,50,5.56,12.811,Zone_A,100.0,main_road,2.93,congested,cloudy,36.4,2,36,9,50,4.42,1.0,3.2,101.65,3.1994,101.6751,627.83,11.02,69.76,5.44
ROUTE_01546,SCH_002,National School B,BUS_012,DRV_042,2024-07-10,2024,7,10,2,0,summer,7,9,1,6,84.444,40,6.67,14.074,Zone_B,100.0,highway,4.73,moderate,clear,32.3,8,37,6,50,3.74,0.8,3.12,101.7,3.2152,101.7067,165.03,30.7,27.51,1.95
ROUTE_01547,SCH_001,International School A,BUS_028,DRV_003,2024-10-07,2024,10,7,0,0,monsoon,5,35,0,5,75.17,36,7.2,15.034,Zone_C,100.0,local_road,3.55,free_flow,cloudy,24.8,15,38,7,50,2.96,0.72,3.15,101.68,3.2223,101.6701,240.58,18.75,48.12,3.2
ROUTE_01548,SCH_001,International School A,BUS_015,DRV_028,2024-03-08,2024,3,8,4,0,spring,5,28,0,11,146.183,50,4.55,13.289,Zone_D,100.0,main_road,4.86,light,clear,26.3,1,52,10,50,3.91,1.0,3.15,101.68,3.1684,101.6854,355.28,24.69,32.3,2.43
ROUTE_01549,SCH_002,National School B,BUS_011,DRV_040,2024-08-13,2024,8,13,1,0,summer,7,36,1,6,101.792,50,8.33,16.965,Zone_E,100.0,main_road,3.15,moderate,clear,34.7,7,29,6,50,4.61,1.0,3.12,101.7,3.1708,101.6994,301.58,20.25,50.26,2.96
ROUTE_01550,SCH_001,International School A,BUS_008,DRV_030,2024-06-12,2024,6,12,2,0,summer,6,51,1,12,183.169,50,4.17,15.264,Zone_A,100.0,highway,3.02,heavy,heavy_rain,36.9,22,52,8,50,3.89,1.0,3.15,101.68,3.1623,101.6989,714.98,15.37,59.58,3.9
ROUTE_01551,SCH_001,International School A,BUS_009,DRV_015,2024-07-17,2024,7,17,2,0,summer,7,15,1,14,192.627,50,3.57,13.759,Zone_B,100.0,local_road,4.04,moderate,clear,36.1,6,56,9,50,4.78,1.0,3.15,101.68,3.1783,101.7014,931.85,12.4,66.56,4.84
ROUTE_01552,SCH_003,Private School C,BUS_021,DRV_049,2024-01-11,2024,1,11,3,0,winter,6,24,1,12,130.075,50,4.17,10.84,Zone_C,100.0,residential,3.63,moderate,clear,23.8,6,40,8,50,2.64,1.0,3.2,101.65,3.1386,101.7013,885.83,8.81,73.82,6.81
ROUTE_01553,SCH_002,National School B,BUS_024,DRV_008,2024-01-22,2024,1,22,0,0,winter,5,16,0,18,238.955,50,2.78,13.275,Zone_D,100.0,local_road,4.34,free_flow,cloudy,25.9,13,32,10,50,2.51,1.0,3.12,101.7,3.1735,101.7061,748.59,19.15,41.59,3.13
ROUTE_01554,SCH_003,Private School C,BUS_007,DRV_033,2024-06-01,2024,6,1,5,1,summer,6,46,1,10,129.838,50,5.0,12.984,Zone_E,100.0,local_road,2.78,moderate,clear,33.7,4,30,11,50,2.76,1.0,3.2,101.65,3.1468,101.7106,624.29,12.48,62.43,4.81
ROUTE_01555,SCH_001,International School A,BUS_029,DRV_008,2024-02-27,2024,2,27,1,0,winter,6,23,1,5,55.327,24,4.8,11.065,Zone_A,100.0,main_road,3.33,heavy,light_rain,29.5,19,33,0,50,2.76,0.48,3.15,101.68,3.1805,101.6641,272.84,12.17,54.57,4.93
ROUTE_01556,SCH_003,Private School C,BUS_025,DRV_020,2024-04-24,2024,4,24,2,0,spring,6,54,1,14,179.119,50,3.57,12.794,Zone_B,100.0,highway,3.81,heavy,light_rain,24.8,20,40,13,50,3.23,1.0,3.2,101.65,3.1649,101.693,610.32,17.61,43.59,3.41
ROUTE_01557,SCH_001,International School A,BUS_007,DRV_001,2024-02-11,2024,2,11,6,1,winter,7,3,1,15,173.039,50,3.33,11.536,Zone_C,100.0,local_road,3.53,moderate,clear,25.6,18,43,13,50,2.88,1.0,3.15,101.68,3.1967,101.6746,889.2,11.68,59.28,5.14
ROUTE_01558,SCH_002,National School B,BUS_026,DRV_014,2024-01-18,2024,1,18,3,0,winter,6,37,1,17,223.293,50,2.94,13.135,Zone_D,100.0,residential,3.31,heavy,light_rain,22.1,23,25,1,50,2.23,1.0,3.12,101.7,3.1929,101.6902,2161.18,6.2,127.13,9.68
ROUTE_01559,SCH_002,National School B,BUS_009,DRV_041,2024-07-08,2024,7,8,0,0,summer,6,5,1,8,51.506,50,6.25,6.438,Zone_E,100.0,main_road,3.07,moderate,heavy_rain,33.5,12,58,14,50,2.22,1.0,3.12,101.7,3.1295,101.704,290.15,10.65,36.27,5.63
ROUTE_01560,SCH_002,National School B,BUS_012,DRV_018,2024-07-13,2024,7,13,5,1,summer,6,38,1,17,214.354,50,2.94,12.609,Zone_A,100.0,highway,4.48,moderate,clear,32.5,10,27,0,50,2.58,1.0,3.12,101.7,3.1625,101.7183,352.35,36.5,20.73,1.64
ROUTE_01561,SCH_003,Private School C,BUS_028,DRV_028,2024-03-23,2024,3,23,5,1,spring,7,25,1,11,123.797,50,4.55,11.254,Zone_B,100.0,local_road,4.32,light,clear,28.8,18,49,12,50,2.43,1.0,3.2,101.65,3.2072,101.6935,419.57,17.7,38.14,3.39
ROUTE_01562,SCH_003,Private School C,BUS_002,DRV_031,2024-06-11,2024,6,11,1,0,summer,5,32,0,11,136.834,50,4.55,12.439,Zone_C,100.0,local_road,2.8,light,clear,36.1,8,38,8,50,3.3,1.0,3.2,101.65,3.1476,101.6991,468.7,17.52,42.61,3.43
ROUTE_01563,SCH_001,International School A,BUS_010,DRV_029,2024-05-15,2024,5,15,2,0,spring,7,50,1,9,99.769,50,5.56,11.085,Zone_D,100.0,local_road,2.87,moderate,clear,29.3,7,41,8,50,4.51,1.0,3.15,101.68,3.1703,101.703,485.23,12.34,53.91,4.86
ROUTE_01564,SCH_002,National School B,BUS_009,DRV_029,2024-06-21,2024,6,21,4,0,summer,5,52,0,9,60.929,50,5.56,6.77,Zone_E,100.0,residential,2.79,light,cloudy,28.7,12,45,11,50,4.81,1.0,3.12,101.7,3.155,101.7198,226.69,16.13,25.19,3.72
ROUTE_01565,SCH_003,Private School C,BUS_005,DRV_010,2024-09-06,2024,9,6,4,0,monsoon,6,5,1,10,126.66,50,5.0,12.666,Zone_A,100.0,main_road,3.02,moderate,clear,32.3,4,27,9,50,2.96,1.0,3.2,101.65,3.1663,101.6928,477.19,15.93,47.72,3.77
ROUTE_01566,SCH_001,International School A,BUS_024,DRV_047,2024-06-07,2024,6,7,4,0,summer,6,45,1,14,153.276,50,3.57,10.948,Zone_B,100.0,main_road,4.29,light,cloudy,37.9,12,33,8,50,2.33,1.0,3.15,101.68,3.1738,101.7223,386.15,23.82,27.58,2.52
ROUTE_01567,SCH_003,Private School C,BUS_018,DRV_030,2024-12-17,2024,12,17,1,0,winter,6,7,1,13,161.616,50,3.85,12.432,Zone_C,100.0,local_road,4.21,heavy,clear,23.1,20,51,13,50,4.05,1.0,3.2,101.65,3.1881,101.707,1237.03,7.84,95.16,7.65
ROUTE_01568,SCH_001,International School A,BUS_009,DRV_014,2024-01-24,2024,1,24,2,0,winter,5,50,0,6,55.668,42,7.0,9.278,Zone_D,100.0,residential,2.84,moderate,clear,22.5,1,55,11,50,3.87,0.84,3.15,101.68,3.2319,101.6866,352.59,9.47,58.76,6.33
ROUTE_01569,SCH_003,Private School C,BUS_029,DRV_017,2024-02-07,2024,2,7,2,0,winter,7,39,1,12,165.337,50,4.17,13.778,Zone_E,100.0,main_road,4.79,heavy,clear,29.5,24,49,9,50,2.48,1.0,3.2,101.65,3.1773,101.6947,749.84,13.23,62.49,4.54
ROUTE_01570,SCH_003,Private School C,BUS_012,DRV_021,2024-08-26,2024,8,26,0,0,summer,7,3,1,11,171.963,50,4.55,15.633,Zone_A,100.0,highway,2.77,moderate,cloudy,32.7,8,46,5,50,2.48,1.0,3.2,101.65,3.1924,101.7146,359.84,28.67,32.71,2.09
ROUTE_01571,SCH_003,Private School C,BUS_016,DRV_048,2024-07-24,2024,7,24,2,0,summer,6,51,1,9,111.092,50,5.56,12.344,Zone_B,100.0,main_road,2.92,light,light_rain,34.3,2,61,3,50,4.04,1.0,3.2,101.65,3.1737,101.7247,374.6,17.79,41.62,3.37
ROUTE_01572,SCH_002,National School B,BUS_027,DRV_029,2024-01-04,2024,1,4,3,0,winter,6,31,1,13,159.053,50,3.85,12.235,Zone_C,100.0,local_road,3.08,light,clear,24.1,17,56,7,50,2.09,1.0,3.12,101.7,3.1676,101.7123,739.65,12.9,56.9,4.65
ROUTE_01573,SCH_002,National School B,BUS_004,DRV_004,2024-05-04,2024,5,4,5,1,spring,7,29,1,13,176.924,50,3.85,13.61,Zone_D,100.0,highway,4.7,heavy,cloudy,31.6,8,54,5,50,2.07,1.0,3.12,101.7,3.161,101.7284,509.11,20.85,39.16,2.88
ROUTE_01574,SCH_003,Private School C,BUS_022,DRV_047,2024-02-28,2024,2,28,2,0,winter,5,40,0,11,137.944,50,4.55,12.54,Zone_E,100.0,highway,4.63,moderate,cloudy,24.6,10,48,13,50,3.89,1.0,3.2,101.65,3.1828,101.71,277.32,29.84,25.21,2.01
ROUTE_01575,SCH_001,International School A,BUS_003,DRV_043,2024-09-15,2024,9,15,6,1,monsoon,6,3,1,17,222.941,50,2.94,13.114,Zone_A,100.0,local_road,3.04,heavy,storm,29.0,7,51,4,50,2.6,1.0,3.15,101.68,3.1656,101.6901,2459.11,5.44,144.65,11.03
ROUTE_01576,SCH_001,International School A,BUS_026,DRV_014,2024-10-15,2024,10,15,1,0,monsoon,6,46,1,10,118.968,50,5.0,11.897,Zone_B,100.0,main_road,2.58,moderate,light_rain,24.4,3,36,1,50,2.82,1.0,3.15,101.68,3.1817,101.6799,522.8,13.65,52.28,4.39
ROUTE_01577,SCH_002,National School B,BUS_022,DRV_020,2024-05-05,2024,5,5,6,1,spring,6,34,1,13,140.231,50,3.85,10.787,Zone_C,100.0,local_road,4.61,heavy,clear,30.5,16,44,0,50,3.15,1.0,3.12,101.7,3.1599,101.7017,780.5,10.78,60.04,5.57
ROUTE_01578,SCH_002,National School B,BUS_002,DRV_040,2024-02-26,2024,2,26,0,0,winter,7,51,1,13,161.563,50,3.85,12.428,Zone_D,100.0,highway,4.39,moderate,clear,25.1,24,55,8,50,2.15,1.0,3.12,101.7,3.1869,101.6879,377.41,25.68,29.03,2.34
ROUTE_01579,SCH_002,National School B,BUS_022,DRV_007,2024-04-27,2024,4,27,5,1,spring,7,44,1,18,272.656,50,2.78,15.148,Zone_E,100.0,local_road,3.05,congested,clear,25.9,20,59,13,50,2.79,1.0,3.12,101.7,3.1636,101.6991,2115.1,7.73,117.51,7.76
ROUTE_01580,SCH_003,Private School C,BUS_011,DRV_036,2024-07-21,2024,7,21,6,1,summer,6,35,1,9,99.209,50,5.56,11.023,Zone_A,100.0,local_road,4.72,moderate,cloudy,28.0,6,41,10,50,4.64,1.0,3.2,101.65,3.2131,101.7139,422.92,14.07,46.99,4.26
ROUTE_01581,SCH_001,International School A,BUS_011,DRV_004,2024-04-29,2024,4,29,0,0,spring,7,33,1,9,146.727,50,5.56,16.303,Zone_B,100.0,local_road,4.5,moderate,cloudy,32.1,3,30,13,50,3.0,1.0,3.15,101.68,3.1718,101.6782,808.78,10.89,89.86,5.51
ROUTE_01582,SCH_002,National School B,BUS_015,DRV_028,2024-02-28,2024,2,28,2,0,winter,6,52,1,6,71.409,40,6.67,11.901,Zone_C,100.0,highway,3.08,heavy,light_rain,26.4,6,32,13,50,4.88,0.8,3.12,101.7,3.1927,101.6933,305.59,14.02,50.93,4.28
ROUTE_01583,SCH_003,Private School C,BUS_020,DRV_037,2024-03-21,2024,3,21,3,0,spring,6,47,1,10,97.291,50,5.0,9.729,Zone_D,100.0,main_road,4.9,congested,clear,27.6,22,49,10,50,4.75,1.0,3.2,101.65,3.1839,101.6831,524.96,11.12,52.5,5.4
ROUTE_01584,SCH_002,National School B,BUS_003,DRV_039,2024-06-14,2024,6,14,4,0,summer,7,44,1,8,74.767,50,6.25,9.346,Zone_E,100.0,highway,4.37,moderate,clear,32.2,9,58,8,50,3.58,1.0,3.12,101.7,3.2197,101.7087,161.32,27.81,20.17,2.16
ROUTE_01585,SCH_001,International School A,BUS_018,DRV_033,2024-05-28,2024,5,28,1,0,spring,7,3,1,18,193.356,50,2.78,10.742,Zone_A,100.0,local_road,3.26,moderate,clear,31.2,5,30,4,50,2.08,1.0,3.15,101.68,3.1815,101.7116,936.79,12.38,52.04,4.84
ROUTE_01586,SCH_001,International School A,BUS_025,DRV_038,2024-03-02,2024,3,2,5,1,spring,6,5,1,5,68.771,31,6.2,13.754,Zone_B,100.0,main_road,4.62,light,clear,31.3,8,34,11,50,4.71,0.62,3.15,101.68,3.1539,101.6874,149.45,27.61,29.89,2.17
ROUTE_01587,SCH_002,National School B,BUS_025,DRV_047,2024-08-07,2024,8,7,2,0,summer,6,23,1,11,139.651,50,4.55,12.696,Zone_C,100.0,local_road,4.99,light,clear,34.5,1,60,14,50,4.56,1.0,3.12,101.7,3.2077,101.6664,666.87,12.56,60.62,4.78
ROUTE_01588,SCH_003,Private School C,BUS_001,DRV_039,2024-01-19,2024,1,19,4,0,winter,5,3,0,6,76.422,41,6.83,12.737,Zone_D,100.0,residential,3.37,free_flow,clear,27.9,21,37,8,50,2.66,0.82,3.2,101.65,3.1857,101.6854,274.18,16.72,45.7,3.59
ROUTE_01589,SCH_001,International School A,BUS_003,DRV_019,2024-06-08,2024,6,8,5,1,summer,6,34,1,6,63.25,39,6.5,10.542,Zone_E,100.0,residential,3.58,free_flow,clear,36.7,23,50,11,50,3.49,0.78,3.15,101.68,3.1986,101.6519,227.74,16.66,37.96,3.6
ROUTE_01590,SCH_001,International School A,BUS_012,DRV_048,2024-03-01,2024,3,1,4,0,spring,6,19,1,17,176.48,50,2.94,10.381,Zone_A,100.0,main_road,3.2,heavy,clear,29.7,17,63,12,50,3.34,1.0,3.15,101.68,3.2008,101.6882,779.19,13.59,45.83,4.42
ROUTE_01591,SCH_001,International School A,BUS_020,DRV_009,2024-04-19,2024,4,19,4,0,spring,5,7,0,16,230.556,50,3.12,14.41,Zone_B,100.0,highway,4.9,moderate,cloudy,29.2,15,64,0,50,4.31,1.0,3.15,101.68,3.1659,101.6875,375.25,36.86,23.45,1.63
ROUTE_01592,SCH_002,National School B,BUS_003,DRV_002,2024-08-04,2024,8,4,6,1,summer,6,26,1,14,193.154,50,3.57,13.797,Zone_C,100.0,residential,3.26,heavy,clear,34.3,6,57,8,50,4.33,1.0,3.12,101.7,3.1792,101.7344,1576.77,7.35,112.63,8.16
ROUTE_01593,SCH_003,Private School C,BUS_022,DRV_022,2024-12-20,2024,12,20,4,0,winter,7,53,1,19,244.682,50,2.63,12.878,Zone_D,100.0,local_road,2.51,heavy,light_rain,23.8,12,30,1,50,2.09,1.0,3.2,101.65,3.1375,101.6943,2015.71,7.28,106.09,8.24
ROUTE_01594,SCH_003,Private School C,BUS_023,DRV_017,2024-11-25,2024,11,25,0,0,monsoon,6,2,1,15,193.546,50,3.33,12.903,Zone_E,100.0,main_road,4.1,heavy,light_rain,29.7,13,63,0,50,2.76,1.0,3.2,101.65,3.2038,101.6967,1022.21,11.36,68.15,5.28
ROUTE_01595,SCH_003,Private School C,BUS_022,DRV_022,2024-04-04,2024,4,4,3,0,spring,7,2,1,14,183.326,50,3.57,13.095,Zone_A,100.0,main_road,4.76,moderate,clear,24.4,2,64,5,50,2.84,1.0,3.2,101.65,3.1996,101.672,619.1,17.77,44.22,3.38
ROUTE_01596,SCH_003,Private School C,BUS_018,DRV_028,2024-01-09,2024,1,9,1,0,winter,6,41,1,9,74.586,50,5.56,8.287,Zone_B,100.0,highway,3.61,moderate,clear,22.4,21,61,1,50,3.16,1.0,3.2,101.65,3.1407,101.7086,168.43,26.57,18.71,2.26
ROUTE_01597,SCH_003,Private School C,BUS_024,DRV_036,2024-07-11,2024,7,11,3,0,summer,6,15,1,9,120.345,50,5.56,13.372,Zone_C,100.0,local_road,2.69,heavy,clear,34.5,2,42,8,50,4.0,1.0,3.2,101.65,3.1991,101.7187,936.16,7.71,104.02,7.78
ROUTE_01598,SCH_002,National School B,BUS_004,DRV_020,2024-12-15,2024,12,15,6,1,winter,6,39,1,5,52.433,38,7.6,10.487,Zone_D,100.0,main_road,4.15,moderate,clear,28.7,17,63,12,50,4.63,0.76,3.12,101.7,3.1571,101.672,176.39,17.84,35.28,3.36
ROUTE_01599,SCH_002,National School B,BUS_008,DRV_023,2024-07-01,2024,7,1,0,0,summer,6,49,1,18,217.986,50,2.78,12.11,Zone_E,100.0,main_road,3.26,congested,light_rain,29.3,14,42,0,50,2.07,1.0,3.12,101.7,3.1887,101.697,1261.81,10.37,70.1,5.79
ROUTE_01600,SCH_003,Private School C,BUS_015,DRV_026,2024-10-08,2024,10,8,1,0,monsoon,6,55,1,7,84.417,50,7.14,12.06,Zone_A,100.0,main_road,4.06,congested,clear,25.1,3,52,12,50,4.06,1.0,3.2,101.65,3.1876,101.73,555.44,9.12,79.35,6.58
ROUTE_01601,SCH_003,Private School C,BUS_021,DRV_008,2024-10-10,2024,10,10,3,0,monsoon,5,31,0,6,60.277,36,6.0,10.046,Zone_B,100.0,main_road,4.31,light,cloudy,28.6,20,62,12,50,3.34,0.72,3.2,101.65,3.1599,101.6951,153.5,23.56,25.58,2.55
ROUTE_01602,SCH_002,National School B,BUS_009,DRV_049,2024-02-03,2024,2,3,5,1,winter,7,26,1,5,67.02,28,5.6,13.404,Zone_C,100.0,local_road,4.95,moderate,cloudy,24.6,7,32,14,50,4.36,0.56,3.12,101.7,3.1288,101.7419,358.51,11.22,71.7,5.35
ROUTE_01603,SCH_002,National School B,BUS_017,DRV_037,2024-07-24,2024,7,24,2,0,summer,6,8,1,6,57.5,42,7.0,9.583,Zone_D,100.0,residential,3.18,heavy,cloudy,32.6,17,28,4,50,3.8,0.84,3.12,101.7,3.1801,101.6655,444.72,7.76,74.12,7.73
ROUTE_01604,SCH_003,Private School C,BUS_023,DRV_041,2024-11-10,2024,11,10,6,1,monsoon,7,5,1,8,115.391,50,6.25,14.424,Zone_E,100.0,main_road,3.61,congested,light_rain,31.9,19,26,13,50,4.32,1.0,3.2,101.65,3.1806,101.6754,714.16,9.69,89.27,6.19
ROUTE_01605,SCH_003,Private School C,BUS_003,DRV_017,2024-05-18,2024,5,18,5,1,spring,6,50,1,18,221.603,50,2.78,12.311,Zone_A,100.0,residential,2.69,heavy,clear,26.0,11,28,11,50,2.78,1.0,3.2,101.65,3.2112,101.6854,1471.49,9.04,81.75,6.64
ROUTE_01606,SCH_002,National School B,BUS_011,DRV_004,2024-01-11,2024,1,11,3,0,winter,6,21,1,5,36.094,36,7.2,7.219,Zone_B,94.18788364675676,highway,3.87,moderate,cloudy,28.5,11,27,3,50,4.51,0.72,3.12,101.7,3.1872,101.7322,94.78,22.85,18.96,2.63
ROUTE_01607,SCH_001,International School A,BUS_006,DRV_010,2024-04-22,2024,4,22,0,0,spring,7,36,1,16,182.565,50,3.12,11.41,Zone_C,100.0,main_road,4.03,moderate,cloudy,25.8,23,30,2,50,4.68,1.0,3.15,101.68,3.1903,101.7149,575.6,19.03,35.97,3.15
ROUTE_01608,SCH_003,Private School C,BUS_013,DRV_040,2024-07-02,2024,7,2,1,0,summer,6,8,1,17,260.651,50,2.94,15.332,Zone_D,100.0,residential,4.81,moderate,clear,31.4,4,50,14,50,2.04,1.0,3.2,101.65,3.1919,101.7043,1790.21,8.74,105.31,6.87
ROUTE_01609,SCH_001,International School A,BUS_003,DRV_045,2024-12-11,2024,12,11,2,0,winter,5,56,0,8,86.266,41,5.12,10.783,Zone_E,100.0,local_road,4.2,moderate,cloudy,23.9,4,61,3,50,2.38,0.82,3.15,101.68,3.1253,101.692,430.8,12.01,53.85,4.99
ROUTE_01610,SCH_003,Private School C,BUS_013,DRV_002,2024-09-04,2024,9,4,2,0,monsoon,6,5,1,17,205.211,50,2.94,12.071,Zone_A,100.0,main_road,2.91,moderate,light_rain,30.9,9,38,6,50,2.15,1.0,3.2,101.65,3.1518,101.6893,824.88,14.93,48.52,4.02
ROUTE_01611,SCH_003,Private School C,BUS_007,DRV_015,2024-04-06,2024,4,6,5,1,spring,6,34,1,15,208.224,50,3.33,13.882,Zone_B,100.0,local_road,3.24,heavy,cloudy,28.0,4,45,5,50,2.63,1.0,3.2,101.65,3.1787,101.6665,1387.37,9.01,92.49,6.66
ROUTE_01612,SCH_003,Private School C,BUS_023,DRV_027,2024-07-30,2024,7,30,1,0,summer,5,11,0,14,187.739,50,3.57,13.41,Zone_C,100.0,local_road,3.78,light,light_rain,34.7,6,53,3,50,4.75,1.0,3.2,101.65,3.1676,101.7207,717.17,15.71,51.23,3.82
ROUTE_01613,SCH_003,Private School C,BUS_001,DRV_001,2024-06-19,2024,6,19,2,0,summer,6,33,1,18,228.534,50,2.78,12.696,Zone_D,100.0,highway,4.59,light,heavy_rain,28.3,2,35,1,50,3.21,1.0,3.2,101.65,3.1879,101.7089,595.62,23.02,33.09,2.61
ROUTE_01614,SCH_001,International School A,BUS_010,DRV_034,2024-03-27,2024,3,27,2,0,spring,6,18,1,11,172.587,50,4.55,15.69,Zone_E,100.0,highway,4.37,moderate,light_rain,26.2,12,35,9,50,4.85,1.0,3.15,101.68,3.189,101.6873,380.14,27.24,34.56,2.2
ROUTE_01615,SCH_002,National School B,BUS_010,DRV_017,2024-09-24,2024,9,24,1,0,monsoon,7,18,1,5,69.334,36,7.2,13.867,Zone_A,100.0,residential,4.65,heavy,heavy_rain,31.3,12,60,0,50,4.2,0.72,3.12,101.7,3.1713,101.6758,759.62,5.48,151.92,10.96
ROUTE_01616,SCH_002,National School B,BUS_016,DRV_019,2024-08-01,2024,8,1,3,0,summer,6,13,1,14,173.609,50,3.57,12.401,Zone_B,100.0,main_road,4.5,heavy,cloudy,35.5,7,40,9,50,2.46,1.0,3.12,101.7,3.1478,101.7191,793.76,13.12,56.7,4.57
ROUTE_01617,SCH_001,International School A,BUS_026,DRV_037,2024-03-31,2024,3,31,6,1,spring,6,50,1,12,156.009,50,4.17,13.001,Zone_C,100.0,main_road,2.67,congested,clear,24.8,6,41,1,50,4.18,1.0,3.15,101.68,3.1435,101.6774,793.28,11.8,66.11,5.08
ROUTE_01618,SCH_002,National School B,BUS_028,DRV_015,2024-05-28,2024,5,28,1,0,spring,7,1,1,8,111.809,50,6.25,13.976,Zone_D,100.0,residential,4.27,heavy,clear,29.0,19,40,9,50,2.88,1.0,3.12,101.7,3.1533,101.6665,856.57,7.83,107.07,7.66
ROUTE_01619,SCH_002,National School B,BUS_021,DRV_016,2024-04-29,2024,4,29,0,0,spring,5,34,0,9,108.867,50,5.56,12.096,Zone_E,100.0,main_road,4.35,free_flow,cloudy,30.2,19,42,8,50,3.41,1.0,3.12,101.7,3.1626,101.7133,187.69,34.8,20.85,1.72
ROUTE_01620,SCH_002,National School B,BUS_008,DRV_048,2024-12-02,2024,12,2,0,0,winter,7,13,1,7,111.737,41,5.86,15.962,Zone_A,100.0,residential,3.59,heavy,clear,28.6,21,61,2,50,2.06,0.82,3.12,101.7,3.1456,101.692,873.84,7.67,124.83,7.82
ROUTE_01621,SCH_002,National School B,BUS_016,DRV_023,2024-04-12,2024,4,12,4,0,spring,7,47,1,19,295.925,50,2.63,15.575,Zone_B,100.0,local_road,3.08,congested,clear,26.7,9,62,2,50,2.28,1.0,3.12,101.7,3.1759,101.7201,2462.64,7.21,129.61,8.32
ROUTE_01622,SCH_002,National School B,BUS_019,DRV_032,2024-10-05,2024,10,5,5,1,monsoon,5,33,0,16,195.837,50,3.12,12.24,Zone_C,100.0,main_road,4.69,free_flow,storm,24.8,8,33,13,50,4.84,1.0,3.12,101.7,3.1698,101.6945,697.99,16.83,43.62,3.56
ROUTE_01623,SCH_003,Private School C,BUS_010,DRV_029,2024-03-19,2024,3,19,1,0,spring,7,29,1,19,213.384,50,2.63,11.231,Zone_D,100.0,main_road,4.24,congested,clear,32.6,6,31,9,50,2.4,1.0,3.2,101.65,3.1932,101.6887,1238.43,10.34,65.18,5.8
ROUTE_01624,SCH_001,International School A,BUS_015,DRV_001,2024-09-08,2024,9,8,6,1,monsoon,7,5,1,6,84.852,28,4.67,14.142,Zone_E,100.0,residential,4.42,moderate,clear,24.9,12,44,0,50,3.06,0.56,3.15,101.68,3.2221,101.6841,414.33,12.29,69.05,4.88
ROUTE_01625,SCH_002,National School B,BUS_019,DRV_025,2024-09-23,2024,9,23,0,0,monsoon,6,20,1,16,224.409,50,3.12,14.026,Zone_A,100.0,main_road,3.16,light,light_rain,24.3,13,28,6,50,2.56,1.0,3.12,101.7,3.1627,101.7055,664.68,20.26,41.54,2.96
ROUTE_01626,SCH_002,National School B,BUS_015,DRV_009,2024-10-31,2024,10,31,3,0,monsoon,6,11,1,18,221.882,50,2.78,12.327,Zone_B,100.0,main_road,3.98,moderate,clear,24.9,11,49,0,50,2.77,1.0,3.12,101.7,3.1784,101.69,691.61,19.25,38.42,3.12
ROUTE_01627,SCH_002,National School B,BUS_011,DRV_011,2024-05-03,2024,5,3,4,0,spring,6,33,1,15,172.421,50,3.33,11.495,Zone_C,100.0,highway,4.6,moderate,cloudy,32.7,21,29,7,50,2.38,1.0,3.12,101.7,3.2042,101.7116,393.06,26.32,26.2,2.28
ROUTE_01628,SCH_003,Private School C,BUS_028,DRV_027,2024-11-02,2024,11,2,5,1,monsoon,6,47,1,5,54.677,34,6.8,10.935,Zone_D,100.0,residential,4.46,light,heavy_rain,31.0,3,41,8,50,3.24,0.68,3.2,101.65,3.1742,101.6932,411.42,7.97,82.28,7.52
ROUTE_01629,SCH_002,National School B,BUS_004,DRV_010,2024-09-19,2024,9,19,3,0,monsoon,6,10,1,7,65.265,50,7.14,9.324,Zone_E,100.0,main_road,3.37,free_flow,clear,27.0,6,59,3,50,2.19,1.0,3.12,101.7,3.2028,101.7403,161.4,24.26,23.06,2.47
ROUTE_01630,SCH_002,National School B,BUS_005,DRV_018,2024-12-11,2024,12,11,2,0,winter,7,2,1,6,58.566,48,8.0,9.761,Zone_A,100.0,local_road,2.84,heavy,cloudy,22.7,7,64,12,50,4.68,0.96,3.12,101.7,3.2215,101.7024,455.66,7.71,75.94,7.78
ROUTE_01631,SCH_001,International School A,BUS_022,DRV_011,2024-11-10,2024,11,10,6,1,monsoon,5,50,0,5,67.77,37,7.4,13.554,Zone_B,100.0,residential,3.45,free_flow,heavy_rain,26.2,4,27,3,50,2.73,0.74,3.15,101.68,3.142,101.6518,345.81,11.76,69.16,5.1
ROUTE_01632,SCH_003,Private School C,BUS_017,DRV_037,2024-06-27,2024,6,27,3,0,summer,6,30,1,17,164.086,50,2.94,9.652,Zone_C,100.0,main_road,4.73,free_flow,clear,30.5,9,44,1,50,4.9,1.0,3.2,101.65,3.1688,101.7249,355.14,27.72,20.89,2.16
ROUTE_01633,SCH_002,National School B,BUS_004,DRV_026,2024-04-06,2024,4,6,5,1,spring,6,1,1,11,149.42,50,4.55,13.584,Zone_D,100.0,residential,4.79,light,heavy_rain,28.7,6,39,1,50,4.17,1.0,3.12,101.7,3.141,101.7093,850.63,10.54,77.33,5.69
ROUTE_01634,SCH_001,International School A,BUS_029,DRV_010,2024-06-15,2024,6,15,5,1,summer,5,33,0,5,79.308,30,6.0,15.862,Zone_E,100.0,local_road,4.8,light,cloudy,37.8,9,52,14,50,3.93,0.6,3.15,101.68,3.1562,101.7048,236.18,20.15,47.24,2.98
ROUTE_01635,SCH_001,International School A,BUS_019,DRV_032,2024-09-20,2024,9,20,4,0,monsoon,6,44,1,9,108.003,50,5.56,12.0,Zone_A,100.0,residential,2.83,moderate,heavy_rain,27.6,18,49,7,50,2.1,1.0,3.15,101.68,3.1853,101.6763,939.72,6.9,104.41,8.7
ROUTE_01636,SCH_001,International School A,BUS_024,DRV_037,2024-05-21,2024,5,21,1,0,spring,5,0,0,16,171.372,50,3.12,10.711,Zone_B,100.0,residential,4.79,light,clear,28.3,14,33,12,50,2.5,1.0,3.15,101.68,3.1537,101.681,619.89,16.59,38.74,3.62
ROUTE_01637,SCH_001,International School A,BUS_010,DRV_030,2024-03-24,2024,3,24,6,1,spring,5,38,0,9,101.441,50,5.56,11.271,Zone_C,100.0,main_road,2.65,free_flow,light_rain,24.5,1,26,8,50,3.05,1.0,3.15,101.68,3.1764,101.6962,248.0,24.54,27.56,2.44
ROUTE_01638,SCH_002,National School B,BUS_028,DRV_006,2024-11-03,2024,11,3,6,1,monsoon,7,6,1,13,126.694,50,3.85,9.746,Zone_D,100.0,residential,2.67,light,light_rain,30.9,23,47,7,50,2.99,1.0,3.12,101.7,3.1666,101.6889,697.63,10.9,53.66,5.51
ROUTE_01639,SCH_001,International School A,BUS_004,DRV_001,2024-11-04,2024,11,4,0,0,monsoon,6,58,1,14,146.244,50,3.57,10.446,Zone_E,100.0,main_road,3.65,light,light_rain,24.3,20,49,12,50,2.61,1.0,3.15,101.68,3.1912,101.6894,484.23,18.12,34.59,3.31
ROUTE_01640,SCH_003,Private School C,BUS_009,DRV_005,2024-10-22,2024,10,22,1,0,monsoon,6,9,1,13,177.204,50,3.85,13.631,Zone_A,100.0,main_road,2.56,heavy,fog,26.0,8,61,0,50,2.55,1.0,3.2,101.65,3.1773,101.6866,1109.93,9.58,85.38,6.26
ROUTE_01641,SCH_003,Private School C,BUS_003,DRV_035,2024-11-14,2024,11,14,3,0,monsoon,6,20,1,9,146.104,50,5.56,16.234,Zone_B,100.0,main_road,3.99,free_flow,cloudy,26.9,5,63,7,50,3.89,1.0,3.2,101.65,3.1632,101.7122,416.59,21.04,46.29,2.85
ROUTE_01642,SCH_002,National School B,BUS_005,DRV_037,2024-03-14,2024,3,14,3,0,spring,6,4,1,10,122.458,50,5.0,12.246,Zone_C,100.0,main_road,3.24,congested,cloudy,27.6,5,42,8,50,3.75,1.0,3.12,101.7,3.1741,101.7112,859.66,8.55,85.97,7.02
ROUTE_01643,SCH_001,International School A,BUS_008,DRV_044,2024-04-17,2024,4,17,2,0,spring,5,51,0,8,72.831,49,6.12,9.104,Zone_D,100.0,main_road,3.03,light,storm,25.9,21,28,6,50,4.04,0.98,3.15,101.68,3.0937,101.6984,278.31,15.7,34.79,3.82
ROUTE_01644,SCH_003,Private School C,BUS_005,DRV_038,2024-05-02,2024,5,2,3,0,spring,5,58,0,11,110.891,50,4.55,10.081,Zone_E,100.0,local_road,4.55,free_flow,light_rain,25.6,3,64,14,50,4.69,1.0,3.2,101.65,3.1716,101.6933,423.1,15.73,38.46,3.82
ROUTE_01645,SCH_001,International School A,BUS_006,DRV_035,2024-08-08,2024,8,8,3,0,summer,7,49,1,9,130.555,50,5.56,14.506,Zone_A,100.0,residential,2.75,free_flow,cloudy,37.1,11,25,1,50,3.02,1.0,3.15,101.68,3.1798,101.6823,451.47,17.35,50.16,3.46
ROUTE_01646,SCH_003,Private School C,BUS_030,DRV_035,2024-02-10,2024,2,10,5,1,winter,5,34,0,12,181.345,50,4.17,15.112,Zone_B,100.0,main_road,4.23,light,clear,25.8,2,47,13,50,3.93,1.0,3.2,101.65,3.1822,101.6828,428.99,25.36,35.75,2.37
ROUTE_01647,SCH_003,Private School C,BUS_008,DRV_030,2024-08-31,2024,8,31,5,1,summer,6,28,1,6,90.712,37,6.17,15.119,Zone_C,100.0,residential,4.11,congested,clear,38.0,13,26,2,50,4.76,0.74,3.2,101.65,3.197,101.7461,757.71,7.18,126.28,8.35
ROUTE_01648,SCH_003,Private School C,BUS_017,DRV_047,2024-03-16,2024,3,16,5,1,spring,7,2,1,8,79.378,50,6.25,9.922,Zone_D,100.0,main_road,3.08,light,cloudy,31.8,13,51,1,50,3.84,1.0,3.2,101.65,3.1056,101.7196,183.21,26.0,22.9,2.31
ROUTE_01649,SCH_002,National School B,BUS_027,DRV_009,2024-01-05,2024,1,5,4,0,winter,6,23,1,8,102.562,50,6.25,12.82,Zone_E,100.0,local_road,3.75,moderate,cloudy,26.3,24,33,14,50,3.11,1.0,3.12,101.7,3.1897,101.6958,542.67,11.34,67.83,5.29
ROUTE_01650,SCH_003,Private School C,BUS_001,DRV_012,2024-09-26,2024,9,26,3,0,monsoon,5,38,0,7,111.485,42,6.0,15.926,Zone_A,100.0,main_road,3.93,moderate,clear,25.2,15,29,1,50,4.79,0.84,3.2,101.65,3.1462,101.7005,261.53,25.58,37.36,2.35
ROUTE_01651,SCH_001,International School A,BUS_018,DRV_048,2024-09-18,2024,9,18,2,0,monsoon,6,8,1,17,234.756,50,2.94,13.809,Zone_B,100.0,main_road,2.74,heavy,light_rain,24.0,21,51,0,50,4.12,1.0,3.15,101.68,3.1729,101.7044,1211.45,11.63,71.26,5.16
ROUTE_01652,SCH_002,National School B,BUS_027,DRV_047,2024-12-29,2024,12,29,6,1,winter,6,9,1,7,90.516,50,7.14,12.931,Zone_C,100.0,residential,3.93,heavy,clear,25.8,3,53,12,50,4.57,1.0,3.12,101.7,3.1795,101.6741,860.16,6.31,122.88,9.5
ROUTE_01653,SCH_002,National School B,BUS_004,DRV_004,2024-10-14,2024,10,14,0,0,monsoon,7,39,1,17,203.032,50,2.94,11.943,Zone_D,100.0,main_road,2.8,free_flow,clear,26.8,13,64,9,50,2.46,1.0,3.12,101.7,3.1592,101.7214,545.66,22.33,32.1,2.69
ROUTE_01654,SCH_003,Private School C,BUS_010,DRV_039,2024-12-10,2024,12,10,1,0,winter,5,34,0,10,123.775,50,5.0,12.378,Zone_E,100.0,local_road,3.61,moderate,cloudy,22.3,2,56,12,50,4.97,1.0,3.2,101.65,3.1669,101.7051,643.95,11.53,64.4,5.2
ROUTE_01655,SCH_002,National School B,BUS_029,DRV_049,2024-10-17,2024,10,17,3,0,monsoon,6,10,1,10,165.166,50,5.0,16.517,Zone_A,100.0,local_road,3.0,moderate,heavy_rain,29.0,4,41,10,50,2.84,1.0,3.12,101.7,3.1163,101.7103,1366.34,7.25,136.63,8.27
ROUTE_01656,SCH_003,Private School C,BUS_003,DRV_012,2024-02-01,2024,2,1,3,0,winter,6,5,1,11,173.128,50,4.55,15.739,Zone_B,100.0,local_road,4.19,congested,cloudy,23.8,19,41,8,50,4.24,1.0,3.2,101.65,3.1845,101.7063,1470.95,7.06,133.72,8.5
ROUTE_01657,SCH_001,International School A,BUS_016,DRV_043,2024-11-14,2024,11,14,3,0,monsoon,7,47,1,14,189.554,50,3.57,13.54,Zone_C,100.0,main_road,3.57,free_flow,light_rain,24.9,16,27,10,50,2.45,1.0,3.15,101.68,3.1822,101.7197,586.56,19.39,41.9,3.09
ROUTE_01658,SCH_002,National School B,BUS_008,DRV_021,2024-10-10,2024,10,10,3,0,monsoon,7,54,1,7,111.105,39,5.57,15.872,Zone_D,100.0,highway,3.14,heavy,light_rain,29.4,15,44,0,50,2.01,0.78,3.12,101.7,3.1537,101.7077,395.37,16.86,56.48,3.56
ROUTE_01659,SCH_003,Private School C,BUS_020,DRV_021,2024-09-25,2024,9,25,2,0,monsoon,6,14,1,13,200.422,50,3.85,15.417,Zone_E,100.0,local_road,3.55,heavy,cloudy,24.6,13,58,10,50,2.28,1.0,3.2,101.65,3.1545,101.7091,1533.29,7.84,117.95,7.65
ROUTE_01660,SCH_002,National School B,BUS_023,DRV_013,2024-08-02,2024,8,2,4,0,summer,6,20,1,15,186.238,50,3.33,12.416,Zone_A,100.0,residential,2.82,light,cloudy,36.9,9,56,9,50,3.37,1.0,3.12,101.7,3.2029,101.7,894.53,12.49,59.64,4.8
ROUTE_01661,SCH_002,National School B,BUS_019,DRV_028,2024-05-05,2024,5,5,6,1,spring,5,20,0,8,110.689,41,5.12,13.836,Zone_B,100.0,main_road,3.27,free_flow,clear,25.0,14,32,6,50,2.55,0.82,3.12,101.7,3.1576,101.7035,175.41,37.86,21.93,1.58
ROUTE_01662,SCH_001,International School A,BUS_023,DRV_013,2024-02-01,2024,2,1,3,0,winter,6,3,1,10,158.329,50,5.0,15.833,Zone_C,100.0,main_road,2.62,moderate,clear,26.6,18,40,6,50,2.92,1.0,3.15,101.68,3.2025,101.709,570.88,16.64,57.09,3.61
ROUTE_01663,SCH_003,Private School C,BUS_019,DRV_007,2024-02-09,2024,2,9,4,0,winter,7,13,1,10,94.922,50,5.0,9.492,Zone_D,100.0,main_road,2.63,heavy,cloudy,28.1,23,25,3,50,4.51,1.0,3.2,101.65,3.1829,101.7093,458.86,12.41,45.89,4.83
ROUTE_01664,SCH_003,Private School C,BUS_007,DRV_025,2024-01-10,2024,1,10,2,0,winter,6,13,1,8,85.891,50,6.25,10.736,Zone_E,100.0,local_road,3.98,heavy,cloudy,22.9,5,25,8,50,2.37,1.0,3.2,101.65,3.1813,101.7009,693.33,7.43,86.67,8.07
ROUTE_01665,SCH_001,International School A,BUS_020,DRV_013,2024-05-18,2024,5,18,5,1,spring,7,16,1,12,173.943,50,4.17,14.495,Zone_A,100.0,local_road,4.27,moderate,clear,25.3,12,57,1,50,2.46,1.0,3.15,101.68,3.187,101.707,664.01,15.72,55.33,3.82
ROUTE_01666,SCH_001,International School A,BUS_010,DRV_047,2024-11-02,2024,11,2,5,1,monsoon,5,47,0,10,126.673,50,5.0,12.667,Zone_B,100.0,local_road,4.08,light,clear,29.6,4,50,13,50,3.24,1.0,3.15,101.68,3.1968,101.6708,455.57,16.68,45.56,3.6
ROUTE_01667,SCH_003,Private School C,BUS_014,DRV_048,2024-10-16,2024,10,16,2,0,monsoon,5,59,0,15,213.279,50,3.33,14.219,Zone_C,100.0,highway,4.3,moderate,heavy_rain,30.3,2,46,6,50,4.33,1.0,3.2,101.65,3.1848,101.7145,712.17,17.97,47.48,3.34
ROUTE_01668,SCH_002,National School B,BUS_005,DRV_040,2024-12-28,2024,12,28,5,1,winter,5,23,0,12,162.138,50,4.17,13.512,Zone_D,100.0,local_road,2.8,moderate,cloudy,27.5,22,39,1,50,4.73,1.0,3.12,101.7,3.1884,101.6914,607.08,16.02,50.59,3.74
ROUTE_01669,SCH_001,International School A,BUS_002,DRV_047,2024-09-23,2024,9,23,0,0,monsoon,5,17,0,19,240.053,50,2.63,12.634,Zone_E,100.0,residential,4.66,light,cloudy,32.5,17,39,12,50,4.65,1.0,3.15,101.68,3.1621,101.6901,937.38,15.37,49.34,3.9
ROUTE_01670,SCH_001,International School A,BUS_026,DRV_035,2024-02-13,2024,2,13,1,0,winter,6,34,1,13,191.841,50,3.85,14.757,Zone_A,100.0,local_road,3.84,heavy,clear,23.0,19,48,11,50,4.48,1.0,3.15,101.68,3.1743,101.7217,1243.97,9.25,95.69,6.48
ROUTE_01671,SCH_002,National School B,BUS_007,DRV_007,2024-08-03,2024,8,3,5,1,summer,7,21,1,8,123.875,50,6.25,15.484,Zone_B,100.0,local_road,4.58,moderate,clear,37.1,7,27,6,50,4.52,1.0,3.12,101.7,3.209,101.6636,489.05,15.2,61.13,3.95
ROUTE_01672,SCH_003,Private School C,BUS_020,DRV_009,2024-08-09,2024,8,9,4,0,summer,6,8,1,15,185.272,50,3.33,12.351,Zone_C,100.0,residential,4.5,moderate,cloudy,29.0,17,34,11,50,2.19,1.0,3.2,101.65,3.2131,101.6985,1166.13,9.53,77.74,6.29
ROUTE_01673,SCH_002,National School B,BUS_025,DRV_033,2024-01-28,2024,1,28,6,1,winter,6,21,1,18,230.404,50,2.78,12.8,Zone_D,100.0,residential,4.08,heavy,clear,23.1,1,38,10,50,4.62,1.0,3.12,101.7,3.1892,101.6973,2004.42,6.9,111.36,8.7
ROUTE_01674,SCH_001,International School A,BUS_027,DRV_035,2024-11-11,2024,11,11,0,0,monsoon,5,17,0,5,66.658,31,6.2,13.332,Zone_E,100.0,main_road,3.85,light,cloudy,24.4,22,41,5,50,4.02,0.62,3.15,101.68,3.1731,101.6915,141.71,28.22,28.34,2.13
ROUTE_01675,SCH_002,National School B,BUS_022,DRV_002,2024-05-30,2024,5,30,3,0,spring,6,23,1,11,102.49,50,4.55,9.317,Zone_A,100.0,local_road,4.59,heavy,clear,26.4,14,60,14,50,2.96,1.0,3.12,101.7,3.1598,101.6918,667.96,9.21,60.72,6.52
ROUTE_01676,SCH_003,Private School C,BUS_030,DRV_023,2024-06-20,2024,6,20,3,0,summer,7,50,1,5,52.427,37,7.4,10.485,Zone_B,100.0,main_road,2.75,light,clear,34.3,18,61,9,50,2.45,0.74,3.2,101.65,3.2048,101.6702,140.04,22.46,28.01,2.67
ROUTE_01677,SCH_001,International School A,BUS_001,DRV_015,2024-03-02,2024,3,2,5,1,spring,5,56,0,9,149.838,50,5.56,16.649,Zone_C,100.0,highway,3.17,light,cloudy,29.6,14,63,0,50,3.47,1.0,3.15,101.68,3.2026,101.7111,215.99,41.62,24.0,1.44
ROUTE_01678,SCH_002,National School B,BUS_007,DRV_027,2024-11-09,2024,11,9,5,1,monsoon,5,21,0,9,128.148,50,5.56,14.239,Zone_D,100.0,local_road,3.67,free_flow,light_rain,28.4,6,48,5,50,3.07,1.0,3.12,101.7,3.163,101.6886,435.27,17.66,48.36,3.4
ROUTE_01679,SCH_003,Private School C,BUS_007,DRV_008,2024-02-18,2024,2,18,6,1,winter,6,36,1,15,203.42,50,3.33,13.561,Zone_E,100.0,main_road,3.14,heavy,cloudy,29.9,12,34,5,50,2.77,1.0,3.2,101.65,3.1425,101.7011,852.19,14.32,56.81,4.19
ROUTE_01680,SCH_003,Private School C,BUS_024,DRV_004,2024-03-20,2024,3,20,2,0,spring,6,4,1,18,201.313,50,2.78,11.184,Zone_A,100.0,highway,3.92,free_flow,clear,28.2,23,44,5,50,3.76,1.0,3.2,101.65,3.1823,101.7236,255.75,47.23,14.21,1.27
ROUTE_01681,SCH_003,Private School C,BUS_027,DRV_002,2024-08-15,2024,8,15,3,0,summer,7,6,1,17,197.118,50,2.94,11.595,Zone_B,100.0,main_road,4.57,heavy,clear,32.7,5,28,9,50,3.71,1.0,3.2,101.65,3.1392,101.7076,928.16,12.74,54.6,4.71
ROUTE_01682,SCH_003,Private School C,BUS_016,DRV_022,2024-12-07,2024,12,7,5,1,winter,6,3,1,18,194.864,50,2.78,10.826,Zone_C,100.0,main_road,2.65,moderate,clear,28.7,13,46,3,50,2.37,1.0,3.2,101.65,3.1561,101.7165,649.52,18.0,36.08,3.33
ROUTE_01683,SCH_003,Private School C,BUS_003,DRV_027,2024-01-22,2024,1,22,0,0,winter,5,54,0,6,73.628,43,7.17,12.271,Zone_D,100.0,local_road,3.34,free_flow,cloudy,29.1,10,58,5,50,4.15,0.86,3.2,101.65,3.1664,101.7062,247.57,17.84,41.26,3.36
ROUTE_01684,SCH_003,Private School C,BUS_028,DRV_041,2024-10-28,2024,10,28,0,0,monsoon,6,49,1,17,229.698,50,2.94,13.512,Zone_E,100.0,highway,3.45,heavy,heavy_rain,24.1,9,32,2,50,4.04,1.0,3.2,101.65,3.1843,101.6895,984.35,14.0,57.9,4.29
ROUTE_01685,SCH_001,International School A,BUS_006,DRV_006,2024-06-30,2024,6,30,6,1,summer,7,14,1,19,268.055,50,2.63,14.108,Zone_A,100.0,main_road,4.22,light,light_rain,28.7,8,62,6,50,3.64,1.0,3.15,101.68,3.1696,101.7023,712.13,22.58,37.48,2.66
ROUTE_01686,SCH_003,Private School C,BUS_001,DRV_038,2024-03-03,2024,3,3,6,1,spring,6,6,1,15,211.642,50,3.33,14.109,Zone_B,100.0,residential,3.08,light,clear,25.5,15,44,2,50,2.52,1.0,3.2,101.65,3.1925,101.69,783.95,16.2,52.26,3.7
ROUTE_01687,SCH_003,Private School C,BUS_006,DRV_013,2024-06-22,2024,6,22,5,1,summer,6,19,1,6,73.633,38,6.33,12.272,Zone_C,100.0,highway,2.51,moderate,light_rain,30.3,1,29,0,50,3.22,0.76,3.2,101.65,3.2009,101.6647,191.61,23.06,31.94,2.6
ROUTE_01688,SCH_003,Private School C,BUS_020,DRV_027,2024-09-03,2024,9,3,1,0,monsoon,7,27,1,16,243.545,50,3.12,15.222,Zone_D,100.0,residential,4.05,moderate,light_rain,28.0,24,62,11,50,4.44,1.0,3.2,101.65,3.1762,101.7062,1895.01,7.71,118.44,7.78
ROUTE_01689,SCH_002,National School B,BUS_015,DRV_022,2024-09-28,2024,9,28,5,1,monsoon,6,37,1,11,154.417,50,4.55,14.038,Zone_E,100.0,residential,3.88,heavy,clear,32.0,6,55,0,50,4.55,1.0,3.12,101.7,3.1668,101.6746,1061.57,8.73,96.51,6.87
ROUTE_01690,SCH_001,International School A,BUS_006,DRV_024,2024-12-29,2024,12,29,6,1,winter,5,31,0,13,147.021,50,3.85,11.309,Zone_A,100.0,main_road,4.37,light,clear,22.1,15,56,10,50,4.43,1.0,3.15,101.68,3.1538,101.6938,292.77,30.13,22.52,1.99
ROUTE_01691,SCH_001,International School A,BUS_008,DRV_028,2024-03-01,2024,3,1,4,0,spring,6,29,1,14,194.504,50,3.57,13.893,Zone_B,100.0,main_road,2.56,light,light_rain,31.8,16,51,3,50,4.38,1.0,3.15,101.68,3.1281,101.7142,548.06,21.29,39.15,2.82
ROUTE_01692,SCH_002,National School B,BUS_011,DRV_028,2024-08-28,2024,8,28,2,0,summer,6,54,1,11,144.374,50,4.55,13.125,Zone_C,100.0,main_road,4.28,congested,clear,31.3,7,50,5,50,3.04,1.0,3.12,101.7,3.1887,101.7143,847.55,10.22,77.05,5.87
ROUTE_01693,SCH_003,Private School C,BUS_028,DRV_019,2024-02-27,2024,2,27,1,0,winter,7,10,1,19,230.695,50,2.63,12.142,Zone_D,100.0,local_road,3.91,moderate,light_rain,25.7,5,38,3,50,2.61,1.0,3.2,101.65,3.1861,101.6677,1582.81,8.74,83.31,6.86
ROUTE_01694,SCH_002,National School B,BUS_007,DRV_005,2024-11-14,2024,11,14,3,0,monsoon,6,30,1,15,150.211,50,3.33,10.014,Zone_E,100.0,main_road,4.29,moderate,cloudy,24.6,20,56,3,50,3.14,1.0,3.12,101.7,3.1444,101.7089,518.22,17.39,34.55,3.45
ROUTE_01695,SCH_002,National School B,BUS_013,DRV_036,2024-01-18,2024,1,18,3,0,winter,6,21,1,19,198.366,50,2.63,10.44,Zone_A,100.0,residential,4.5,free_flow,clear,28.0,8,28,5,50,3.53,1.0,3.12,101.7,3.1968,101.7077,757.99,15.7,39.89,3.82
ROUTE_01696,SCH_002,National School B,BUS_023,DRV_042,2024-12-04,2024,12,4,2,0,winter,5,12,0,13,169.198,50,3.85,13.015,Zone_B,100.0,local_road,2.99,moderate,clear,29.5,4,48,7,50,3.37,1.0,3.12,101.7,3.1745,101.7366,815.96,12.44,62.77,4.82
ROUTE_01697,SCH_001,International School A,BUS_002,DRV_006,2024-04-20,2024,4,20,5,1,spring,7,12,1,11,143.342,50,4.55,13.031,Zone_C,100.0,highway,4.81,free_flow,fog,28.7,10,30,8,50,2.04,1.0,3.15,101.68,3.1794,101.7121,274.8,31.3,24.98,1.92
ROUTE_01698,SCH_001,International School A,BUS_024,DRV_050,2024-11-27,2024,11,27,2,0,monsoon,6,4,1,12,159.668,50,4.17,13.306,Zone_D,100.0,local_road,3.38,moderate,storm,30.6,2,58,3,50,2.56,1.0,3.15,101.68,3.1873,101.697,1774.52,5.4,147.88,11.11
ROUTE_01699,SCH_001,International School A,BUS_009,DRV_026,2024-10-16,2024,10,16,2,0,monsoon,7,4,1,6,79.211,40,6.67,13.202,Zone_E,100.0,highway,4.16,heavy,clear,32.1,8,55,1,50,4.78,0.8,3.15,101.68,3.1382,101.6778,224.88,21.13,37.48,2.84
ROUTE_01700,SCH_003,Private School C,BUS_009,DRV_037,2024-12-09,2024,12,9,0,0,winter,6,38,1,15,188.856,50,3.33,12.59,Zone_A,100.0,main_road,3.73,moderate,cloudy,26.1,5,48,12,50,3.57,1.0,3.2,101.65,3.1686,101.7185,752.73,15.05,50.18,3.99
ROUTE_01701,SCH_003,Private School C,BUS_021,DRV_050,2024-01-08,2024,1,8,0,0,winter,6,1,1,7,83.005,49,7.0,11.858,Zone_B,100.0,main_road,3.19,heavy,clear,27.0,24,35,2,50,3.72,0.98,3.2,101.65,3.1244,101.7223,360.11,13.83,51.44,4.34
ROUTE_01702,SCH_002,National School B,BUS_001,DRV_039,2024-08-28,2024,8,28,2,0,summer,6,23,1,14,169.725,50,3.57,12.123,Zone_C,100.0,main_road,3.66,free_flow,clear,36.4,21,31,12,50,2.7,1.0,3.12,101.7,3.1729,101.6987,415.22,24.53,29.66,2.45
ROUTE_01703,SCH_001,International School A,BUS_002,DRV_033,2024-04-03,2024,4,3,2,0,spring,6,15,1,9,135.829,50,5.56,15.092,Zone_D,100.0,highway,4.45,heavy,clear,28.6,17,60,0,50,4.74,1.0,3.15,101.68,3.1794,101.7192,364.49,22.36,40.5,2.68
ROUTE_01704,SCH_001,International School A,BUS_019,DRV_037,2024-04-19,2024,4,19,4,0,spring,5,58,0,18,258.544,50,2.78,14.364,Zone_E,100.0,main_road,2.82,light,cloudy,28.1,12,39,10,50,2.71,1.0,3.15,101.68,3.1436,101.7101,547.45,28.34,30.41,2.12
ROUTE_01705,SCH_003,Private School C,BUS_024,DRV_008,2024-07-08,2024,7,8,0,0,summer,7,40,1,17,190.486,50,2.94,11.205,Zone_A,100.0,main_road,4.92,moderate,cloudy,33.0,14,48,9,50,2.14,1.0,3.2,101.65,3.1606,101.6823,584.31,19.56,34.37,3.07
ROUTE_01706,SCH_003,Private School C,BUS_015,DRV_022,2024-04-23,2024,4,23,1,0,spring,5,21,0,17,234.255,50,2.94,13.78,Zone_B,100.0,highway,2.6,moderate,clear,29.7,19,59,6,50,2.1,1.0,3.2,101.65,3.1639,101.7066,418.93,33.55,24.64,1.79
ROUTE_01707,SCH_001,International School A,BUS_025,DRV_023,2024-09-04,2024,9,4,2,0,monsoon,5,54,0,11,109.181,50,4.55,9.926,Zone_C,100.0,main_road,2.97,light,clear,31.5,13,38,3,50,2.01,1.0,3.15,101.68,3.2031,101.7049,263.14,24.89,23.92,2.41
ROUTE_01708,SCH_001,International School A,BUS_004,DRV_038,2024-07-22,2024,7,22,0,0,summer,5,0,0,11,134.578,50,4.55,12.234,Zone_D,100.0,local_road,3.25,free_flow,clear,37.7,3,28,7,50,4.12,1.0,3.15,101.68,3.1637,101.7138,406.22,19.88,36.93,3.02
ROUTE_01709,SCH_003,Private School C,BUS_015,DRV_037,2024-08-12,2024,8,12,0,0,summer,6,26,1,10,108.234,50,5.0,10.823,Zone_E,100.0,main_road,4.39,moderate,clear,33.1,18,54,13,50,4.27,1.0,3.2,101.65,3.2204,101.7208,330.73,19.64,33.07,3.06
ROUTE_01710,SCH_003,Private School C,BUS_001,DRV_032,2024-06-13,2024,6,13,3,0,summer,6,28,1,17,203.879,50,2.94,11.993,Zone_A,100.0,main_road,4.4,moderate,clear,36.1,12,30,12,50,2.1,1.0,3.2,101.65,3.1603,101.7112,603.06,20.28,35.47,2.96
ROUTE_01711,SCH_001,International School A,BUS_024,DRV_050,2024-09-10,2024,9,10,1,0,monsoon,7,43,1,10,132.7,50,5.0,13.27,Zone_B,100.0,highway,3.74,light,cloudy,26.8,18,31,12,50,2.29,1.0,3.15,101.68,3.1781,101.7227,263.45,30.22,26.34,1.99
ROUTE_01712,SCH_002,National School B,BUS_019,DRV_045,2024-12-04,2024,12,4,2,0,winter,5,50,0,5,79.765,39,7.8,15.953,Zone_C,100.0,main_road,4.72,free_flow,clear,26.4,24,53,14,50,4.3,0.78,3.12,101.7,3.1296,101.7226,170.21,28.12,34.04,2.13
ROUTE_01713,SCH_002,National School B,BUS_018,DRV_013,2024-06-18,2024,6,18,1,0,summer,6,13,1,11,129.736,50,4.55,11.794,Zone_D,100.0,main_road,4.57,congested,clear,34.4,14,51,13,50,3.95,1.0,3.12,101.7,3.1543,101.6875,728.93,10.68,66.27,5.62
ROUTE_01714,SCH_002,National School B,BUS_017,DRV_022,2024-10-29,2024,10,29,1,0,monsoon,6,28,1,12,174.86,50,4.17,14.572,Zone_E,100.0,highway,2.53,heavy,cloudy,24.5,23,26,6,50,3.78,1.0,3.12,101.7,3.184,101.6955,529.81,19.8,44.15,3.03
ROUTE_01715,SCH_002,National School B,BUS_011,DRV_046,2024-06-17,2024,6,17,0,0,summer,7,39,1,8,123.267,46,5.75,15.408,Zone_A,100.0,main_road,3.59,moderate,heavy_rain,29.8,4,35,0,50,4.06,0.92,3.12,101.7,3.148,101.6614,551.19,13.42,68.9,4.47
ROUTE_01716,SCH_001,International School A,BUS_024,DRV_013,2024-07-30,2024,7,30,1,0,summer,5,24,0,18,255.772,50,2.78,14.21,Zone_B,100.0,residential,3.22,moderate,cloudy,31.7,18,28,10,50,4.25,1.0,3.15,101.68,3.1613,101.7154,1191.22,12.88,66.18,4.66
ROUTE_01717,SCH_002,National School B,BUS_029,DRV_003,2024-04-24,2024,4,24,2,0,spring,7,52,1,12,136.526,50,4.17,11.377,Zone_C,100.0,main_road,4.88,light,clear,29.4,6,25,11,50,3.74,1.0,3.12,101.7,3.1817,101.72,376.99,21.73,31.42,2.76
ROUTE_01718,SCH_002,National School B,BUS_013,DRV_003,2024-12-01,2024,12,1,6,1,winter,7,24,1,10,146.629,50,5.0,14.663,Zone_D,100.0,local_road,3.01,heavy,clear,29.6,5,30,11,50,3.46,1.0,3.12,101.7,3.23,101.693,1121.3,7.85,112.13,7.65
ROUTE_01719,SCH_003,Private School C,BUS_005,DRV_043,2024-07-01,2024,7,1,0,0,summer,7,19,1,5,59.088,34,6.8,11.818,Zone_E,100.0,highway,2.98,free_flow,cloudy,36.2,15,48,8,50,4.79,0.68,3.2,101.65,3.1667,101.7356,82.09,43.19,16.42,1.39
ROUTE_01720,SCH_002,National School B,BUS_011,DRV_023,2024-06-04,2024,6,4,1,0,summer,5,35,0,6,65.956,33,5.5,10.993,Zone_A,100.0,main_road,3.48,light,heavy_rain,34.8,20,49,4,50,2.6,0.66,3.12,101.7,3.2177,101.7201,188.66,20.98,31.44,2.86
ROUTE_01721,SCH_003,Private School C,BUS_004,DRV_039,2024-05-01,2024,5,1,2,0,spring,6,1,1,8,90.847,50,6.25,11.356,Zone_B,100.0,main_road,3.71,light,clear,24.9,3,27,4,50,4.81,1.0,3.2,101.65,3.1572,101.6997,243.81,22.36,30.48,2.68
ROUTE_01722,SCH_003,Private School C,BUS_002,DRV_008,2024-08-14,2024,8,14,2,0,summer,6,2,1,7,64.865,45,6.43,9.266,Zone_C,100.0,highway,4.67,light,clear,31.5,17,56,7,50,2.51,0.9,3.2,101.65,3.2172,101.6721,120.91,32.19,17.27,1.86
ROUTE_01723,SCH_001,International School A,BUS_017,DRV_036,2024-03-25,2024,3,25,0,0,spring,5,11,0,7,92.431,50,7.14,13.204,Zone_D,100.0,local_road,3.33,light,clear,32.3,20,44,2,50,3.5,1.0,3.15,101.68,3.1371,101.6879,268.75,20.64,38.39,2.91
ROUTE_01724,SCH_001,International School A,BUS_007,DRV_015,2024-06-02,2024,6,2,6,1,summer,6,40,1,15,205.728,50,3.33,13.715,Zone_E,100.0,main_road,3.26,congested,light_rain,29.3,20,58,9,50,2.12,1.0,3.15,101.68,3.1837,101.7048,1255.93,9.83,83.73,6.1
ROUTE_01725,SCH_001,International School A,BUS_018,DRV_035,2024-08-14,2024,8,14,2,0,summer,7,34,1,11,135.824,50,4.55,12.348,Zone_A,100.0,main_road,4.84,heavy,clear,31.8,22,37,11,50,2.36,1.0,3.15,101.68,3.1966,101.6929,541.85,15.04,49.26,3.99
ROUTE_01726,SCH_001,International School A,BUS_029,DRV_025,2024-06-16,2024,6,16,6,1,summer,6,29,1,12,170.706,50,4.17,14.226,Zone_B,100.0,highway,3.41,moderate,clear,37.2,8,37,13,50,3.77,1.0,3.15,101.68,3.1669,101.6908,338.51,30.26,28.21,1.98
ROUTE_01727,SCH_003,Private School C,BUS_002,DRV_021,2024-07-02,2024,7,2,1,0,summer,5,55,0,10,126.843,50,5.0,12.684,Zone_C,100.0,residential,3.4,light,clear,35.4,20,35,0,50,2.88,1.0,3.2,101.65,3.2051,101.7206,457.76,16.63,45.78,3.61
ROUTE_01728,SCH_001,International School A,BUS_029,DRV_002,2024-02-03,2024,2,3,5,1,winter,7,7,1,9,153.728,50,5.56,17.081,Zone_D,100.0,local_road,3.83,moderate,light_rain,23.9,7,32,5,50,4.34,1.0,3.15,101.68,3.1523,101.6985,857.63,10.75,95.29,5.58
ROUTE_01729,SCH_003,Private School C,BUS_012,DRV_012,2024-06-18,2024,6,18,1,0,summer,6,39,1,7,93.433,50,7.14,13.348,Zone_E,100.0,main_road,4.38,heavy,clear,34.5,2,29,14,50,4.2,1.0,3.2,101.65,3.1583,101.7342,443.97,12.63,63.42,4.75
ROUTE_01730,SCH_001,International School A,BUS_022,DRV_047,2024-06-08,2024,6,8,5,1,summer,7,30,1,6,87.497,50,8.33,14.583,Zone_A,100.0,highway,4.13,heavy,light_rain,30.8,12,62,8,50,2.82,1.0,3.15,101.68,3.1719,101.7246,262.86,19.97,43.81,3.0
ROUTE_01731,SCH_002,National School B,BUS_021,DRV_008,2024-12-21,2024,12,21,5,1,winter,5,31,0,5,94.016,22,4.4,18.803,Zone_B,100.0,main_road,4.59,moderate,clear,23.2,16,30,12,50,3.61,0.44,3.12,101.7,3.1843,101.7223,239.44,23.56,47.89,2.55
ROUTE_01732,SCH_002,National School B,BUS_010,DRV_037,2024-11-06,2024,11,6,2,0,monsoon,6,50,1,15,186.721,50,3.33,12.448,Zone_C,100.0,local_road,3.81,light,light_rain,26.6,15,59,10,50,4.22,1.0,3.12,101.7,3.1825,101.7134,1029.01,10.89,68.6,5.51
ROUTE_01733,SCH_003,Private School C,BUS_008,DRV_022,2024-09-06,2024,9,6,4,0,monsoon,6,59,1,11,166.868,50,4.55,15.17,Zone_D,100.0,main_road,2.95,free_flow,clear,25.6,14,45,10,50,4.55,1.0,3.2,101.65,3.1607,101.7141,413.48,24.21,37.59,2.48
ROUTE_01734,SCH_002,National School B,BUS_020,DRV_003,2024-04-26,2024,4,26,4,0,spring,7,28,1,15,208.184,50,3.33,13.879,Zone_E,100.0,residential,2.84,light,clear,29.4,13,40,6,50,2.55,1.0,3.12,101.7,3.1882,101.7019,862.81,14.48,57.52,4.14
ROUTE_01735,SCH_002,National School B,BUS_027,DRV_038,2024-08-24,2024,8,24,5,1,summer,7,20,1,12,117.669,50,4.17,9.806,Zone_A,100.0,local_road,3.61,moderate,cloudy,33.6,21,25,4,50,4.56,1.0,3.12,101.7,3.1625,101.6695,448.66,15.74,37.39,3.81
ROUTE_01736,SCH_003,Private School C,BUS_017,DRV_046,2024-12-22,2024,12,22,6,1,winter,5,18,0,11,113.712,50,4.55,10.337,Zone_B,100.0,highway,3.55,heavy,light_rain,22.5,2,62,2,50,2.2,1.0,3.2,101.65,3.1736,101.7045,374.55,18.22,34.05,3.29
ROUTE_01737,SCH_002,National School B,BUS_029,DRV_043,2024-01-12,2024,1,12,4,0,winter,7,38,1,16,285.068,50,3.12,17.817,Zone_C,100.0,highway,4.68,moderate,clear,22.4,16,59,14,50,3.0,1.0,3.12,101.7,3.1669,101.6858,739.69,23.12,46.23,2.59
ROUTE_01738,SCH_002,National School B,BUS_030,DRV_026,2024-07-21,2024,7,21,6,1,summer,6,25,1,7,73.855,41,5.86,10.551,Zone_D,100.0,local_road,4.28,moderate,clear,36.0,11,54,13,50,4.01,0.82,3.12,101.7,3.1769,101.7315,329.25,13.46,47.04,4.46
ROUTE_01739,SCH_002,National School B,BUS_014,DRV_030,2024-06-06,2024,6,6,3,0,summer,6,3,1,7,61.475,40,5.71,8.782,Zone_E,100.0,main_road,2.9,heavy,heavy_rain,29.0,12,62,6,50,3.91,0.8,3.12,101.7,3.1892,101.7445,398.28,9.26,56.9,6.48
ROUTE_01740,SCH_001,International School A,BUS_005,DRV_042,2024-09-13,2024,9,13,4,0,monsoon,6,47,1,12,120.666,50,4.17,10.056,Zone_A,100.0,local_road,4.52,moderate,light_rain,30.6,4,35,8,50,2.46,1.0,3.15,101.68,3.1971,101.6809,775.4,9.34,64.62,6.43
ROUTE_01741,SCH_003,Private School C,BUS_019,DRV_020,2024-02-10,2024,2,10,5,1,winter,6,21,1,8,94.734,50,6.25,11.842,Zone_B,100.0,main_road,4.35,heavy,clear,28.1,10,53,11,50,2.41,1.0,3.2,101.65,3.1561,101.7388,433.32,13.12,54.17,4.57
ROUTE_01742,SCH_001,International School A,BUS_024,DRV_037,2024-04-16,2024,4,16,1,0,spring,6,44,1,12,140.158,50,4.17,11.68,Zone_C,100.0,highway,3.86,congested,cloudy,32.3,22,59,3,50,3.07,1.0,3.15,101.68,3.1769,101.7345,563.54,14.92,46.96,4.02
ROUTE_01743,SCH_002,National School B,BUS_001,DRV_022,2024-07-31,2024,7,31,2,0,summer,5,28,0,13,193.804,50,3.85,14.908,Zone_D,100.0,main_road,4.46,free_flow,clear,28.6,5,46,10,50,3.86,1.0,3.12,101.7,3.1519,101.6966,408.71,28.45,31.44,2.11
ROUTE_01744,SCH_002,National School B,BUS_024,DRV_050,2024-07-26,2024,7,26,4,0,summer,5,47,0,19,225.871,50,2.63,11.888,Zone_E,100.0,highway,3.02,free_flow,cloudy,37.5,20,59,9,50,2.33,1.0,3.12,101.7,3.1898,101.6874,293.24,46.22,15.43,1.3
ROUTE_01745,SCH_001,International School A,BUS_019,DRV_020,2024-03-14,2024,3,14,3,0,spring,7,33,1,12,164.011,50,4.17,13.668,Zone_A,100.0,local_road,3.03,congested,clear,26.3,4,32,5,50,4.17,1.0,3.15,101.68,3.1715,101.6899,1327.84,7.41,110.65,8.1
ROUTE_01746,SCH_002,National School B,BUS_020,DRV_019,2024-03-13,2024,3,13,2,0,spring,7,6,1,7,81.693,50,7.14,11.67,Zone_B,100.0,main_road,4.41,moderate,clear,24.9,23,34,12,50,3.21,1.0,3.12,101.7,3.1255,101.6681,253.4,19.34,36.2,3.1
ROUTE_01747,SCH_003,Private School C,BUS_014,DRV_050,2024-09-23,2024,9,23,0,0,monsoon,7,43,1,10,128.772,50,5.0,12.877,Zone_C,100.0,residential,3.41,moderate,light_rain,27.9,21,60,14,50,3.33,1.0,3.2,101.65,3.1645,101.7193,1122.3,6.88,112.23,8.72
ROUTE_01748,SCH_003,Private School C,BUS_012,DRV_044,2024-06-01,2024,6,1,5,1,summer,7,0,1,14,157.263,50,3.57,11.233,Zone_D,100.0,main_road,4.14,congested,light_rain,37.7,1,31,9,50,2.43,1.0,3.2,101.65,3.2137,101.6921,1097.22,8.6,78.37,6.98
ROUTE_01749,SCH_003,Private School C,BUS_017,DRV_038,2024-11-26,2024,11,26,1,0,monsoon,6,10,1,7,99.883,42,6.0,14.269,Zone_E,100.0,main_road,4.91,heavy,light_rain,25.1,11,57,2,50,3.25,0.84,3.2,101.65,3.1691,101.6935,522.04,11.48,74.58,5.23
ROUTE_01750,SCH_002,National School B,BUS_010,DRV_037,2024-04-09,2024,4,9,1,0,spring,6,31,1,14,178.049,50,3.57,12.718,Zone_A,100.0,residential,4.68,congested,clear,28.1,18,55,3,50,2.75,1.0,3.12,101.7,3.1486,101.708,1479.91,7.22,105.71,8.31
ROUTE_01751,SCH_003,Private School C,BUS_016,DRV_017,2024-09-16,2024,9,16,0,0,monsoon,6,55,1,5,59.419,39,7.8,11.884,Zone_B,100.0,local_road,3.97,heavy,heavy_rain,28.2,21,59,1,50,3.7,0.78,3.2,101.65,3.1416,101.6862,593.76,6.0,118.75,9.99
ROUTE_01752,SCH_003,Private School C,BUS_015,DRV_019,2024-02-19,2024,2,19,0,0,winter,7,55,1,17,222.185,50,2.94,13.07,Zone_C,100.0,highway,3.59,heavy,clear,25.4,6,25,9,50,4.82,1.0,3.2,101.65,3.1515,101.6852,760.21,17.54,44.72,3.42
ROUTE_01753,SCH_002,National School B,BUS_013,DRV_009,2024-07-17,2024,7,17,2,0,summer,6,47,1,5,66.085,47,9.4,13.217,Zone_D,100.0,local_road,3.43,heavy,clear,31.6,23,61,6,50,4.78,0.94,3.12,101.7,3.1539,101.7051,433.32,9.15,86.66,6.56
ROUTE_01754,SCH_001,International School A,BUS_020,DRV_038,2024-05-01,2024,5,1,2,0,spring,7,29,1,9,102.241,50,5.56,11.36,Zone_E,100.0,residential,2.87,light,heavy_rain,28.0,12,41,9,50,5.0,1.0,3.15,101.68,3.1793,101.6984,626.22,9.8,69.58,6.12
ROUTE_01755,SCH_001,International School A,BUS_003,DRV_046,2024-11-16,2024,11,16,5,1,monsoon,7,0,1,14,202.884,50,3.57,14.492,Zone_A,100.0,main_road,4.7,light,light_rain,24.5,24,38,3,50,2.74,1.0,3.15,101.68,3.1693,101.6928,517.08,23.54,36.93,2.55
ROUTE_01756,SCH_002,National School B,BUS_019,DRV_018,2024-03-17,2024,3,17,6,1,spring,5,23,0,19,253.718,50,2.63,13.354,Zone_B,100.0,main_road,2.71,free_flow,cloudy,32.7,17,59,5,50,3.75,1.0,3.12,101.7,3.184,101.7119,441.88,34.45,23.26,1.74
ROUTE_01757,SCH_003,Private School C,BUS_015,DRV_007,2024-12-16,2024,12,16,0,0,winter,6,33,1,17,239.868,50,2.94,14.11,Zone_C,100.0,local_road,4.37,light,clear,26.0,4,39,0,50,2.4,1.0,3.2,101.65,3.1712,101.682,1090.5,13.2,64.15,4.55
ROUTE_01758,SCH_001,International School A,BUS_012,DRV_007,2024-01-24,2024,1,24,2,0,winter,6,25,1,5,63.575,33,6.6,12.715,Zone_D,100.0,local_road,3.7,free_flow,clear,22.3,9,32,6,50,2.99,0.66,3.15,101.68,3.1723,101.6999,231.39,16.49,46.28,3.64
ROUTE_01759,SCH_001,International School A,BUS_023,DRV_036,2024-02-08,2024,2,8,3,0,winter,6,37,1,5,61.242,36,7.2,12.248,Zone_E,100.0,highway,3.66,moderate,heavy_rain,25.2,9,59,1,50,2.23,0.72,3.15,101.68,3.1889,101.6972,210.15,17.49,42.03,3.43
ROUTE_01760,SCH_001,International School A,BUS_028,DRV_020,2024-07-05,2024,7,5,4,0,summer,6,16,1,9,110.889,50,5.56,12.321,Zone_A,100.0,local_road,4.14,light,cloudy,28.7,11,39,10,50,3.72,1.0,3.15,101.68,3.16,101.6763,389.37,17.09,43.26,3.51
ROUTE_01761,SCH_002,National School B,BUS_025,DRV_033,2024-03-09,2024,3,9,5,1,spring,6,59,1,17,199.938,50,2.94,11.761,Zone_B,100.0,main_road,3.23,heavy,clear,32.8,14,54,10,50,2.74,1.0,3.12,101.7,3.1682,101.7161,794.83,15.09,46.75,3.98
ROUTE_01762,SCH_001,International School A,BUS_021,DRV_043,2024-09-04,2024,9,4,2,0,monsoon,6,32,1,16,213.852,50,3.12,13.366,Zone_C,100.0,main_road,4.82,moderate,light_rain,29.9,17,28,13,50,3.17,1.0,3.15,101.68,3.1578,101.7158,953.61,13.46,59.6,4.46
ROUTE_01763,SCH_001,International School A,BUS_010,DRV_023,2024-11-02,2024,11,2,5,1,monsoon,6,31,1,12,135.643,50,4.17,11.304,Zone_D,100.0,residential,2.84,moderate,light_rain,27.2,19,33,10,50,4.24,1.0,3.15,101.68,3.1579,101.6954,916.07,8.88,76.34,6.75
ROUTE_01764,SCH_002,National School B,BUS_020,DRV_032,2024-06-28,2024,6,28,4,0,summer,6,17,1,10,117.449,50,5.0,11.745,Zone_E,100.0,local_road,2.94,congested,clear,37.1,8,63,5,50,3.53,1.0,3.12,101.7,3.2002,101.7182,983.69,7.16,98.37,8.38
ROUTE_01765,SCH_002,National School B,BUS_018,DRV_017,2024-10-25,2024,10,25,4,0,monsoon,7,8,1,12,155.098,50,4.17,12.925,Zone_A,100.0,highway,3.71,heavy,clear,27.7,17,28,2,50,4.01,1.0,3.12,101.7,3.1517,101.7405,408.52,22.78,34.04,2.63
ROUTE_01766,SCH_002,National School B,BUS_009,DRV_047,2024-11-26,2024,11,26,1,0,monsoon,5,55,0,6,73.921,40,6.67,12.32,Zone_B,100.0,local_road,4.37,light,cloudy,25.8,23,28,6,50,2.51,0.8,3.12,101.7,3.1747,101.6991,243.83,18.19,40.64,3.3
ROUTE_01767,SCH_001,International School A,BUS_003,DRV_011,2024-03-20,2024,3,20,2,0,spring,6,10,1,18,247.481,50,2.78,13.749,Zone_C,100.0,local_road,2.73,free_flow,light_rain,31.3,4,36,3,50,2.1,1.0,3.15,101.68,3.1801,101.7212,1145.54,12.96,63.64,4.63
ROUTE_01768,SCH_001,International School A,BUS_019,DRV_021,2024-10-15,2024,10,15,1,0,monsoon,6,13,1,19,255.098,50,2.63,13.426,Zone_D,100.0,main_road,2.76,congested,light_rain,26.3,2,33,10,50,4.28,1.0,3.15,101.68,3.1783,101.716,2139.31,7.15,112.6,8.39
ROUTE_01769,SCH_002,National School B,BUS_004,DRV_035,2024-04-11,2024,4,11,3,0,spring,6,27,1,11,150.802,50,4.55,13.709,Zone_E,100.0,highway,3.64,light,clear,30.1,16,40,5,50,2.57,1.0,3.12,101.7,3.1683,101.7046,226.68,39.92,20.61,1.5
ROUTE_01770,SCH_003,Private School C,BUS_015,DRV_010,2024-01-25,2024,1,25,3,0,winter,6,53,1,5,74.84,28,5.6,14.968,Zone_A,100.0,residential,4.25,moderate,clear,28.0,3,28,6,50,2.43,0.56,3.2,101.65,3.1653,101.7037,479.42,9.37,95.88,6.41
ROUTE_01771,SCH_002,National School B,BUS_025,DRV_002,2024-01-02,2024,1,2,1,0,winter,7,22,1,9,127.162,50,5.56,14.129,Zone_B,100.0,main_road,3.63,congested,cloudy,27.4,13,43,7,50,3.8,1.0,3.12,101.7,3.159,101.734,744.2,10.25,82.69,5.85
ROUTE_01772,SCH_001,International School A,BUS_006,DRV_031,2024-09-26,2024,9,26,3,0,monsoon,6,1,1,13,166.013,50,3.85,12.77,Zone_C,100.0,highway,3.93,heavy,light_rain,24.5,20,36,7,50,2.43,1.0,3.15,101.68,3.1791,101.7085,651.61,15.29,50.12,3.93
ROUTE_01773,SCH_001,International School A,BUS_022,DRV_034,2024-07-28,2024,7,28,6,1,summer,5,21,0,18,215.93,50,2.78,11.996,Zone_D,100.0,main_road,2.94,light,cloudy,32.2,8,44,0,50,2.11,1.0,3.15,101.68,3.1635,101.6811,431.29,30.04,23.96,2.0
ROUTE_01774,SCH_002,National School B,BUS_029,DRV_024,2024-01-31,2024,1,31,2,0,winter,7,47,1,19,229.122,50,2.63,12.059,Zone_E,100.0,local_road,3.89,moderate,cloudy,29.9,9,34,8,50,4.75,1.0,3.12,101.7,3.1949,101.6646,1176.79,11.68,61.94,5.14
ROUTE_01775,SCH_003,Private School C,BUS_014,DRV_024,2024-12-07,2024,12,7,5,1,winter,6,8,1,16,231.802,50,3.12,14.488,Zone_A,100.0,main_road,2.94,congested,heavy_rain,22.5,11,64,8,50,3.51,1.0,3.2,101.65,3.1724,101.7017,1838.15,7.57,114.88,7.93
ROUTE_01776,SCH_003,Private School C,BUS_029,DRV_048,2024-07-27,2024,7,27,5,1,summer,6,30,1,6,58.25,39,6.5,9.708,Zone_B,100.0,local_road,2.59,moderate,cloudy,37.1,23,53,14,50,2.87,0.78,3.2,101.65,3.1642,101.7242,281.84,12.4,46.97,4.84
ROUTE_01777,SCH_001,International School A,BUS_014,DRV_041,2024-05-18,2024,5,18,5,1,spring,5,3,0,14,189.572,50,3.57,13.541,Zone_C,100.0,main_road,2.6,moderate,clear,29.0,20,59,7,50,4.35,1.0,3.15,101.68,3.1827,101.7111,499.83,22.76,35.7,2.64
ROUTE_01778,SCH_003,Private School C,BUS_024,DRV_032,2024-12-03,2024,12,3,1,0,winter,6,52,1,5,64.737,40,8.0,12.947,Zone_D,100.0,main_road,2.92,congested,light_rain,26.6,10,26,3,50,4.99,0.8,3.2,101.65,3.1638,101.7024,456.89,8.5,91.38,7.06
ROUTE_01779,SCH_003,Private School C,BUS_019,DRV_031,2024-12-10,2024,12,10,1,0,winter,7,57,1,18,307.331,50,2.78,17.074,Zone_E,100.0,local_road,4.02,moderate,clear,29.2,10,28,14,50,2.72,1.0,3.2,101.65,3.1582,101.6951,1616.41,11.41,89.8,5.26
ROUTE_01780,SCH_003,Private School C,BUS_007,DRV_017,2024-01-05,2024,1,5,4,0,winter,6,3,1,7,66.97,50,7.14,9.567,Zone_A,100.0,main_road,4.3,moderate,cloudy,28.4,7,47,14,50,4.71,1.0,3.2,101.65,3.2322,101.7046,244.59,16.43,34.94,3.65
ROUTE_01781,SCH_002,National School B,BUS_010,DRV_015,2024-04-18,2024,4,18,3,0,spring,7,49,1,16,223.43,50,3.12,13.964,Zone_B,100.0,residential,3.56,free_flow,fog,28.4,7,33,12,50,4.91,1.0,3.12,101.7,3.1702,101.6911,1161.43,11.54,72.59,5.2
ROUTE_01782,SCH_001,International School A,BUS_009,DRV_046,2024-11-02,2024,11,2,5,1,monsoon,6,6,1,13,168.586,50,3.85,12.968,Zone_C,100.0,main_road,4.45,moderate,clear,25.2,4,28,0,50,4.57,1.0,3.15,101.68,3.1427,101.6954,572.89,17.66,44.07,3.4
ROUTE_01783,SCH_002,National School B,BUS_005,DRV_013,2024-03-12,2024,3,12,1,0,spring,6,52,1,16,171.481,50,3.12,10.718,Zone_D,100.0,local_road,2.83,moderate,cloudy,28.2,1,50,4,50,3.42,1.0,3.12,101.7,3.1912,101.7093,971.17,10.59,60.7,5.66
ROUTE_01784,SCH_003,Private School C,BUS_007,DRV_041,2024-12-14,2024,12,14,5,1,winter,7,27,1,10,127.241,50,5.0,12.724,Zone_E,100.0,main_road,4.42,moderate,clear,28.2,20,40,1,50,4.93,1.0,3.2,101.65,3.1795,101.7021,334.99,22.79,33.5,2.63
ROUTE_01785,SCH_001,International School A,BUS_012,DRV_045,2024-12-30,2024,12,30,0,0,winter,6,4,1,11,152.934,50,4.55,13.903,Zone_A,100.0,local_road,3.65,moderate,cloudy,24.3,21,55,12,50,4.79,1.0,3.15,101.68,3.1908,101.6725,756.36,12.13,68.76,4.95
ROUTE_01786,SCH_002,National School B,BUS_030,DRV_025,2024-04-05,2024,4,5,4,0,spring,6,10,1,7,139.584,44,6.29,19.941,Zone_B,100.0,main_road,3.22,heavy,clear,25.6,21,62,11,50,4.48,0.88,3.12,101.7,3.2071,101.6934,619.29,13.52,88.47,4.44
ROUTE_01787,SCH_001,International School A,BUS_022,DRV_033,2024-10-24,2024,10,24,3,0,monsoon,7,19,1,7,64.908,41,5.86,9.273,Zone_C,100.0,main_road,3.71,moderate,cloudy,28.4,12,29,4,50,3.92,0.82,3.15,101.68,3.2165,101.7051,237.63,16.39,33.95,3.66
ROUTE_01788,SCH_002,National School B,BUS_019,DRV_019,2024-04-20,2024,4,20,5,1,spring,6,7,1,13,155.348,50,3.85,11.95,Zone_D,100.0,local_road,2.86,moderate,clear,30.1,8,55,13,50,4.0,1.0,3.12,101.7,3.215,101.7074,745.65,12.5,57.36,4.8
ROUTE_01789,SCH_001,International School A,BUS_014,DRV_024,2024-11-15,2024,11,15,4,0,monsoon,7,49,1,16,228.088,50,3.12,14.256,Zone_E,100.0,local_road,4.29,moderate,clear,24.4,16,51,9,50,4.21,1.0,3.15,101.68,3.1711,101.7044,1085.17,12.61,67.82,4.76
ROUTE_01790,SCH_002,National School B,BUS_024,DRV_011,2024-08-15,2024,8,15,3,0,summer,6,54,1,17,196.483,50,2.94,11.558,Zone_A,100.0,residential,4.46,moderate,clear,38.0,10,40,5,50,2.59,1.0,3.12,101.7,3.1988,101.7163,1012.54,11.64,59.56,5.15
ROUTE_01791,SCH_003,Private School C,BUS_017,DRV_006,2024-11-30,2024,11,30,5,1,monsoon,7,22,1,6,72.819,37,6.17,12.137,Zone_B,100.0,local_road,4.74,moderate,clear,25.8,19,41,12,50,3.85,0.74,3.2,101.65,3.1457,101.6704,323.82,13.49,53.97,4.45
ROUTE_01792,SCH_002,National School B,BUS_010,DRV_045,2024-06-17,2024,6,17,0,0,summer,6,37,1,16,275.272,50,3.12,17.205,Zone_C,100.0,main_road,4.61,free_flow,clear,33.7,16,51,10,50,3.79,1.0,3.12,101.7,3.1756,101.7162,627.16,26.34,39.2,2.28
ROUTE_01793,SCH_003,Private School C,BUS_011,DRV_035,2024-11-01,2024,11,1,4,0,monsoon,6,14,1,11,173.76,50,4.55,15.796,Zone_D,100.0,local_road,2.89,moderate,fog,27.6,11,64,2,50,2.83,1.0,3.2,101.65,3.1797,101.724,1247.74,8.36,113.43,7.18
ROUTE_01794,SCH_002,National School B,BUS_021,DRV_018,2024-02-19,2024,2,19,0,0,winter,5,17,0,10,157.766,50,5.0,15.777,Zone_E,100.0,local_road,4.77,light,clear,25.0,18,57,6,50,4.36,1.0,3.12,101.7,3.2051,101.6924,497.36,19.03,49.74,3.15
ROUTE_01795,SCH_003,Private School C,BUS_027,DRV_033,2024-02-04,2024,2,4,6,1,winter,6,21,1,5,42.545,36,7.2,8.509,Zone_A,100.0,main_road,3.52,free_flow,cloudy,28.6,17,55,13,50,3.04,0.72,3.2,101.65,3.133,101.7159,95.92,26.61,19.18,2.25
ROUTE_01796,SCH_003,Private School C,BUS_023,DRV_009,2024-04-22,2024,4,22,0,0,spring,6,33,1,6,93.216,49,8.17,15.536,Zone_B,100.0,residential,4.03,congested,light_rain,32.9,15,49,7,50,4.78,0.98,3.2,101.65,3.1574,101.7193,986.74,5.67,164.46,10.59
ROUTE_01797,SCH_002,National School B,BUS_016,DRV_043,2024-04-19,2024,4,19,4,0,spring,7,5,1,9,80.924,50,5.56,8.992,Zone_C,100.0,highway,4.22,light,cloudy,25.7,10,57,4,50,4.07,1.0,3.12,101.7,3.1962,101.7286,160.23,30.3,17.8,1.98
ROUTE_01798,SCH_002,National School B,BUS_026,DRV_046,2024-12-11,2024,12,11,2,0,winter,7,2,1,19,226.818,50,2.63,11.938,Zone_D,100.0,local_road,4.02,moderate,light_rain,23.7,6,56,4,50,4.72,1.0,3.12,101.7,3.1974,101.6901,1463.77,9.3,77.04,6.45
ROUTE_01799,SCH_001,International School A,BUS_012,DRV_007,2024-02-04,2024,2,4,6,1,winter,7,2,1,12,148.157,50,4.17,12.346,Zone_E,100.0,main_road,3.96,moderate,fog,28.0,11,54,4,50,3.46,1.0,3.15,101.68,3.1369,101.6942,572.7,15.52,47.73,3.87
ROUTE_01800,SCH_002,National School B,BUS_024,DRV_041,2024-12-18,2024,12,18,2,0,winter,5,36,0,10,167.669,50,5.0,16.767,Zone_A,100.0,main_road,4.95,moderate,cloudy,27.5,11,43,9,50,4.11,1.0,3.12,101.7,3.1853,101.706,447.55,22.48,44.76,2.67
ROUTE_01801,SCH_001,International School A,BUS_005,DRV_014,2024-07-24,2024,7,24,2,0,summer,6,21,1,14,134.258,50,3.57,9.59,Zone_B,100.0,main_road,4.57,heavy,clear,32.6,5,45,10,50,4.31,1.0,3.15,101.68,3.1825,101.6867,643.24,12.52,45.95,4.79
ROUTE_01802,SCH_002,National School B,BUS_010,DRV_043,2024-12-15,2024,12,15,6,1,winter,6,17,1,11,146.319,50,4.55,13.302,Zone_C,100.0,residential,4.63,moderate,clear,24.9,8,61,13,50,3.03,1.0,3.12,101.7,3.1636,101.6778,981.51,8.94,89.23,6.71
ROUTE_01803,SCH_001,International School A,BUS_001,DRV_024,2024-01-23,2024,1,23,1,0,winter,6,42,1,17,248.272,50,2.94,14.604,Zone_D,100.0,main_road,4.73,moderate,cloudy,22.1,4,52,10,50,4.49,1.0,3.15,101.68,3.1807,101.6977,1034.39,14.4,60.85,4.17
ROUTE_01804,SCH_003,Private School C,BUS_027,DRV_021,2024-11-04,2024,11,4,0,0,monsoon,5,56,0,18,224.49,50,2.78,12.472,Zone_E,100.0,local_road,2.75,free_flow,clear,25.9,18,30,4,50,3.43,1.0,3.2,101.65,3.1891,101.7008,601.67,22.39,33.43,2.68
ROUTE_01805,SCH_002,National School B,BUS_007,DRV_010,2024-07-28,2024,7,28,6,1,summer,7,3,1,9,130.052,50,5.56,14.45,Zone_A,100.0,highway,4.92,heavy,clear,32.2,12,47,3,50,4.19,1.0,3.12,101.7,3.1771,101.6718,289.83,26.92,32.2,2.23
ROUTE_01806,SCH_003,Private School C,BUS_010,DRV_011,2024-12-13,2024,12,13,4,0,winter,6,14,1,15,181.662,50,3.33,12.111,Zone_B,100.0,local_road,2.7,heavy,clear,22.9,19,48,1,50,4.07,1.0,3.2,101.65,3.1436,101.6783,1168.43,9.33,77.9,6.43
ROUTE_01807,SCH_002,National School B,BUS_028,DRV_013,2024-06-12,2024,6,12,2,0,summer,6,41,1,6,59.219,41,6.83,9.87,Zone_C,100.0,highway,3.97,congested,clear,29.1,3,39,12,50,3.19,0.82,3.12,101.7,3.1535,101.6855,269.34,13.19,44.89,4.55
ROUTE_01808,SCH_001,International School A,BUS_008,DRV_041,2024-04-11,2024,4,11,3,0,spring,7,13,1,16,189.203,50,3.12,11.825,Zone_D,100.0,local_road,4.91,moderate,cloudy,24.5,16,45,7,50,3.37,1.0,3.15,101.68,3.1532,101.7096,890.26,12.75,55.64,4.71
ROUTE_01809,SCH_002,National School B,BUS_030,DRV_009,2024-04-23,2024,4,23,1,0,spring,6,33,1,17,245.788,50,2.94,14.458,Zone_E,100.0,local_road,3.92,congested,heavy_rain,25.1,8,57,6,50,2.12,1.0,3.12,101.7,3.1814,101.7326,3079.97,4.79,181.17,12.53
ROUTE_01810,SCH_001,International School A,BUS_001,DRV_018,2024-07-12,2024,7,12,4,0,summer,5,41,0,19,237.681,50,2.63,12.51,Zone_A,100.0,highway,2.54,light,clear,37.0,17,59,13,50,4.42,1.0,3.15,101.68,3.1694,101.701,331.99,42.96,17.47,1.4
ROUTE_01811,SCH_001,International School A,BUS_020,DRV_032,2024-07-03,2024,7,3,2,0,summer,5,37,0,17,249.508,50,2.94,14.677,Zone_B,100.0,residential,3.09,free_flow,clear,31.2,9,56,8,50,2.58,1.0,3.15,101.68,3.1742,101.7204,871.34,17.18,51.26,3.49
ROUTE_01812,SCH_002,National School B,BUS_026,DRV_018,2024-06-22,2024,6,22,5,1,summer,6,23,1,19,232.718,50,2.63,12.248,Zone_C,100.0,main_road,2.72,light,clear,36.5,2,45,1,50,3.19,1.0,3.12,101.7,3.1722,101.6689,609.64,22.9,32.09,2.62
ROUTE_01813,SCH_003,Private School C,BUS_014,DRV_040,2024-02-19,2024,2,19,0,0,winter,6,51,1,13,148.338,50,3.85,11.411,Zone_D,100.0,local_road,3.39,moderate,storm,29.4,2,46,4,50,4.34,1.0,3.2,101.65,3.1876,101.7009,1532.94,5.81,117.92,10.33
ROUTE_01814,SCH_002,National School B,BUS_030,DRV_030,2024-07-15,2024,7,15,0,0,summer,5,22,0,10,127.764,50,5.0,12.776,Zone_E,100.0,residential,4.24,light,fog,29.8,3,44,2,50,2.17,1.0,3.12,101.7,3.2219,101.7421,646.08,11.87,64.61,5.06
ROUTE_01815,SCH_003,Private School C,BUS_021,DRV_047,2024-10-07,2024,10,7,0,0,monsoon,6,37,1,19,228.751,50,2.63,12.04,Zone_A,100.0,highway,2.78,moderate,heavy_rain,31.7,24,46,2,50,3.31,1.0,3.2,101.65,3.1779,101.7192,690.7,19.87,36.35,3.02
ROUTE_01816,SCH_001,International School A,BUS_014,DRV_024,2024-04-22,2024,4,22,0,0,spring,5,43,0,12,190.678,50,4.17,15.89,Zone_B,100.0,main_road,3.97,free_flow,cloudy,29.1,15,33,10,50,2.24,1.0,3.15,101.68,3.1927,101.7064,350.6,32.63,29.22,1.84
ROUTE_01817,SCH_002,National School B,BUS_028,DRV_005,2024-11-11,2024,11,11,0,0,monsoon,6,50,1,7,109.512,50,7.14,15.645,Zone_C,100.0,local_road,4.84,light,cloudy,32.0,15,26,1,50,2.22,1.0,3.12,101.7,3.1813,101.6915,451.47,14.55,64.5,4.12
ROUTE_01818,SCH_002,National School B,BUS_023,DRV_001,2024-05-24,2024,5,24,4,0,spring,7,43,1,12,152.587,50,4.17,12.716,Zone_D,100.0,highway,4.33,free_flow,light_rain,27.2,21,36,10,50,2.42,1.0,3.12,101.7,3.1999,101.6919,269.41,33.98,22.45,1.77
ROUTE_01819,SCH_003,Private School C,BUS_025,DRV_044,2024-08-31,2024,8,31,5,1,summer,5,53,0,18,267.993,50,2.78,14.889,Zone_E,100.0,main_road,4.68,free_flow,clear,28.4,8,35,2,50,4.8,1.0,3.2,101.65,3.1691,101.702,387.79,41.46,21.54,1.45
ROUTE_01820,SCH_002,National School B,BUS_006,DRV_043,2024-11-28,2024,11,28,3,0,monsoon,5,47,0,8,93.047,50,6.25,11.631,Zone_A,100.0,local_road,3.28,free_flow,light_rain,28.0,24,42,10,50,4.81,1.0,3.12,101.7,3.1609,101.7115,294.61,18.95,36.83,3.17
ROUTE_01821,SCH_001,International School A,BUS_015,DRV_019,2024-11-27,2024,11,27,2,0,monsoon,6,53,1,16,224.871,50,3.12,14.054,Zone_B,100.0,local_road,4.23,moderate,cloudy,32.7,19,43,8,50,2.26,1.0,3.15,101.68,3.1629,101.6978,1154.48,11.69,72.15,5.13
ROUTE_01822,SCH_002,National School B,BUS_012,DRV_026,2024-11-15,2024,11,15,4,0,monsoon,6,14,1,19,195.373,50,2.63,10.283,Zone_C,100.0,highway,2.92,moderate,clear,26.4,14,64,9,50,2.39,1.0,3.12,101.7,3.1106,101.7044,527.14,22.24,27.74,2.7
ROUTE_01823,SCH_001,International School A,BUS_011,DRV_050,2024-02-20,2024,2,20,1,0,winter,7,48,1,14,250.964,50,3.57,17.926,Zone_D,100.0,highway,2.56,heavy,cloudy,22.9,8,38,12,50,4.11,1.0,3.15,101.68,3.177,101.707,888.8,16.94,63.49,3.54
ROUTE_01824,SCH_001,International School A,BUS_011,DRV_035,2024-06-15,2024,6,15,5,1,summer,6,30,1,8,91.168,50,6.25,11.396,Zone_E,100.0,main_road,2.75,congested,clear,34.1,12,39,10,50,2.23,1.0,3.15,101.68,3.1728,101.6995,443.87,12.32,55.48,4.87
ROUTE_01825,SCH_003,Private School C,BUS_010,DRV_024,2024-12-06,2024,12,6,4,0,winter,6,58,1,13,196.177,50,3.85,15.091,Zone_A,100.0,local_road,4.85,moderate,clear,25.5,20,56,7,50,3.47,1.0,3.2,101.65,3.1936,101.7189,933.53,12.61,71.81,4.76
ROUTE_01826,SCH_003,Private School C,BUS_011,DRV_017,2024-08-30,2024,8,30,4,0,summer,5,28,0,19,288.964,50,2.63,15.209,Zone_B,100.0,main_road,3.1,light,clear,28.3,1,29,10,50,4.97,1.0,3.2,101.65,3.1668,101.6918,653.69,26.52,34.4,2.26
ROUTE_01827,SCH_001,International School A,BUS_017,DRV_028,2024-07-23,2024,7,23,1,0,summer,7,48,1,12,201.806,50,4.17,16.817,Zone_C,100.0,main_road,4.89,light,clear,32.6,12,52,12,50,4.18,1.0,3.15,101.68,3.1767,101.6981,526.01,23.02,43.83,2.61
ROUTE_01828,SCH_003,Private School C,BUS_023,DRV_001,2024-11-15,2024,11,15,4,0,monsoon,6,59,1,13,145.753,50,3.85,11.212,Zone_D,100.0,residential,4.22,light,cloudy,31.8,11,38,3,50,2.69,1.0,3.2,101.65,3.1945,101.7372,708.6,12.34,54.51,4.86
ROUTE_01829,SCH_003,Private School C,BUS_008,DRV_015,2024-09-28,2024,9,28,5,1,monsoon,6,20,1,14,216.982,50,3.57,15.499,Zone_E,100.0,highway,3.15,heavy,light_rain,29.2,18,27,13,50,3.31,1.0,3.2,101.65,3.1705,101.6815,723.01,18.01,51.64,3.33
ROUTE_01830,SCH_001,International School A,BUS_025,DRV_032,2024-06-17,2024,6,17,0,0,summer,6,12,1,11,135.296,50,4.55,12.3,Zone_A,100.0,residential,4.03,heavy,fog,30.0,11,30,0,50,3.07,1.0,3.15,101.68,3.182,101.6951,1168.75,6.95,106.25,8.64
ROUTE_01831,SCH_002,National School B,BUS_005,DRV_003,2024-12-18,2024,12,18,2,0,winter,7,30,1,14,140.564,50,3.57,10.04,Zone_B,100.0,local_road,3.72,light,clear,25.4,13,64,3,50,2.34,1.0,3.12,101.7,3.1848,101.7239,568.88,14.83,40.63,4.05
ROUTE_01832,SCH_002,National School B,BUS_004,DRV_044,2024-12-03,2024,12,3,1,0,winter,6,51,1,18,221.346,50,2.78,12.297,Zone_C,100.0,local_road,2.66,moderate,clear,29.5,7,36,0,50,4.83,1.0,3.12,101.7,3.2005,101.7074,1154.99,11.5,64.17,5.22
ROUTE_01833,SCH_003,Private School C,BUS_005,DRV_046,2024-06-21,2024,6,21,4,0,summer,7,36,1,13,188.241,50,3.85,14.48,Zone_D,100.0,local_road,4.68,moderate,clear,32.8,6,46,11,50,3.67,1.0,3.2,101.65,3.1668,101.6814,933.78,12.1,71.83,4.96
ROUTE_01834,SCH_003,Private School C,BUS_017,DRV_019,2024-10-23,2024,10,23,2,0,monsoon,7,33,1,19,228.547,50,2.63,12.029,Zone_E,100.0,local_road,4.14,moderate,cloudy,29.9,1,55,10,50,4.87,1.0,3.2,101.65,3.1904,101.6821,1331.66,10.3,70.09,5.83
ROUTE_01835,SCH_001,International School A,BUS_002,DRV_018,2024-08-09,2024,8,9,4,0,summer,7,39,1,11,102.363,50,4.55,9.306,Zone_A,100.0,highway,2.71,congested,cloudy,28.0,21,50,0,50,3.5,1.0,3.15,101.68,3.1837,101.6885,338.55,18.14,30.78,3.31
ROUTE_01836,SCH_001,International School A,BUS_012,DRV_044,2024-02-26,2024,2,26,0,0,winter,5,12,0,11,194.391,50,4.55,17.672,Zone_B,100.0,local_road,3.54,light,cloudy,24.3,15,43,1,50,2.72,1.0,3.15,101.68,3.1776,101.6992,615.22,18.96,55.93,3.16
ROUTE_01837,SCH_001,International School A,BUS_018,DRV_011,2024-04-08,2024,4,8,0,0,spring,7,55,1,14,166.522,50,3.57,11.894,Zone_C,100.0,main_road,4.09,heavy,clear,27.0,5,61,12,50,4.4,1.0,3.15,101.68,3.1686,101.7148,944.55,10.58,67.47,5.67
ROUTE_01838,SCH_001,International School A,BUS_030,DRV_016,2024-06-26,2024,6,26,2,0,summer,6,23,1,15,151.282,50,3.33,10.085,Zone_D,100.0,highway,3.25,free_flow,clear,33.0,19,45,13,50,4.19,1.0,3.15,101.68,3.1771,101.6888,224.67,40.4,14.98,1.49
ROUTE_01839,SCH_002,National School B,BUS_008,DRV_030,2024-08-07,2024,8,7,2,0,summer,7,51,1,12,148.279,50,4.17,12.357,Zone_E,100.0,main_road,2.83,congested,clear,34.6,1,61,2,50,3.68,1.0,3.12,101.7,3.1723,101.7283,884.62,10.06,73.72,5.97
ROUTE_01840,SCH_001,International School A,BUS_020,DRV_011,2024-11-30,2024,11,30,5,1,monsoon,5,33,0,19,209.099,50,2.63,11.005,Zone_A,100.0,local_road,4.37,free_flow,heavy_rain,30.9,13,34,0,50,2.73,1.0,3.15,101.68,3.1784,101.697,699.29,17.94,36.8,3.34
ROUTE_01841,SCH_001,International School A,BUS_019,DRV_035,2024-01-11,2024,1,11,3,0,winter,7,4,1,5,32.883,28,5.6,6.577,Zone_B,80.7651340114999,main_road,4.75,free_flow,clear,27.4,23,40,14,50,2.32,0.56,3.15,101.68,3.1398,101.6818,88.27,22.35,17.65,2.68
ROUTE_01842,SCH_003,Private School C,BUS_027,DRV_020,2024-08-10,2024,8,10,5,1,summer,6,28,1,14,213.071,50,3.57,15.219,Zone_C,100.0,residential,2.74,light,clear,33.6,9,51,7,50,3.97,1.0,3.2,101.65,3.1799,101.7343,945.7,13.52,67.55,4.44
ROUTE_01843,SCH_001,International School A,BUS_010,DRV_041,2024-05-31,2024,5,31,4,0,spring,6,9,1,17,190.778,50,2.94,11.222,Zone_D,100.0,main_road,4.84,moderate,fog,32.9,1,55,5,50,4.69,1.0,3.15,101.68,3.1758,101.7211,888.93,12.88,52.29,4.66
ROUTE_01844,SCH_003,Private School C,BUS_023,DRV_046,2024-09-22,2024,9,22,6,1,monsoon,6,38,1,10,128.962,50,5.0,12.896,Zone_E,100.0,residential,3.46,congested,clear,27.4,7,55,9,50,2.18,1.0,3.2,101.65,3.1817,101.721,1275.84,6.06,127.58,9.89
ROUTE_01845,SCH_001,International School A,BUS_010,DRV_022,2024-12-16,2024,12,16,0,0,winter,6,43,1,9,85.963,50,5.56,9.551,Zone_A,100.0,main_road,3.93,light,fog,25.2,20,41,1,50,2.53,1.0,3.15,101.68,3.1745,101.6906,276.56,18.65,30.73,3.22
ROUTE_01846,SCH_001,International School A,BUS_008,DRV_037,2024-11-07,2024,11,7,3,0,monsoon,7,33,1,12,156.961,50,4.17,13.08,Zone_B,100.0,local_road,2.79,moderate,cloudy,27.3,11,58,9,50,4.38,1.0,3.15,101.68,3.187,101.7342,861.88,10.93,71.82,5.49
ROUTE_01847,SCH_003,Private School C,BUS_028,DRV_046,2024-02-28,2024,2,28,2,0,winter,6,44,1,13,189.787,50,3.85,14.599,Zone_C,100.0,local_road,3.74,light,clear,25.6,18,49,5,50,2.59,1.0,3.2,101.65,3.1768,101.6928,804.48,14.15,61.88,4.24
ROUTE_01848,SCH_002,National School B,BUS_017,DRV_044,2024-12-13,2024,12,13,4,0,winter,6,25,1,14,164.678,50,3.57,11.763,Zone_D,100.0,highway,3.03,congested,clear,27.9,19,46,12,50,2.2,1.0,3.12,101.7,3.1949,101.6671,710.07,13.92,50.72,4.31
ROUTE_01849,SCH_002,National School B,BUS_023,DRV_030,2024-06-11,2024,6,11,1,0,summer,6,2,1,6,55.893,48,8.0,9.316,Zone_E,100.0,residential,4.24,heavy,clear,29.7,22,60,12,50,2.67,0.96,3.12,101.7,3.2343,101.7214,446.15,7.52,74.36,7.98
ROUTE_01850,SCH_003,Private School C,BUS_026,DRV_050,2024-12-16,2024,12,16,0,0,winter,6,44,1,13,189.858,50,3.85,14.604,Zone_A,100.0,main_road,4.98,moderate,light_rain,23.4,13,60,5,50,3.56,1.0,3.2,101.65,3.1403,101.69,714.55,15.94,54.97,3.76
ROUTE_01851,SCH_003,Private School C,BUS_004,DRV_037,2024-07-25,2024,7,25,3,0,summer,6,37,1,10,94.445,50,5.0,9.444,Zone_B,100.0,local_road,2.72,heavy,cloudy,33.8,18,47,14,50,4.47,1.0,3.2,101.65,3.1231,101.7087,657.92,8.61,65.79,6.97
ROUTE_01852,SCH_002,National School B,BUS_005,DRV_016,2024-09-12,2024,9,12,3,0,monsoon,6,14,1,5,47.996,33,6.6,9.599,Zone_C,100.0,highway,3.32,moderate,storm,32.4,8,26,2,50,4.07,0.66,3.12,101.7,3.1527,101.6912,206.47,13.95,41.29,4.3
ROUTE_01853,SCH_003,Private School C,BUS_023,DRV_050,2024-05-20,2024,5,20,0,0,spring,5,28,0,5,58.917,36,7.2,11.783,Zone_D,100.0,main_road,3.4,moderate,clear,27.9,17,37,13,50,2.61,0.72,3.2,101.65,3.184,101.694,165.11,21.41,33.02,2.8
ROUTE_01854,SCH_003,Private School C,BUS_004,DRV_011,2024-12-24,2024,12,24,1,0,winter,5,53,0,17,193.504,50,2.94,11.383,Zone_E,100.0,highway,4.38,free_flow,clear,24.6,3,50,0,50,3.42,1.0,3.2,101.65,3.2168,101.6894,259.72,44.7,15.28,1.34
ROUTE_01855,SCH_003,Private School C,BUS_026,DRV_031,2024-12-27,2024,12,27,4,0,winter,7,46,1,16,203.022,50,3.12,12.689,Zone_A,100.0,local_road,3.32,moderate,clear,29.7,5,38,7,50,4.73,1.0,3.2,101.65,3.1755,101.6883,1051.98,11.58,65.75,5.18
ROUTE_01856,SCH_003,Private School C,BUS_013,DRV_033,2024-01-21,2024,1,21,6,1,winter,6,41,1,5,57.523,31,6.2,11.505,Zone_B,100.0,highway,3.66,moderate,clear,28.1,11,39,4,50,2.39,0.62,3.2,101.65,3.209,101.7126,107.83,32.01,21.57,1.87
ROUTE_01857,SCH_003,Private School C,BUS_010,DRV_043,2024-07-16,2024,7,16,1,0,summer,6,5,1,9,105.736,50,5.56,11.748,Zone_C,100.0,main_road,2.78,free_flow,fog,31.1,16,28,2,50,2.0,1.0,3.2,101.65,3.1573,101.6793,317.49,19.98,35.28,3.0
ROUTE_01858,SCH_002,National School B,BUS_024,DRV_008,2024-06-13,2024,6,13,3,0,summer,7,27,1,15,229.091,50,3.33,15.273,Zone_D,100.0,residential,4.34,heavy,light_rain,34.3,12,33,2,50,3.92,1.0,3.12,101.7,3.1728,101.702,1924.85,7.14,128.32,8.4
ROUTE_01859,SCH_003,Private School C,BUS_018,DRV_012,2024-03-02,2024,3,2,5,1,spring,7,46,1,16,228.372,50,3.12,14.273,Zone_E,100.0,local_road,2.71,light,light_rain,31.6,18,38,7,50,4.39,1.0,3.2,101.65,3.2042,101.6964,842.28,16.27,52.64,3.69
ROUTE_01860,SCH_002,National School B,BUS_026,DRV_019,2024-01-17,2024,1,17,2,0,winter,6,56,1,15,207.837,50,3.33,13.856,Zone_A,100.0,main_road,3.3,free_flow,cloudy,26.6,8,48,14,50,2.45,1.0,3.12,101.7,3.1672,101.7263,555.03,22.47,37.0,2.67
ROUTE_01861,SCH_001,International School A,BUS_022,DRV_006,2024-12-07,2024,12,7,5,1,winter,6,26,1,5,51.598,42,8.4,10.32,Zone_B,100.0,main_road,3.65,heavy,cloudy,23.0,15,28,7,50,2.24,0.84,3.15,101.68,3.196,101.6524,240.22,12.89,48.04,4.66
ROUTE_01862,SCH_002,National School B,BUS_020,DRV_001,2024-11-01,2024,11,1,4,0,monsoon,5,3,0,11,93.059,50,4.55,8.46,Zone_C,100.0,local_road,3.8,light,clear,25.4,1,41,12,50,3.72,1.0,3.12,101.7,3.1702,101.7225,393.86,14.18,35.81,4.23
ROUTE_01863,SCH_001,International School A,BUS_015,DRV_017,2024-09-11,2024,9,11,2,0,monsoon,6,42,1,7,116.263,50,7.14,16.609,Zone_D,100.0,local_road,4.5,moderate,light_rain,30.1,18,54,11,50,3.45,1.0,3.15,101.68,3.1771,101.6748,731.49,9.54,104.5,6.29
ROUTE_01864,SCH_002,National School B,BUS_025,DRV_021,2024-02-23,2024,2,23,4,0,winter,6,13,1,15,222.977,50,3.33,14.865,Zone_E,100.0,main_road,3.56,moderate,cloudy,24.6,12,38,6,50,2.56,1.0,3.12,101.7,3.2054,101.7096,747.69,17.89,49.85,3.35
ROUTE_01865,SCH_002,National School B,BUS_008,DRV_029,2024-01-27,2024,1,27,5,1,winter,6,9,1,12,162.638,50,4.17,13.553,Zone_A,100.0,main_road,3.23,congested,heavy_rain,27.0,1,28,7,50,4.61,1.0,3.12,101.7,3.1989,101.6828,1341.45,7.27,111.79,8.25
ROUTE_01866,SCH_003,Private School C,BUS_016,DRV_019,2024-08-09,2024,8,9,4,0,summer,6,22,1,6,72.148,28,4.67,12.025,Zone_B,100.0,residential,4.56,free_flow,clear,32.2,7,36,1,50,3.98,0.56,3.2,101.65,3.1118,101.6815,258.83,16.72,43.14,3.59
ROUTE_01867,SCH_002,National School B,BUS_007,DRV_007,2024-11-22,2024,11,22,4,0,monsoon,5,16,0,8,97.027,47,5.88,12.128,Zone_C,100.0,local_road,3.0,light,clear,25.5,12,61,10,50,2.22,0.94,3.12,101.7,3.2335,101.7081,393.81,14.78,49.23,4.06
ROUTE_01868,SCH_002,National School B,BUS_015,DRV_003,2024-01-31,2024,1,31,2,0,winter,6,32,1,9,102.867,50,5.56,11.43,Zone_D,100.0,local_road,3.01,moderate,light_rain,23.3,21,42,12,50,4.29,1.0,3.12,101.7,3.1399,101.6655,651.46,9.47,72.38,6.33
ROUTE_01869,SCH_003,Private School C,BUS_007,DRV_047,2024-10-03,2024,10,3,3,0,monsoon,6,58,1,6,101.557,44,7.33,16.926,Zone_E,100.0,local_road,4.79,heavy,clear,28.2,6,61,0,50,2.6,0.88,3.2,101.65,3.2009,101.7311,683.5,8.91,113.92,6.73
ROUTE_01870,SCH_001,International School A,BUS_028,DRV_027,2024-12-12,2024,12,12,3,0,winter,6,19,1,9,119.406,50,5.56,13.267,Zone_A,100.0,main_road,3.82,moderate,cloudy,25.7,8,60,14,50,3.02,1.0,3.15,101.68,3.1976,101.6984,463.68,15.45,51.52,3.88
ROUTE_01871,SCH_002,National School B,BUS_014,DRV_017,2024-01-21,2024,1,21,6,1,winter,7,58,1,13,182.677,50,3.85,14.052,Zone_B,100.0,main_road,2.97,moderate,clear,28.7,11,54,1,50,4.98,1.0,3.12,101.7,3.1628,101.73,511.27,21.44,39.33,2.8
ROUTE_01872,SCH_003,Private School C,BUS_020,DRV_049,2024-04-14,2024,4,14,6,1,spring,5,32,0,7,81.463,47,6.71,11.638,Zone_C,100.0,residential,4.72,free_flow,cloudy,32.7,23,45,8,50,4.63,0.94,3.2,101.65,3.1928,101.6971,246.85,19.8,35.26,3.03
ROUTE_01873,SCH_001,International School A,BUS_022,DRV_028,2024-03-23,2024,3,23,5,1,spring,6,41,1,9,151.027,50,5.56,16.781,Zone_D,100.0,local_road,3.87,heavy,clear,29.5,2,36,13,50,3.66,1.0,3.15,101.68,3.1555,101.6816,1043.55,8.68,115.95,6.91
ROUTE_01874,SCH_002,National School B,BUS_019,DRV_027,2024-03-25,2024,3,25,0,0,spring,7,25,1,13,164.272,50,3.85,12.636,Zone_E,100.0,residential,4.06,heavy,clear,31.7,8,31,6,50,3.53,1.0,3.12,101.7,3.1764,101.7141,1194.9,8.25,91.92,7.27
ROUTE_01875,SCH_002,National School B,BUS_009,DRV_041,2024-07-26,2024,7,26,4,0,summer,7,9,1,10,128.384,50,5.0,12.838,Zone_A,100.0,main_road,2.87,light,light_rain,28.7,12,26,8,50,4.92,1.0,3.12,101.7,3.1409,101.6857,340.37,22.63,34.04,2.65
ROUTE_01876,SCH_002,National School B,BUS_007,DRV_002,2024-09-19,2024,9,19,3,0,monsoon,6,16,1,18,259.56,50,2.78,14.42,Zone_B,100.0,local_road,4.62,moderate,light_rain,30.7,2,48,6,50,2.77,1.0,3.12,101.7,3.1706,101.7043,1732.04,8.99,96.22,6.67
ROUTE_01877,SCH_001,International School A,BUS_012,DRV_022,2024-07-19,2024,7,19,4,0,summer,7,57,1,5,67.65,38,7.6,13.53,Zone_C,100.0,residential,3.0,heavy,cloudy,34.9,2,54,8,50,3.15,0.76,3.15,101.68,3.1921,101.6551,681.32,5.96,136.26,10.07
ROUTE_01878,SCH_001,International School A,BUS_025,DRV_048,2024-03-02,2024,3,2,5,1,spring,5,39,0,10,96.929,50,5.0,9.693,Zone_D,100.0,local_road,3.58,free_flow,clear,30.4,13,25,8,50,3.23,1.0,3.15,101.68,3.1561,101.683,238.79,24.36,23.88,2.46
ROUTE_01879,SCH_002,National School B,BUS_003,DRV_049,2024-11-09,2024,11,9,5,1,monsoon,6,7,1,8,140.448,50,6.25,17.556,Zone_E,100.0,main_road,3.33,free_flow,light_rain,29.4,6,50,10,50,4.44,1.0,3.12,101.7,3.1894,101.6723,364.58,23.11,45.57,2.6
ROUTE_01880,SCH_002,National School B,BUS_021,DRV_025,2024-01-17,2024,1,17,2,0,winter,6,21,1,14,186.968,50,3.57,13.355,Zone_A,100.0,main_road,4.23,heavy,cloudy,27.3,7,25,13,50,3.03,1.0,3.12,101.7,3.2171,101.6881,923.4,12.15,65.96,4.94
ROUTE_01881,SCH_001,International School A,BUS_013,DRV_002,2024-02-10,2024,2,10,5,1,winter,5,5,0,17,249.52,50,2.94,14.678,Zone_B,100.0,highway,4.04,moderate,light_rain,29.6,13,58,0,50,2.03,1.0,3.15,101.68,3.1968,101.7064,490.01,30.55,28.82,1.96
ROUTE_01882,SCH_003,Private School C,BUS_015,DRV_041,2024-02-26,2024,2,26,0,0,winter,5,48,0,13,177.634,50,3.85,13.664,Zone_C,100.0,main_road,4.72,moderate,cloudy,26.8,10,43,5,50,4.45,1.0,3.2,101.65,3.1575,101.7349,548.3,19.44,42.18,3.09
ROUTE_01883,SCH_001,International School A,BUS_018,DRV_013,2024-06-25,2024,6,25,1,0,summer,5,41,0,10,167.354,50,5.0,16.735,Zone_D,100.0,main_road,3.93,heavy,light_rain,30.0,21,31,14,50,3.46,1.0,3.15,101.68,3.2067,101.6865,753.55,13.33,75.36,4.5
ROUTE_01884,SCH_003,Private School C,BUS_003,DRV_050,2024-03-30,2024,3,30,5,1,spring,6,24,1,9,120.023,50,5.56,13.336,Zone_E,100.0,highway,4.53,moderate,cloudy,28.8,9,29,11,50,3.42,1.0,3.2,101.65,3.147,101.6983,231.16,31.15,25.68,1.93
ROUTE_01885,SCH_003,Private School C,BUS_025,DRV_041,2024-02-08,2024,2,8,3,0,winter,6,54,1,14,147.428,50,3.57,10.531,Zone_A,100.0,residential,4.52,heavy,clear,28.6,6,28,10,50,3.97,1.0,3.2,101.65,3.1642,101.715,1176.81,7.52,84.06,7.98
ROUTE_01886,SCH_003,Private School C,BUS_016,DRV_018,2024-12-06,2024,12,6,4,0,winter,6,1,1,5,46.917,30,6.0,9.383,Zone_B,100.0,highway,2.64,moderate,clear,22.8,15,30,6,50,3.98,0.6,3.2,101.65,3.1623,101.7354,101.03,27.86,20.21,2.15
ROUTE_01887,SCH_002,National School B,BUS_007,DRV_030,2024-02-14,2024,2,14,2,0,winter,7,8,1,11,143.392,50,4.55,13.036,Zone_C,100.0,local_road,3.81,heavy,cloudy,28.9,9,38,12,50,2.24,1.0,3.12,101.7,3.1922,101.6909,1228.63,7.0,111.69,8.57
ROUTE_01888,SCH_002,National School B,BUS_012,DRV_001,2024-07-13,2024,7,13,5,1,summer,6,54,1,7,120.218,50,7.14,17.174,Zone_D,100.0,highway,4.95,congested,clear,36.0,5,53,5,50,4.44,1.0,3.12,101.7,3.2004,101.6825,420.36,17.16,60.05,3.5
ROUTE_01889,SCH_003,Private School C,BUS_025,DRV_046,2024-01-21,2024,1,21,6,1,winter,5,40,0,11,172.778,50,4.55,15.707,Zone_E,100.0,local_road,3.05,light,clear,29.7,24,32,10,50,4.73,1.0,3.2,101.65,3.1865,101.7002,490.89,21.12,44.63,2.84
ROUTE_01890,SCH_003,Private School C,BUS_020,DRV_014,2024-07-05,2024,7,5,4,0,summer,6,9,1,7,76.246,42,6.0,10.892,Zone_A,100.0,highway,2.56,free_flow,cloudy,38.0,17,64,11,50,4.55,0.84,3.2,101.65,3.1734,101.6744,112.62,40.62,16.09,1.48
ROUTE_01891,SCH_003,Private School C,BUS_004,DRV_034,2024-07-15,2024,7,15,0,0,summer,6,30,1,6,57.506,43,7.17,9.584,Zone_B,100.0,highway,4.89,moderate,clear,29.4,12,34,10,50,3.82,0.86,3.2,101.65,3.2122,101.7011,112.35,30.71,18.73,1.95
ROUTE_01892,SCH_001,International School A,BUS_028,DRV_033,2024-11-19,2024,11,19,1,0,monsoon,6,4,1,16,236.187,50,3.12,14.762,Zone_C,100.0,local_road,2.68,heavy,cloudy,31.5,15,47,10,50,4.71,1.0,3.15,101.68,3.1793,101.6878,1877.73,7.55,117.36,7.95
ROUTE_01893,SCH_002,National School B,BUS_016,DRV_002,2024-04-30,2024,4,30,1,0,spring,5,10,0,5,61.736,34,6.8,12.347,Zone_D,100.0,residential,3.82,free_flow,cloudy,31.8,8,32,11,50,2.48,0.68,3.12,101.7,3.1063,101.7211,225.25,16.44,45.05,3.65
ROUTE_01894,SCH_003,Private School C,BUS_022,DRV_047,2024-04-14,2024,4,14,6,1,spring,7,2,1,18,179.514,50,2.78,9.973,Zone_E,100.0,residential,4.19,moderate,clear,28.2,7,41,9,50,3.69,1.0,3.2,101.65,3.2117,101.6802,882.15,12.21,49.01,4.91
ROUTE_01895,SCH_003,Private School C,BUS_011,DRV_016,2024-06-29,2024,6,29,5,1,summer,6,17,1,10,101.15,50,5.0,10.115,Zone_A,100.0,main_road,3.76,heavy,cloudy,37.9,15,28,14,50,3.41,1.0,3.2,101.65,3.1855,101.6641,400.4,15.16,40.04,3.96
ROUTE_01896,SCH_001,International School A,BUS_029,DRV_017,2024-09-26,2024,9,26,3,0,monsoon,6,21,1,8,76.428,50,6.25,9.554,Zone_B,100.0,residential,4.53,congested,light_rain,28.4,22,49,10,50,4.3,1.0,3.15,101.68,3.2026,101.6938,931.84,4.92,116.48,12.19
ROUTE_01897,SCH_002,National School B,BUS_018,DRV_043,2024-07-26,2024,7,26,4,0,summer,5,58,0,5,85.224,37,7.4,17.045,Zone_C,100.0,residential,2.78,light,cloudy,29.7,11,36,3,50,3.31,0.74,3.12,101.7,3.1348,101.7314,345.53,14.8,69.11,4.05
ROUTE_01898,SCH_003,Private School C,BUS_022,DRV_033,2024-01-05,2024,1,5,4,0,winter,7,16,1,5,75.314,44,8.8,15.063,Zone_D,100.0,local_road,2.54,heavy,cloudy,22.2,4,37,4,50,2.97,0.88,3.2,101.65,3.1941,101.708,641.61,7.04,128.32,8.52
ROUTE_01899,SCH_002,National School B,BUS_023,DRV_025,2024-04-07,2024,4,7,6,1,spring,7,55,1,6,82.18,44,7.33,13.697,Zone_E,100.0,main_road,4.97,heavy,clear,29.9,21,56,6,50,3.37,0.88,3.12,101.7,3.1783,101.7746,308.11,16.0,51.35,3.75
ROUTE_01900,SCH_003,Private School C,BUS_011,DRV_029,2024-05-10,2024,5,10,4,0,spring,7,2,1,18,190.788,50,2.78,10.599,Zone_A,100.0,highway,4.44,free_flow,cloudy,30.7,22,27,9,50,2.48,1.0,3.2,101.65,3.1781,101.7034,265.9,43.05,14.77,1.39
ROUTE_01901,SCH_001,International School A,BUS_026,DRV_007,2024-06-28,2024,6,28,4,0,summer,6,42,1,9,108.814,50,5.56,12.09,Zone_B,100.0,local_road,4.72,moderate,light_rain,33.8,13,40,2,50,2.7,1.0,3.15,101.68,3.1742,101.6817,538.77,12.12,59.86,4.95
ROUTE_01902,SCH_001,International School A,BUS_024,DRV_043,2024-07-26,2024,7,26,4,0,summer,5,53,0,8,115.734,48,6.0,14.467,Zone_C,100.0,local_road,4.34,light,cloudy,32.6,2,41,0,50,2.45,0.96,3.15,101.68,3.1774,101.6781,418.98,16.57,52.37,3.62
ROUTE_01903,SCH_002,National School B,BUS_014,DRV_004,2024-03-28,2024,3,28,3,0,spring,5,20,0,12,145.078,50,4.17,12.09,Zone_D,100.0,main_road,3.25,light,clear,30.3,4,42,4,50,4.19,1.0,3.12,101.7,3.1361,101.7002,334.71,26.01,27.89,2.31
ROUTE_01904,SCH_001,International School A,BUS_020,DRV_005,2024-11-06,2024,11,6,2,0,monsoon,7,19,1,8,103.282,50,6.25,12.91,Zone_E,100.0,main_road,2.65,congested,cloudy,24.5,24,56,2,50,4.32,1.0,3.15,101.68,3.1722,101.7261,608.68,10.18,76.09,5.89
ROUTE_01905,SCH_002,National School B,BUS_026,DRV_044,2024-06-24,2024,6,24,0,0,summer,6,57,1,9,154.339,50,5.56,17.149,Zone_A,100.0,residential,4.6,light,clear,32.1,11,25,9,50,2.28,1.0,3.12,101.7,3.169,101.6952,616.85,15.01,68.54,4.0
ROUTE_01906,SCH_003,Private School C,BUS_030,DRV_002,2024-07-14,2024,7,14,6,1,summer,7,31,1,16,225.269,50,3.12,14.079,Zone_B,100.0,main_road,4.31,moderate,light_rain,31.3,8,25,0,50,2.22,1.0,3.2,101.65,3.1637,101.7028,718.22,18.82,44.89,3.19
ROUTE_01907,SCH_001,International School A,BUS_018,DRV_002,2024-05-20,2024,5,20,0,0,spring,6,10,1,12,173.752,50,4.17,14.479,Zone_C,100.0,highway,3.95,moderate,fog,28.1,9,60,2,50,3.83,1.0,3.15,101.68,3.2187,101.7023,525.52,19.84,43.79,3.02
ROUTE_01908,SCH_003,Private School C,BUS_016,DRV_021,2024-06-18,2024,6,18,1,0,summer,7,40,1,10,100.362,50,5.0,10.036,Zone_D,100.0,highway,3.32,light,clear,32.8,10,64,5,50,2.02,1.0,3.2,101.65,3.1953,101.7201,189.61,31.76,18.96,1.89
ROUTE_01909,SCH_003,Private School C,BUS_005,DRV_007,2024-06-23,2024,6,23,6,1,summer,6,34,1,11,137.769,50,4.55,12.524,Zone_E,100.0,main_road,4.54,moderate,cloudy,28.2,17,52,0,50,4.71,1.0,3.2,101.65,3.1532,101.6961,351.5,23.52,31.95,2.55
ROUTE_01910,SCH_001,International School A,BUS_001,DRV_047,2024-01-14,2024,1,14,6,1,winter,6,7,1,16,210.11,50,3.12,13.132,Zone_A,100.0,residential,3.32,light,clear,28.4,17,50,0,50,2.22,1.0,3.15,101.68,3.1825,101.7056,815.27,15.46,50.95,3.88
ROUTE_01911,SCH_001,International School A,BUS_016,DRV_027,2024-08-10,2024,8,10,5,1,summer,6,43,1,10,124.705,50,5.0,12.471,Zone_B,100.0,residential,4.36,moderate,cloudy,32.3,23,51,9,50,4.78,1.0,3.15,101.68,3.1911,101.7204,622.36,12.02,62.24,4.99
ROUTE_01912,SCH_001,International School A,BUS_010,DRV_050,2024-07-05,2024,7,5,4,0,summer,6,26,1,8,92.299,50,6.25,11.537,Zone_C,100.0,local_road,3.25,free_flow,clear,30.3,16,47,8,50,3.03,1.0,3.15,101.68,3.1746,101.7156,319.31,17.34,39.91,3.46
ROUTE_01913,SCH_003,Private School C,BUS_012,DRV_045,2024-08-04,2024,8,4,6,1,summer,7,38,1,10,135.34,50,5.0,13.534,Zone_D,100.0,main_road,2.91,moderate,clear,34.9,4,27,10,50,4.9,1.0,3.2,101.65,3.1875,101.6822,447.31,18.15,44.73,3.31
ROUTE_01914,SCH_002,National School B,BUS_020,DRV_045,2024-04-01,2024,4,1,0,0,spring,6,38,1,9,94.312,50,5.56,10.479,Zone_E,100.0,main_road,3.42,moderate,clear,27.0,14,25,12,50,3.74,1.0,3.12,101.7,3.2086,101.7098,286.86,19.73,31.87,3.04
ROUTE_01915,SCH_002,National School B,BUS_026,DRV_023,2024-06-23,2024,6,23,6,1,summer,6,35,1,18,271.242,50,2.78,15.069,Zone_A,100.0,main_road,3.83,moderate,clear,37.3,18,63,8,50,4.45,1.0,3.12,101.7,3.1937,101.6967,724.61,22.46,40.26,2.67
ROUTE_01916,SCH_003,Private School C,BUS_019,DRV_018,2024-05-11,2024,5,11,5,1,spring,5,25,0,8,95.983,47,5.88,11.998,Zone_B,100.0,local_road,4.9,heavy,cloudy,26.0,9,58,0,50,3.11,0.94,3.2,101.65,3.1843,101.6817,478.2,12.04,59.78,4.98
ROUTE_01917,SCH_003,Private School C,BUS_011,DRV_034,2024-04-26,2024,4,26,4,0,spring,6,7,1,14,183.274,50,3.57,13.091,Zone_C,100.0,highway,2.9,free_flow,clear,30.6,2,61,14,50,2.56,1.0,3.2,101.65,3.1604,101.6795,369.22,29.78,26.37,2.01
ROUTE_01918,SCH_003,Private School C,BUS_026,DRV_009,2024-10-13,2024,10,13,6,1,monsoon,7,45,1,8,112.711,50,6.25,14.089,Zone_D,100.0,residential,3.78,moderate,clear,28.3,10,46,9,50,3.18,1.0,3.2,101.65,3.144,101.7025,674.4,10.03,84.3,5.98
ROUTE_01919,SCH_001,International School A,BUS_021,DRV_007,2024-07-13,2024,7,13,5,1,summer,7,17,1,10,178.395,50,5.0,17.84,Zone_E,100.0,main_road,3.88,moderate,cloudy,34.5,23,29,6,50,3.93,1.0,3.15,101.68,3.1735,101.703,471.87,22.68,47.19,2.65
ROUTE_01920,SCH_002,National School B,BUS_023,DRV_016,2024-12-03,2024,12,3,1,0,winter,6,31,1,8,83.405,50,6.25,10.426,Zone_A,100.0,residential,2.98,congested,clear,23.1,15,35,3,50,3.79,1.0,3.12,101.7,3.1738,101.7159,760.67,6.58,95.08,9.12
ROUTE_01921,SCH_002,National School B,BUS_003,DRV_029,2024-05-30,2024,5,30,3,0,spring,7,42,1,10,177.608,50,5.0,17.761,Zone_B,100.0,main_road,3.59,heavy,cloudy,25.8,2,57,8,50,2.13,1.0,3.12,101.7,3.1756,101.7114,960.75,11.09,96.07,5.41
ROUTE_01922,SCH_002,National School B,BUS_001,DRV_033,2024-08-08,2024,8,8,3,0,summer,6,44,1,10,134.46,50,5.0,13.446,Zone_C,100.0,residential,2.56,moderate,clear,29.9,8,46,9,50,3.54,1.0,3.12,101.7,3.1644,101.6969,874.33,9.23,87.43,6.5
ROUTE_01923,SCH_002,National School B,BUS_006,DRV_039,2024-07-07,2024,7,7,6,1,summer,6,45,1,13,136.889,50,3.85,10.53,Zone_D,100.0,highway,3.04,moderate,clear,35.0,16,28,12,50,2.67,1.0,3.12,101.7,3.1896,101.6993,276.91,29.66,21.3,2.02
ROUTE_01924,SCH_002,National School B,BUS_019,DRV_050,2024-05-26,2024,5,26,6,1,spring,5,38,0,11,114.125,50,4.55,10.375,Zone_E,100.0,main_road,4.99,light,clear,30.0,17,43,2,50,3.9,1.0,3.12,101.7,3.1547,101.7011,185.42,36.93,16.86,1.62
ROUTE_01925,SCH_002,National School B,BUS_028,DRV_034,2024-11-08,2024,11,8,4,0,monsoon,6,49,1,7,105.754,44,6.29,15.108,Zone_A,100.0,highway,2.81,moderate,clear,26.2,24,37,7,50,2.66,0.88,3.12,101.7,3.1391,101.7226,223.93,28.34,31.99,2.12
ROUTE_01926,SCH_003,Private School C,BUS_007,DRV_006,2024-07-11,2024,7,11,3,0,summer,7,55,1,13,152.652,50,3.85,11.742,Zone_B,100.0,local_road,3.42,heavy,clear,33.9,16,53,11,50,2.07,1.0,3.2,101.65,3.1829,101.6905,1001.15,9.15,77.01,6.56
ROUTE_01927,SCH_003,Private School C,BUS_030,DRV_040,2024-01-02,2024,1,2,1,0,winter,7,52,1,8,96.439,50,6.25,12.055,Zone_C,100.0,local_road,3.12,moderate,clear,27.4,17,63,7,50,3.68,1.0,3.2,101.65,3.2139,101.6969,558.77,10.36,69.85,5.79
ROUTE_01928,SCH_001,International School A,BUS_030,DRV_005,2024-10-25,2024,10,25,4,0,monsoon,6,23,1,6,69.26,50,8.33,11.543,Zone_D,100.0,main_road,3.99,free_flow,light_rain,29.0,18,52,10,50,3.71,1.0,3.15,101.68,3.1584,101.7383,208.16,19.96,34.69,3.01
ROUTE_01929,SCH_003,Private School C,BUS_014,DRV_043,2024-04-22,2024,4,22,0,0,spring,7,29,1,8,85.809,50,6.25,10.726,Zone_E,100.0,main_road,4.95,heavy,fog,26.8,8,55,14,50,5.0,1.0,3.2,101.65,3.1952,101.6897,503.44,10.23,62.93,5.87
ROUTE_01930,SCH_003,Private School C,BUS_005,DRV_031,2024-08-10,2024,8,10,5,1,summer,5,29,0,8,115.425,50,6.25,14.428,Zone_A,100.0,main_road,3.18,free_flow,clear,37.8,18,44,10,50,3.08,1.0,3.2,101.65,3.1578,101.691,173.94,39.82,21.74,1.51
ROUTE_01931,SCH_002,National School B,BUS_012,DRV_034,2024-01-14,2024,1,14,6,1,winter,6,37,1,19,209.343,50,2.63,11.018,Zone_B,100.0,residential,4.73,moderate,light_rain,22.5,4,28,7,50,2.89,1.0,3.12,101.7,3.189,101.7083,1509.52,8.32,79.45,7.21
ROUTE_01932,SCH_001,International School A,BUS_010,DRV_014,2024-03-26,2024,3,26,1,0,spring,7,26,1,13,167.775,50,3.85,12.906,Zone_C,100.0,main_road,3.75,heavy,light_rain,25.8,11,32,11,50,3.3,1.0,3.15,101.68,3.1697,101.7232,932.82,10.79,71.76,5.56
ROUTE_01933,SCH_002,National School B,BUS_020,DRV_039,2024-01-30,2024,1,30,1,0,winter,6,14,1,5,55.029,31,6.2,11.006,Zone_D,100.0,residential,4.91,free_flow,clear,23.5,5,28,9,50,2.76,0.62,3.12,101.7,3.1917,101.7032,267.9,12.32,53.58,4.87
ROUTE_01934,SCH_001,International School A,BUS_012,DRV_018,2024-06-15,2024,6,15,5,1,summer,5,13,0,11,203.928,50,4.55,18.539,Zone_E,100.0,local_road,4.61,moderate,cloudy,36.6,1,63,14,50,2.15,1.0,3.15,101.68,3.1676,101.6938,914.31,13.38,83.12,4.48
ROUTE_01935,SCH_003,Private School C,BUS_008,DRV_015,2024-08-17,2024,8,17,5,1,summer,7,7,1,5,54.063,29,5.8,10.813,Zone_A,100.0,residential,2.93,heavy,light_rain,32.9,6,58,5,50,3.04,0.58,3.2,101.65,3.1415,101.7413,454.91,7.13,90.98,8.41
ROUTE_01936,SCH_003,Private School C,BUS_008,DRV_008,2024-01-05,2024,1,5,4,0,winter,7,48,1,15,121.207,50,3.33,8.08,Zone_B,100.0,highway,3.93,moderate,storm,27.0,17,55,0,50,4.59,1.0,3.2,101.65,3.1837,101.6684,448.29,16.22,29.89,3.7
ROUTE_01937,SCH_002,National School B,BUS_030,DRV_024,2024-06-06,2024,6,6,3,0,summer,5,2,0,13,157.168,50,3.85,12.09,Zone_C,100.0,main_road,4.55,moderate,clear,33.3,11,62,2,50,2.88,1.0,3.12,101.7,3.2026,101.6967,430.12,21.92,33.09,2.74
ROUTE_01938,SCH_002,National School B,BUS_020,DRV_019,2024-11-23,2024,11,23,5,1,monsoon,6,41,1,12,210.983,50,4.17,17.582,Zone_D,100.0,residential,4.72,moderate,cloudy,31.3,23,52,14,50,4.42,1.0,3.12,101.7,3.1775,101.6944,1259.31,10.05,104.94,5.97
ROUTE_01939,SCH_002,National School B,BUS_004,DRV_002,2024-09-16,2024,9,16,0,0,monsoon,7,50,1,9,136.818,49,5.44,15.202,Zone_E,100.0,main_road,4.97,moderate,light_rain,28.2,10,43,5,50,2.41,0.98,3.12,101.7,3.1952,101.712,531.83,15.44,59.09,3.89
ROUTE_01940,SCH_003,Private School C,BUS_004,DRV_044,2024-08-06,2024,8,6,1,0,summer,5,2,0,19,266.021,50,2.63,14.001,Zone_A,100.0,main_road,3.9,light,cloudy,29.6,11,47,5,50,2.22,1.0,3.2,101.65,3.191,101.7259,541.53,29.47,28.5,2.04
ROUTE_01941,SCH_003,Private School C,BUS_022,DRV_030,2024-04-21,2024,4,21,6,1,spring,6,32,1,19,247.746,50,2.63,13.039,Zone_B,100.0,highway,3.04,heavy,cloudy,32.9,7,45,14,50,2.44,1.0,3.2,101.65,3.1464,101.6861,732.92,20.28,38.57,2.96
ROUTE_01942,SCH_003,Private School C,BUS_009,DRV_003,2024-04-27,2024,4,27,5,1,spring,6,38,1,6,78.036,37,6.17,13.006,Zone_C,100.0,main_road,4.34,congested,cloudy,27.6,19,39,3,50,4.33,0.74,3.2,101.65,3.1599,101.7105,387.55,12.08,64.59,4.97
ROUTE_01943,SCH_001,International School A,BUS_004,DRV_038,2024-07-09,2024,7,9,1,0,summer,6,23,1,6,70.312,34,5.67,11.719,Zone_D,100.0,local_road,3.28,moderate,clear,34.4,15,26,3,50,3.49,0.68,3.15,101.68,3.1823,101.7047,314.58,13.41,52.43,4.47
ROUTE_01944,SCH_002,National School B,BUS_024,DRV_037,2024-07-20,2024,7,20,5,1,summer,6,37,1,7,105.755,45,6.43,15.108,Zone_E,100.0,main_road,2.73,light,cloudy,28.4,12,39,8,50,4.22,0.9,3.12,101.7,3.1703,101.6793,234.12,27.1,33.45,2.21
ROUTE_01945,SCH_001,International School A,BUS_016,DRV_036,2024-08-29,2024,8,29,3,0,summer,6,33,1,5,49.306,22,4.4,9.861,Zone_A,100.0,local_road,3.31,heavy,cloudy,37.0,17,45,3,50,4.91,0.44,3.15,101.68,3.1107,101.7694,287.35,10.3,57.47,5.83
ROUTE_01946,SCH_003,Private School C,BUS_021,DRV_020,2024-04-06,2024,4,6,5,1,spring,6,51,1,15,213.294,50,3.33,14.22,Zone_B,100.0,main_road,4.52,moderate,clear,25.4,2,47,4,50,2.02,1.0,3.2,101.65,3.1455,101.6951,656.65,19.49,43.78,3.08
ROUTE_01947,SCH_003,Private School C,BUS_016,DRV_034,2024-06-24,2024,6,24,0,0,summer,7,17,1,15,205.433,50,3.33,13.696,Zone_C,100.0,local_road,3.73,light,clear,28.3,9,45,3,50,3.34,1.0,3.2,101.65,3.1621,101.7095,790.96,15.58,52.73,3.85
ROUTE_01948,SCH_001,International School A,BUS_023,DRV_018,2024-11-15,2024,11,15,4,0,monsoon,6,47,1,9,116.954,50,5.56,12.995,Zone_D,100.0,local_road,4.79,congested,clear,25.7,13,61,10,50,3.38,1.0,3.15,101.68,3.1796,101.6815,1095.29,6.41,121.7,9.37
ROUTE_01949,SCH_002,National School B,BUS_013,DRV_013,2024-05-30,2024,5,30,3,0,spring,7,11,1,5,39.224,35,7.0,7.845,Zone_E,100.0,main_road,4.3,heavy,light_rain,30.4,18,61,0,50,2.81,0.7,3.12,101.7,3.107,101.7385,191.49,12.29,38.3,4.88
ROUTE_01950,SCH_002,National School B,BUS_005,DRV_031,2024-06-04,2024,6,4,1,0,summer,7,43,1,19,271.53,50,2.63,14.291,Zone_A,100.0,local_road,3.93,moderate,light_rain,30.1,12,43,8,50,2.79,1.0,3.12,101.7,3.2184,101.6846,1379.73,11.81,72.62,5.08
ROUTE_01951,SCH_003,Private School C,BUS_007,DRV_025,2024-06-25,2024,6,25,1,0,summer,6,49,1,10,142.143,50,5.0,14.214,Zone_B,100.0,main_road,4.8,light,cloudy,35.0,22,37,5,50,2.68,1.0,3.2,101.65,3.1915,101.6727,344.21,24.78,34.42,2.42
ROUTE_01952,SCH_003,Private School C,BUS_007,DRV_015,2024-08-14,2024,8,14,2,0,summer,7,23,1,7,85.619,50,7.14,12.231,Zone_C,100.0,main_road,2.81,heavy,cloudy,31.2,15,35,6,50,2.12,1.0,3.2,101.65,3.1728,101.7087,415.51,12.36,59.36,4.85
ROUTE_01953,SCH_003,Private School C,BUS_012,DRV_018,2024-12-29,2024,12,29,6,1,winter,5,30,0,12,121.514,50,4.17,10.126,Zone_D,100.0,main_road,3.63,light,light_rain,23.3,19,32,5,50,3.62,1.0,3.2,101.65,3.1686,101.6898,294.69,24.74,24.56,2.43
ROUTE_01954,SCH_002,National School B,BUS_012,DRV_028,2024-05-25,2024,5,25,5,1,spring,6,54,1,18,247.935,50,2.78,13.774,Zone_E,100.0,local_road,3.38,free_flow,fog,26.3,12,48,12,50,3.98,1.0,3.12,101.7,3.1905,101.7174,949.75,15.66,52.76,3.83
ROUTE_01955,SCH_001,International School A,BUS_021,DRV_010,2024-05-14,2024,5,14,1,0,spring,7,11,1,14,215.878,50,3.57,15.42,Zone_A,100.0,residential,3.08,light,clear,31.1,23,35,0,50,2.56,1.0,3.15,101.68,3.1788,101.6831,809.38,16.0,57.81,3.75
ROUTE_01956,SCH_003,Private School C,BUS_026,DRV_001,2024-10-29,2024,10,29,1,0,monsoon,5,19,0,16,198.839,50,3.12,12.427,Zone_B,100.0,local_road,4.64,heavy,storm,25.2,20,55,10,50,4.0,1.0,3.2,101.65,3.1476,101.6894,2017.57,5.91,126.1,10.15
ROUTE_01957,SCH_003,Private School C,BUS_006,DRV_028,2024-01-27,2024,1,27,5,1,winter,5,39,0,6,106.346,39,6.5,17.724,Zone_C,100.0,main_road,4.4,moderate,cloudy,27.2,20,56,0,50,3.71,0.78,3.2,101.65,3.172,101.72,293.72,21.72,48.95,2.76
ROUTE_01958,SCH_001,International School A,BUS_015,DRV_006,2024-01-22,2024,1,22,0,0,winter,6,41,1,6,85.648,39,6.5,14.275,Zone_D,100.0,main_road,3.43,moderate,clear,24.8,10,35,7,50,2.75,0.78,3.15,101.68,3.1706,101.7049,312.13,16.46,52.02,3.64
ROUTE_01959,SCH_002,National School B,BUS_013,DRV_036,2024-09-25,2024,9,25,2,0,monsoon,7,40,1,18,255.334,50,2.78,14.185,Zone_E,100.0,main_road,4.74,light,light_rain,25.6,23,64,10,50,4.49,1.0,3.12,101.7,3.1751,101.6981,810.15,18.91,45.01,3.17
ROUTE_01960,SCH_003,Private School C,BUS_005,DRV_010,2024-07-26,2024,7,26,4,0,summer,6,16,1,6,97.151,44,7.33,16.192,Zone_A,100.0,highway,2.83,moderate,cloudy,28.3,7,49,2,50,4.61,0.88,3.2,101.65,3.1493,101.6802,191.21,30.49,31.87,1.97
ROUTE_01961,SCH_002,National School B,BUS_001,DRV_027,2024-12-11,2024,12,11,2,0,winter,6,21,1,17,237.195,50,2.94,13.953,Zone_B,100.0,local_road,2.84,heavy,clear,29.0,12,50,13,50,4.53,1.0,3.12,101.7,3.1653,101.6879,1679.92,8.47,98.82,7.08
ROUTE_01962,SCH_003,Private School C,BUS_020,DRV_006,2024-08-03,2024,8,3,5,1,summer,5,35,0,8,105.59,50,6.25,13.199,Zone_C,100.0,residential,3.02,free_flow,clear,31.8,22,55,14,50,3.17,1.0,3.2,101.65,3.1769,101.7234,352.23,17.99,44.03,3.34
ROUTE_01963,SCH_002,National School B,BUS_009,DRV_031,2024-07-08,2024,7,8,0,0,summer,7,56,1,11,116.844,50,4.55,10.622,Zone_D,100.0,main_road,3.03,moderate,clear,34.3,4,61,0,50,2.65,1.0,3.12,101.7,3.1519,101.653,432.71,16.2,39.34,3.7
ROUTE_01964,SCH_001,International School A,BUS_019,DRV_020,2024-06-29,2024,6,29,5,1,summer,7,5,1,6,73.355,50,8.33,12.226,Zone_E,100.0,residential,2.92,heavy,clear,37.5,6,61,11,50,2.13,1.0,3.15,101.68,3.1602,101.7192,569.88,7.72,94.98,7.77
ROUTE_01965,SCH_003,Private School C,BUS_005,DRV_048,2024-07-21,2024,7,21,6,1,summer,6,57,1,7,99.269,50,7.14,14.181,Zone_A,100.0,main_road,3.36,moderate,clear,33.9,22,61,1,50,4.28,1.0,3.2,101.65,3.1877,101.7137,253.8,23.47,36.26,2.56
ROUTE_01966,SCH_003,Private School C,BUS_025,DRV_012,2024-06-10,2024,6,10,0,0,summer,6,34,1,7,106.698,50,7.14,15.243,Zone_B,100.0,main_road,4.59,congested,clear,34.5,15,59,9,50,2.08,1.0,3.2,101.65,3.213,101.7043,590.48,10.84,84.35,5.53
ROUTE_01967,SCH_003,Private School C,BUS_023,DRV_049,2024-03-13,2024,3,13,2,0,spring,7,48,1,13,183.767,50,3.85,14.136,Zone_C,100.0,local_road,2.71,light,clear,29.2,5,51,5,50,3.68,1.0,3.2,101.65,3.1264,101.6787,819.43,13.46,63.03,4.46
ROUTE_01968,SCH_003,Private School C,BUS_004,DRV_011,2024-01-22,2024,1,22,0,0,winter,7,0,1,16,230.312,50,3.12,14.395,Zone_D,100.0,main_road,4.47,moderate,clear,28.1,9,58,9,50,3.7,1.0,3.2,101.65,3.1595,101.6781,879.1,15.72,54.94,3.82
ROUTE_01969,SCH_003,Private School C,BUS_016,DRV_025,2024-09-08,2024,9,8,6,1,monsoon,6,11,1,7,100.949,46,6.57,14.421,Zone_E,100.0,local_road,3.54,heavy,clear,32.2,20,26,14,50,4.36,0.92,3.2,101.65,3.1716,101.7061,623.17,9.72,89.02,6.17
ROUTE_01970,SCH_001,International School A,BUS_020,DRV_005,2024-07-25,2024,7,25,3,0,summer,7,3,1,6,88.693,46,7.67,14.782,Zone_A,100.0,local_road,4.42,light,clear,28.4,23,57,14,50,3.27,0.92,3.15,101.68,3.2263,101.6967,342.9,15.52,57.15,3.87
ROUTE_01971,SCH_003,Private School C,BUS_006,DRV_018,2024-02-04,2024,2,4,6,1,winter,6,14,1,14,200.063,50,3.57,14.29,Zone_B,100.0,main_road,3.91,congested,heavy_rain,25.3,21,54,14,50,3.99,1.0,3.2,101.65,3.212,101.6978,1624.26,7.39,116.02,8.12
ROUTE_01972,SCH_003,Private School C,BUS_012,DRV_042,2024-11-10,2024,11,10,6,1,monsoon,6,43,1,15,211.819,50,3.33,14.121,Zone_C,100.0,local_road,3.58,congested,storm,30.6,8,29,1,50,3.28,1.0,3.2,101.65,3.1886,101.7208,3136.07,4.05,209.07,14.81
ROUTE_01973,SCH_002,National School B,BUS_001,DRV_041,2024-07-16,2024,7,16,1,0,summer,7,2,1,13,191.125,50,3.85,14.702,Zone_D,100.0,local_road,2.89,moderate,clear,34.0,23,33,13,50,4.94,1.0,3.12,101.7,3.1615,101.7157,910.86,12.59,70.07,4.77
ROUTE_01974,SCH_003,Private School C,BUS_016,DRV_041,2024-12-10,2024,12,10,1,0,winter,5,44,0,6,88.795,50,8.33,14.799,Zone_E,100.0,local_road,3.56,free_flow,clear,29.0,2,47,9,50,4.27,1.0,3.2,101.65,3.1943,101.7058,292.32,18.23,48.72,3.29
ROUTE_01975,SCH_002,National School B,BUS_002,DRV_036,2024-04-22,2024,4,22,0,0,spring,5,17,0,7,95.522,50,7.14,13.646,Zone_A,100.0,local_road,3.73,free_flow,clear,26.2,17,56,8,50,4.54,1.0,3.12,101.7,3.1796,101.6829,241.25,23.76,34.46,2.53
ROUTE_01976,SCH_001,International School A,BUS_017,DRV_037,2024-01-01,2024,1,1,0,0,winter,7,47,1,8,125.042,50,6.25,15.63,Zone_B,100.0,main_road,3.79,moderate,clear,29.6,8,40,0,50,2.74,1.0,3.15,101.68,3.1908,101.7047,401.92,18.67,50.24,3.21
ROUTE_01977,SCH_002,National School B,BUS_028,DRV_029,2024-01-15,2024,1,15,0,0,winter,6,37,1,11,124.065,50,4.55,11.279,Zone_C,100.0,highway,4.93,heavy,clear,24.5,2,31,10,50,3.69,1.0,3.12,101.7,3.1953,101.7143,467.35,15.93,42.49,3.77
ROUTE_01978,SCH_002,National School B,BUS_028,DRV_012,2024-02-24,2024,2,24,5,1,winter,5,24,0,15,189.464,50,3.33,12.631,Zone_D,100.0,local_road,3.98,free_flow,cloudy,26.7,2,59,9,50,4.91,1.0,3.12,101.7,3.1917,101.6934,639.98,17.76,42.67,3.38
ROUTE_01979,SCH_001,International School A,BUS_025,DRV_040,2024-10-16,2024,10,16,2,0,monsoon,5,31,0,17,215.704,50,2.94,12.688,Zone_E,100.0,residential,4.07,free_flow,heavy_rain,28.2,18,55,12,50,4.53,1.0,3.15,101.68,3.1476,101.6843,1081.55,11.97,63.62,5.01
ROUTE_01980,SCH_001,International School A,BUS_009,DRV_046,2024-06-11,2024,6,11,1,0,summer,6,13,1,11,119.156,50,4.55,10.832,Zone_A,100.0,local_road,4.76,congested,cloudy,35.6,21,44,6,50,2.34,1.0,3.15,101.68,3.1586,101.7093,894.45,7.99,81.31,7.51
ROUTE_01981,SCH_002,National School B,BUS_005,DRV_006,2024-02-28,2024,2,28,2,0,winter,6,2,1,12,174.705,50,4.17,14.559,Zone_B,100.0,local_road,3.18,heavy,clear,23.3,7,39,10,50,4.44,1.0,3.12,101.7,3.1717,101.6794,1237.48,8.47,103.12,7.08
ROUTE_01982,SCH_002,National School B,BUS_010,DRV_002,2024-10-21,2024,10,21,0,0,monsoon,5,26,0,17,220.634,50,2.94,12.978,Zone_C,100.0,local_road,4.72,moderate,clear,28.6,23,34,11,50,4.31,1.0,3.12,101.7,3.2206,101.6901,972.14,13.62,57.18,4.41
ROUTE_01983,SCH_001,International School A,BUS_007,DRV_013,2024-04-22,2024,4,22,0,0,spring,6,14,1,18,241.579,50,2.78,13.421,Zone_D,100.0,local_road,2.53,light,clear,28.6,6,52,4,50,3.08,1.0,3.15,101.68,3.186,101.6817,941.67,15.39,52.31,3.9
ROUTE_01984,SCH_001,International School A,BUS_027,DRV_028,2024-10-11,2024,10,11,4,0,monsoon,6,51,1,5,59.54,38,7.6,11.908,Zone_E,100.0,main_road,4.08,free_flow,storm,27.6,16,39,1,50,3.98,0.76,3.15,101.68,3.1769,101.7104,219.55,16.27,43.91,3.69
ROUTE_01985,SCH_001,International School A,BUS_001,DRV_050,2024-02-28,2024,2,28,2,0,winter,7,35,1,11,95.386,50,4.55,8.671,Zone_A,100.0,main_road,2.98,moderate,cloudy,25.1,14,31,6,50,2.36,1.0,3.15,101.68,3.1502,101.6857,330.57,17.31,30.05,3.47
ROUTE_01986,SCH_001,International School A,BUS_009,DRV_033,2024-08-03,2024,8,3,5,1,summer,6,5,1,17,216.31,50,2.94,12.724,Zone_B,100.0,local_road,3.65,heavy,clear,36.8,4,52,0,50,3.04,1.0,3.15,101.68,3.1869,101.6834,1320.44,9.83,77.67,6.1
ROUTE_01987,SCH_001,International School A,BUS_012,DRV_027,2024-08-18,2024,8,18,6,1,summer,6,58,1,13,184.352,50,3.85,14.181,Zone_C,100.0,highway,3.79,moderate,heavy_rain,31.2,23,51,11,50,4.7,1.0,3.15,101.68,3.2161,101.7028,552.2,20.03,42.48,3.0
ROUTE_01988,SCH_002,National School B,BUS_007,DRV_001,2024-12-13,2024,12,13,4,0,winter,6,6,1,11,171.46,50,4.55,15.587,Zone_D,100.0,main_road,3.0,heavy,cloudy,27.7,3,60,4,50,4.04,1.0,3.12,101.7,3.1834,101.7088,1010.64,10.18,91.88,5.89
ROUTE_01989,SCH_001,International School A,BUS_012,DRV_048,2024-04-04,2024,4,4,3,0,spring,7,12,1,6,51.593,46,7.67,8.599,Zone_E,100.0,residential,3.42,moderate,clear,27.0,6,50,7,50,2.63,0.92,3.15,101.68,3.1821,101.7172,295.71,10.47,49.28,5.73
ROUTE_01990,SCH_003,Private School C,BUS_030,DRV_032,2024-02-17,2024,2,17,5,1,winter,5,38,0,14,142.162,50,3.57,10.154,Zone_A,100.0,main_road,3.21,moderate,clear,27.4,8,53,3,50,4.76,1.0,3.2,101.65,3.1529,101.719,344.59,24.75,24.61,2.42
ROUTE_01991,SCH_003,Private School C,BUS_013,DRV_026,2024-11-24,2024,11,24,6,1,monsoon,7,54,1,10,132.382,50,5.0,13.238,Zone_B,100.0,local_road,4.59,light,heavy_rain,28.5,22,30,12,50,4.96,1.0,3.2,101.65,3.1484,101.7113,690.17,11.51,69.02,5.21
ROUTE_01992,SCH_003,Private School C,BUS_025,DRV_008,2024-06-17,2024,6,17,0,0,summer,7,53,1,11,164.692,50,4.55,14.972,Zone_C,100.0,local_road,4.74,moderate,cloudy,32.7,15,30,7,50,3.85,1.0,3.2,101.65,3.2049,101.6934,807.58,12.24,73.42,4.9
ROUTE_01993,SCH_003,Private School C,BUS_026,DRV_030,2024-12-01,2024,12,1,6,1,winter,7,14,1,10,135.376,50,5.0,13.538,Zone_D,100.0,residential,4.44,heavy,clear,25.7,19,53,3,50,4.33,1.0,3.2,101.65,3.1831,101.7111,967.63,8.39,96.76,7.15
ROUTE_01994,SCH_001,International School A,BUS_010,DRV_001,2024-11-08,2024,11,8,4,0,monsoon,6,48,1,18,224.02,50,2.78,12.446,Zone_E,100.0,main_road,4.46,moderate,cloudy,31.1,12,26,11,50,4.62,1.0,3.15,101.68,3.196,101.7184,748.35,17.96,41.57,3.34
ROUTE_01995,SCH_003,Private School C,BUS_024,DRV_047,2024-03-31,2024,3,31,6,1,spring,6,50,1,11,180.931,50,4.55,16.448,Zone_A,100.0,local_road,3.8,light,clear,28.3,21,51,1,50,2.44,1.0,3.2,101.65,3.1709,101.6843,525.01,20.68,47.73,2.9
ROUTE_01996,SCH_002,National School B,BUS_008,DRV_009,2024-01-11,2024,1,11,3,0,winter,5,48,0,18,204.896,50,2.78,11.383,Zone_B,100.0,main_road,4.33,light,clear,24.8,22,63,3,50,2.68,1.0,3.12,101.7,3.1871,101.7092,456.43,26.93,25.36,2.23
ROUTE_01997,SCH_003,Private School C,BUS_002,DRV_016,2024-03-12,2024,3,12,1,0,spring,5,5,0,5,41.844,29,5.8,8.369,Zone_C,100.0,main_road,3.01,light,light_rain,25.8,22,36,0,50,4.77,0.58,3.2,101.65,3.1795,101.7217,106.71,23.53,21.34,2.55
ROUTE_01998,SCH_001,International School A,BUS_007,DRV_004,2024-08-25,2024,8,25,6,1,summer,6,2,1,18,205.854,50,2.78,11.436,Zone_D,100.0,residential,3.23,heavy,clear,33.8,8,28,11,50,2.26,1.0,3.15,101.68,3.1851,101.7042,1597.61,7.73,88.76,7.76
ROUTE_01999,SCH_003,Private School C,BUS_014,DRV_020,2024-07-21,2024,7,21,6,1,summer,6,35,1,5,41.561,37,7.4,8.312,Zone_E,100.0,main_road,4.79,moderate,clear,29.5,9,59,12,50,2.32,0.74,3.2,101.65,3.1231,101.6592,137.02,18.2,27.4,3.3
ROUTE_02000,SCH_002,National School B,BUS_008,DRV_009,2024-10-25,2024,10,25,4,0,monsoon,5,37,0,11,163.732,50,4.55,14.885,Zone_A,100.0,main_road,4.84,free_flow,light_rain,31.0,18,56,9,50,3.22,1.0,3.12,101.7,3.1606,101.7157,383.05,25.65,34.82,2.34
